id,first_name,last_name,full_name,email,phone,dob,address,entity_id,corruption
0, David ,johnson, David  johnson,DAVID.JOHNSON.1848@MAIL.TEST,5558612231,1962-05-07,157 elm way,1848,case_noise
1,william,patel,william patel,william.patel.558@mail.test,5558649087,1967-10-14,27 maple ave,558,none
2,greta,silva,greta silva,greta.silva.2636@mail.test,5557211308,1967-10-05,55 pine ct,2636,none
3,elizabeth,van dyke,elizabeth van dyke,elizabeth.vandyke.3314@mail.test,5551696140,1965-12-24,138 pine ct,3314,near_collision
4,elizabeth,nguyen,elizabeth nguyen,elizabeth.nguyen.2348@mail.test,5557191026,1966-08-03,6 maple ave,2348,none
5,robert,nguyen,robert nguyen,robert.nguyen.1347@mail.test,5559709123,1977-01-24,187 elm way,1347,near_collision
6,elizabeth,obrien,elizabeth obrien,elizabeth.obrien.2104@mail.test,5555655029,1952-04-22,116 elm way,2104,none
7,susan,obrien,susan obrien,susan.obrien.2427@mail.test,5555741143,1976-09-16,93 pine ct,2427,none
8,james,murphy,james murphy,james.murphy.2568@mail.test,5557535171,1959-10-10,148 birch rd,2568,none
9,margaret,patel,margaret patel,margaret.patel.2044@mail.test,5559305996,1967-05-17,51 cedar ln,2044,none
10,sofia,obrien,sofia obrien,sofia.obrien.3201@mail.test,5555958970,1950-12-26,91 oak st,3201,none
11,sofia,van dyke,sofia van dyke,sofia.vandyke.2540@mail.test,5557526590,1974-03-22,107 birch rd,2540,none
12,katherine,brown,katherine brown,katherine.brown.2135@mail.test,5555844668,1994-02-03,164 birch rd,2135,none
13,michael,nguyen,michael nguyen,michael.nguyen.48umail.test,5552323935,1968-05-12,41 birch rd,48,typo
14, David ,obrien, David  obrien,DAVID.OBRIEN.195@MAIL.TEST,5554700085,1998-06-19,122 elm way,195,case_noise
15,jennifer,garcia,jennifer garcia,jennifer.garcia.451@mail.test,5556952765,1984-06-18,16 birch rd,451,near_collision
16,sofia,obrien,sofia obrien,sofia.obrien.472@mail.test,5551832899,1989-11-02,160 oak st,472,none
17,charles,smith,charles smith,charles.smith.2698@mail.test,5555883411,1993-10-02,195 pine ct,2698,none
18,jose,kowalski,jose kowalski,jose.kowalski.1714@mail.test,5556315387,1996-03-01,8 oak st,1714,none
19,sofia,mueller,sofia mueller,sofia.obrien.1998@mail.test,5559664481,1991-12-24,99 oak st,1998,household_nonmatch
20,robert,brown,robert brown,robert.brown.206@mail.test,,,130 pine ct,206,missing
21,thomas,silva,thomas silva,thomas.silva.3031@mail.test,5557573279,1968-04-10,29 pine ct,3031,none
22,jose,patel,jose patel,jose.brown.3487@mail.test,5556193403,1988-12-20,34 elm way,3487,household_nonmatch
23,william,garcia,william garcia,william.garcia.1585@mail.test,5552954774,1994-11-11,7 pine ct,1585,none
24,hans,mueller,hans mueller,hans.muelelr.2018@mail.test,5556002218,1964-07-01,77 oak st,2018,typo
25,jennifer,kim,jennifer kim,jennifer.kim.2070@mail.test,5553222336,1962-02-17,169 cedar ln,2070,none
26,jexnifer,nguyen,jexnifer nguyen,jennifer.nguyen.1735@mail.test,5557153717,1956-02-07,157 cedar ln,1735,typo
27,michael,obrien,michael obrien,michael.nguyen.341@mail.test,5553640666,1986-08-11,88 oak st,341,household_nonmatch
28,ann,patel,ann patel,ann.patel.1838@mail.test,5557403291,1979-07-15,86 maple ave,1838,none
29,william,johnson,william johnson,william.johnson.1601@mail.test,5553619174,1992-01-22,91 pine ct,1601,none
30,susan,murphy,susan murphy,susan.murphy.458@mail.test,5556037010,1995-01-06,160 birch rd,458,near_collision
31,daniel,johnson,daniel johnson,daniel.johnson.3054@mail.test,5554746563,1959-05-12,4 pine ct,3054,none
32,elizabeth,van dyke,elizabeth van dyke,elizabeth.vandyke.3533@mail.test,5559465448,1951-04-24,152 birch rd,3533,none
33,jennifer,mueller,jennifer mueller,jennifer.mueller.1353@mail.test,5551890306,1995-05-07,108 oak st,1353,none
34,ann,mueller,ann mueller,,5552126593,,63 birch rd,2017,missing
35,daniel,kowalski,daniel kowalski,daniel.johnson.1496@mail.test,5553260362,1993-08-10,144 maple ave,1496,household_nonmatch
36,william,murphy,"murphy, william",william.murphy.1361@mail.test,5551104084,1970-08-14,69 cedar ln,1361,reorder
37,greta,kim,greta kim,greta.kim.1653@mail.test,5553428286,1972-09-03,79 cedar ln,1653,none
38,michael,kim,michael kim,michael.kim.3002@mail.test,5557019468,1975-03-27,164 cedar ln,3002,none
39,greta,kim,greta kim,greta.kim.267@mail.test,5551510786,1951-11-08,112 pine ct,267,near_collision
40,william,jones,william jones,william.jones.3205@mail.test,5553458163,1956-04-25,43 oak st,3205,none
41,ann,kim,ann kim,ann.kim.2353@mail.test,5551390039,1978-11-07,185 birch rd,2353,none
42,patricia,garcia,patricia garcia,patricia.garcia.882@mail.test,5556862658,1958-10-15,103 maple ave,882,none
43,jennifer,smith,jennifer smith,,5551612946,1960-03-27,75 birch rd,676,missing
44,elizabeth,garcia,elizabeth garcia,elizabeth.garcia.2592@mail.test,5557624180,1969-03-03,197 maple ave,2592,none
45, Katherine ,brown, Katherine  brown,KATHERINE.PATEL.8@MAIL.TEST,5558502858,1978-12-11,116 cedar ln,8,case_noise
46,l.,garcia,l. garcia,laura.garcia.54@mail.test,5553219179,1953-05-21,183 elm way,54,abbrev
47,william,meuller,william meuller,william.nguyen.2224@mail.test,5557276902,1971-01-26,149 birch rd,2224,household_nonmatch
48,willixm,kowalski,willixm kowalski,william.kowalski.30@mail.test,5557671626,1993-11-15,139 cedar ln,30,typo
49,jennifer,johnson,jennifer johnson,jennifer.johnson.2751@mail.test,5553794042,1964-09-06,88 oak st,2751,none
50,sofia,johnson,sofia johnson,sofia.johnson.1635@mail.test,5556734258,1988-01-13,63 maple ave,1635,none
51,katherine,obrien,katherine obrien,katherine.obrien.3156@mail.test,5559614058,1994-08-03,9 oak st,3156,near_collision
52,daniel,garcia,daniel garcia,daniel.garcia.1045@mail.test,5557562564,1975-01-02,78 pine ct,1045,none
53,robert,mueller,robert mueller,robert.mueller.815@mail.test,5559663698,1970-05-01,89 cedar ln,815,none
54,kaxherine,patel,kaxherine patel,katherine.patel.37@mail.test,5556484007,1988-02-13,128 maple ave,37,typo
55,peggy,brown,peggy brown,margaret.brown.1233@mail.test,5556844357,1956-09-01,58 pine ct,1233,abbrev
56, Greta ,obrien, Greta  obrien,GRETA.OBRIEN.931@MAIL.TEST,5557916659,1989-06-17,21 cedar ln,931,case_noise
57,j.,kim,j. kim,jose.kim.1463@mail.test,5555614859,1956-07-10,5 birch rd,1463,abbrev
58,chares,van dyke,chares van dyke,charles.vandyke.44@mail.test,5551577907,1961-07-26,74 cedar ln,44,typo
59,michael,brown,michael brown,michael.brown.1498@mail.test,5559378671,1994-11-03,114 elm way,1498,none
60,greta,nguyen,greta nguyen,greta.kowalski.2686@mail.test,,1956-12-17,40 maple ave,2686,household_nonmatch
61,michael,nguyen,"nguyen, michael",michael.nguyen.965@mail.test,5552145409,1985-09-15,2 elm way,965,reorder
62,hans,obrien,hans obrien,hans.obrien.3324@mail.test,5558108172,1953-05-12,11 elm way,3324,none
63,c.,jones,c. jones,charles.jones.20@mail.test,5553075901,1961-03-06,18 cedar ln,20,abbrev
64,greta,patel,greta patel,greta.patel.1120@mail.test,5556999014,1982-09-02,119 cedar ln,1120,none
65,hans,smith,hans smith,hans.smith.2001@mail.test,5559855925,1981-12-03,126 oak st,2001,none
66,william,smith,william smith,william.smith.2108@mail.test,5556176777,1974-08-12,94 elm way,2108,none
67,jennifer,kowalski,jennifer kowalski,jennifer.kowalski.1573@mail.test,5552143937,1998-11-18,100 elm way,1573,none
68,patrciia,smith,"smith, patrciia",patricia.smith.667@mail.test,5551265014,1995-05-22,158 birch rd,667,reorder
69,jennifer,kim,jennifer kim,jennifer.kim.43@mail.test,,1953-10-15,20 elm way,43,missing
70,susan,kim,susan kim,susan.kim.1410@mail.test,5556213932,1961-06-15,75 cedar ln,1410,none
71,susan,patel,susan patel,susan.patel.2462@mail.test,5556868891,1963-04-17,159 birch rd,2462,none
72,margaret,jqhnson,margaret jqhnson,margaret.johnson.211@mail.test,5556935419,,63 elm way,211,missing
73,sofia,silva,sofia silva,sofia.silva.1436@mail.test,5558159459,1989-12-17,95 cedar ln,1436,near_collision
74,ann,jones,ann jones,ann.jones.293@mail.test,5559479970,1969-03-15,4 cedar ln,293,none
75,charles,smith,charles smith,charles.smith.2832@mail.test,5552867493,1986-05-27,50 oak st,2832,none
76,ann,kowalski,ann kowalski,ann.okwalski.2950@mail.test,5557113194,1978-12-19,168 birch rd,2950,typo
77,james,nguyen,james nguyen,james.nguyen.1676@mail.test,5554999410,1983-11-05,39 maple ave,1676,none
78,elizabeth,mueller,elizabeth mueller,elizabeth.mueller.505@mail.test,5558948543,1996-08-20,74 birch rd,505,none
79,susan,jones,susan jones,susan.jones.331@mail.test,5555044106,1964-10-17,30 elm way,331,none
80,greta,johnson,greta johnson,greta.johnson.98@mail.test,5553508149,1992-06-02,146 birch rd,98,near_collision
81,h.,brown,h. brown,hans.brown.2743@mail.test,5551079514,1969-05-21,180 maple ave,2743,abbrev
82,elizabeth,kowalski,elizabeth kowalski,elizabeth.kowalski.1997@mail.test,5559777619,1962-12-13,80 elm way,1997,none
83,jose,murphy,jose murphy,jose.murphy.2824bmail.test,5551112643,1985-09-19,64 birch rd,2824,typo
84,thomas,jones,thomas jones,thomas.jones.3135@mail.test,5559980020,1987-02-10,104 maple ave,3135,none
85, .,nguyen, . nguyen,,,,40 maple ave,47,missing
86,david,smith,david smith,david.smith.888@mail.test,5555874276,1972-05-06,2 pine ct,888,none
87,david,van dyke,"van dyke, david",david.vandyke.2100@mail.test,5556882551,1978-06-14,44 oak st,2100,reorder
88,susan,nguyen,susan nguyen,susan.nguyen.1943@mail.test,5551374619,1996-10-24,5 cedar ln,1943,none
89,james,van dyke,james van dyke,james.vandyke.1478@mail.test,5556610829,1992-09-25,23 birch rd,1478,none
90, Thomas ,van dyke, Thomas  van dyke,THOMAh.VANDYKE.500@MAIL.TEST,5554173089,1959-11-26,53 oak st,500,typo
91,james,murphy,"murphy, james",james.murphy.428@mail.test,,1987-02-27,15 birch rd,428,reorder
92,michael,brøwn,michael brøwn,michael.brown.1151@mail.test,5555019678,1959-10-27,88 maple ave,1151,translit
93,g.,brown,g. brown,greta.brown.0@mail.test,5558502858,1961-01-09,116 cedar ln,0,abbrev
94,david,kowalksi,david kowalksi,david.kowalski.529@mail.test,5555328830,1987-12-20,145 oak st,529,typo
95,c.,kim,c. kim,charles.vandyke.190@mail.test,5557971350,1994-04-06,8 cedar ln,190,typo
96,william,garcia,william garcia,william.garcia.3387@mail.test,5558521782,1960-11-08,40 cedar ln,3387,near_collision
97,elizabeth,van dyke,elizabeth van dyke,elizabeth.vandyke.972@mail.test,5555742204,1967-12-22,57 birch rd,972,none
98,greta,brown,greta brown,greta.brown.2896@mail.test,5554091704,1953-09-21,192 cedar ln,2896,none
99,daniel,garcia,daniel garcia,daniel.garcia.541@mail.test,5556643965,1966-08-18,50 cedar ln,541,none
100,hans,mueller,hans mueller,hans.mueller.864@mail.test,5555597876,1996-10-21,124 cedar ln,864,none
101,sofia,mueller,sofia mueller,sofia.mueller.2504@mail.test,5555867018,1973-03-21,112 cedar ln,2504,none
102,jennifer,van dyke,jennifer van dyke,jennifer.vandyke.2513@mail.test,5557007029,1972-08-23,161 maple ave,2513,none
103,patricia,patel,patricia patel,patricia.patel.143@mail.test,5551512539,1969-06-05,108 maple ave,143,none
104,jennifer,nguyen,jennifer nguyen,jennifer.nguyen.1190@mail.test,5557304256,1968-03-11,159 birch rd,1190,none
105,greta,silva,greta silva,greta.silva.1208@mail.test,5552097137,1956-05-03,48 birch rd,1208,none
106,susan,kim,susan kim,susan.vandyke.3013@mail.test,5559515352,1966-06-12,14 oak st,3013,household_nonmatch
107,margaret,brown,margaret brown,margaret.brown.3167@mail.test,5558190648,1954-05-11,25 oak st,3167,none
108,william,silva,"silva, william",william.silva.269@mail.test,5556859082,1991-12-06,39 oak st,269,reorder
109,michael,brown,michael brown,michael.brown.565@mail.test,5555550635,1994-09-12,142 pine ct,565,near_collision
110,sofia,jones,sofia jones,sofia.jones.2865@mail.test,5556172981,1966-07-09,73 elm way,2865,none
111,a.,obrien,a. obrien,ann.obrien.510@mail.test,5551018476,1952-06-06,166 elm way,510,abbrev
112,william,obrien,william obrien,william.obrien.3585@mail.test,5558323507,1975-11-08,119 oak st,3585,none
113,charles,nguymn,charles nguymn,charles.nguyen.961@mail.test,5556914437,1950-08-15,179 pine ct,961,typo
114,jennifer,nguyen,jennifer nguyen,jennifer.nguyen.2744@mail.test,5552778476,1975-02-23,147 maple ave,2744,none
115,patricia,van dyke,patricia van dyke,patricia.vandyke.1890@mail.test,5559980764,1955-09-18,172 maple ave,1890,none
116,susan,murphy,"murphy, susan",susan.murphy.1699@mail.test,5558942481,1956-10-16,1 maple ave,1699,reorder
117,hans,johnson,hans johnson,hans.johnson.2819@mail.test,5551934246,1987-07-23,150 maple ave,2819,none
118,daniel,van dyke,daniel van dyke,daniel.silva.642@mail.test,5559116879,1996-09-02,44 maple ave,642,household_nonmatch
119,g.,brøwn,g. brøwn,greta.brown.1079@mail.test,5555781314,1991-09-13,78 cedar ln,1079,translit
120,katherine,mueller,katherine mueller,katherine.mueller.1667@mail.test,5559923883,1969-05-01,51 pine ct,1667,near_collision
121,robert,murphy,robert murphy,robert.murphy.1255@mail.test,5552071036,1973-04-27,159 birch rd,1255,none
122,michael,silva,michael silva,michael.silva.827@mail.test,5552073053,1980-07-05,14 pine ct,827,none
123,charles,kim,charles kim,charles.kim.326@mail.test,5553105421,1956-03-27,72 maple ave,326,none
124,daniel,johnson,daniel johnson,daniel.johnson.2457@mail.test,5557325559,1951-06-25,43 maple ave,2457,none
125,ann,smith,ann smith,ann.smith.1906@mail.test,5557719630,1973-12-26,24 maple ave,1906,none
126,c.,van dyke,c. van dyke,charles.vandyke.44@mail.test,5551577907,1961-07-26,74 cedar ln,44,abbrev
127,hans,patel,hans patel,hans.patel.408@mail.test,5554787060,1983-03-06,40 maple ave,408,none
128,susan,patel,susan patel,susan.patel.99@mail.test,5553749419,1974-01-23,58 elm way,99,translit
129,laura,van dyke,laura van dyke,laura.vandyke.1187@mail.test,5559191885,1962-06-21,36 elm way,1187,none
130,david,johnosn,david johnosn,david.johnson.94@mail.test,5555644463,1955-11-14,63 cedar ln,94,typo
131,elizabeth,obrien,elizabeth obrien,elizabeth.obrien.2315@mail.test,5553424514,1978-12-23,178 elm way,2315,none
132,james,johnson,james johnson,james.mueller.567@mail.test,5556901974,1954-05-24,34 oak st,567,household_nonmatch
133,charles,van dyke,charles van dyke,charles.vandyke.452@mail.test,5551001631,1968-03-18,11 pine ct,452,none
134,susan,garcia,susan garcia,susan.garcia.2968@mail.test,5556973792,1994-03-09,1 oak st,2968,none
135,david,nguyen,david nguyen,david.nguyen.1405@mail.test,,,7 elm way,1405,missing
136,greta,garcia,greta garcia,greta.garcia.1774@mail.test,5553019838,1954-12-26,187 cedar ln,1774,none
137,ann,brown,ann brown,ann.brown.794@mail.test,5553026004,1994-06-24,127 birch rd,794,none
138,william,simva,william simva,william.silva.231@mail.test,5558025021,1983-06-24,52 birch rd,231,typo
139,sofia,van dyke,sofia van dyke,sofia.vandyke.2928@mail.test,5552623135,1965-09-01,13 maple ave,2928,near_collision
140,susan,jones,susan jones,susan.jone.686m@ail.test,5551681193,1991-01-11,8 birch rd,686,typo
141,susan,nguyen,susan nguyen,susan.nguyen.2620@mail.test,5556841666,1966-11-13,195 pine ct,2620,none
142,hans,mueller,hans mueller,hans.mueller.2741@mail.test,5559848189,1951-11-19,100 elm way,2741,none
143,robert,van dyke,robert van dyke,robert.vandyke.855@mail.test,5557302535,1964-07-12,142 maple ave,855,none
144,charles,kowalski,charles kowalski,charles.kowalski.3236@mail.test,5554840623,1958-11-11,169 maple ave,3236,none
145,patricia,johnson,patricia johnson,patricia.johnson.324@mail.test,5558911806,1998-05-09,84 oak st,324,none
146,thomas,garcia,thomas garcia,thomas.garcia.114@mail.test,5554847356,1986-11-11,43 birch rd,114,none
147,sofia,patel,sofia patel,sofia.patel.3114@mail.test,5558821839,1980-08-21,13 elm way,3114,none
148,margaret,brown,margaret brown,margaret.brown.2776@mail.test,5552765755,1977-11-17,182 elm way,2776,none
149,susan,obrien,susan obrien,susan.obrien.856@mail.test,5554896927,1990-11-26,75 cedar ln,856,none
150,ann,van dyke,ann van dyke,ann.vandyke.538@mail.test,5552020962,1954-05-04,42 maple ave,538,none
151,susan,murphy,susan murphy,susan.murphy.1371@mail.test,5554554559,1991-03-27,193 oak st,1371,none
152,laura,johnson,laura johnson,laura.johnson.1928@mail.test,5556241020,1973-02-26,105 oak st,1928,none
153,l.,brown,l. brown,laura.brown.346@mail.test,5555369696,1958-05-26,150 maple ave,346,abbrev
154,chalres,van dyke,chalres van dyke,charles.vandyke.92@mail.test,,1975-08-27,3 maple ave,492,typo
155,greta,murphy,greta murphy,greta.murphy.1694@mail.test,5553924424,1957-02-04,183 birch rd,1694,none
156,sofia,silva,sofia silva,sofia.silva.228@mail.test,5558434225,1959-06-03,153 birch rd,228,none
157,thomas,patel,thomas patel,thomas.patel.2932@mail.test,5559917661,1951-12-11,130 cedar ln,2932,near_collision
158,william,murphy,william murphy,william.murphy.726@mail.test,5555876781,1968-03-23,193 cedar ln,726,near_collision
159,charles,ngmyen,charles ngmyen,charles.silva.1976@mail.test,5559069832,1972-10-15,173 pine ct,1976,household_nonmatch
160,margaret,nguyen,margaret nguyen,margaret.nguyen.3020@mail.test,5556273023,1995-01-11,146 oak st,3020,near_collision
161,ann,obien,ann obien,ann.obrien.921@mail.test,5555334277,1953-05-03,85 birch rd,921,typo
162,james,nguyen,james nguyen,james.nguyen.2679@mail.test,5557178804,1985-06-11,34 maple ave,2679,none
163,charles,garcia,charles garcia,charles.garcia.2293@mail.test,5551479686,1950-04-16,2 pine ct,2293,none
164,hans,jones,hans jones,hans.mueller.708@mail.test,5559229848,1964-03-24,38 birch rd,708,household_nonmatch
165,peggy,patel,peggy patel,margaret.patel.1115@mail.test,5551757674,1998-04-19,133 birch rd,1115,abbrev
166,charles,van dyke,charles van dyke,charles.mueller.873@mail.test,5554923049,1986-06-01,152 pine ct,873,household_nonmatch
167,greta,garcia,greta garcia,greta.garcia.434@mail.test,5558593399,1998-10-18,78 cedar ln,434,near_collision
168,susan,nguyen,susan nguyen,susan.nguyen.2869@mail.test,5554521944,1980-06-17,120 elm way,2869,near_collision
169,hans,patel,hans patel,hans.patel.1535@mail.test,5554545166,1972-05-22,79 oak st,1535,household_nonmatch
170, Greta ,kim, Greta  kim,GRETA.KIM.267@MAIL.TEST,5551510786,,112 pine ct,267,case_noise
171,katherine,kowalski,katherine kowalski,katherine.kowalski.2342@mail.etst,5556687616,1959-12-14,161 pine ct,2342,typo
172,katherine,van dyke,katherine van dyke,katherine.vandyke.1763@mail.test,5554307188,1983-12-03,91 cedar ln,1763,none
173,daniel,kowalski,daniel kowalski,daniel.kowalski.1019@mail.test,5559753605,1985-07-01,113 pine ct,1019,none
174,susan,johnson,susan johnson,susan.jones.544@mail.test,5551494654,1994-12-22,177 maple ave,544,household_nonmatch
175,ann,johnson,ann johnson,ann.jonhson.2176@mail.test,5555399059,1962-06-13,39 cedar ln,2176,typo
176,greta,garcia,greta garcia,greta.patel.666@mail.test,5557315309,1956-03-21,139 elm way,666,household_nonmatch
177,robert,mueller,robert mueller,robert.mueller.1850@mail.test,5558543906,1959-10-19,129 cedar ln,1850,none
178,michael,murphy,michael murphy,michael.vandyke.2602@mail.test,5552227260,1961-04-25,88 pine ct,2602,household_nonmatch
179,daniel,kowalski,daniel kowalski,daniel.kowalski.1985@mail.test,5556736326,1990-07-23,75 oak st,1985,none
180,william,patel,william patel,william.patel.2216@mail.test,5559269668,1971-11-01,6 birch rd,2216,near_collision
181,ann,brown,ann brown,ann.brown.514@mail.test,5553392524,1983-06-08,30 elm way,514,none
182,j.,silva,j. silva,jose.silva.1980@mail.test,5555450587,1953-04-17,26 maple ave,1980,abbrev
183,maragret,brown,maragret brown,margaret.brown.681@mail.test,5553774578,1957-05-09,162 birch rd,681,typo
184,patricia,mueller,patricia mueller,patricia.mueller.1733@mail.test,5558726326,1972-11-04,117 elm way,1733,none
185,laura,garcia,laura garcia,laura.garcia.1509@mail.test,5556812523,1958-05-03,133 maple ave,1509,none
186,ann,obrien,ann obrien,ann.obrien.344@mail.test,5555506980,1956-01-27,96 cedar ln,344,none
187,thomas,kim,thomas kim,thomas.kim.65@mail.tset,5551494913,1985-07-15,95 birch rd,65,typo
188,susan,obrien,susan obrien,susan.obrien.2734@mail.test,5554201690,1963-09-16,83 elm way,2734,none
189,jennifer,brown,jennifer brown,jennifer.brown.2182@mail.test,5554088648,1996-05-13,75 pine ct,2182,near_collision
190,james,johnson,james johnson,james.johnson.345@mail.test,5559814014,1978-01-21,6 maple ave,345,none
191,charles,obrien,charles obrien,charles.obrien.1623@mail.test,5551829342,1980-06-25,18 birch rd,1623,none
192,michael,obrien,michael obrien,michael.obrien.236@mail.test,5553489173,1967-06-15,16 pine ct,236,near_collision
193,jose,jones,jose jones,jose.jones.2941@mail.test,5557329871,1964-07-21,53 maple ave,2941,none
194,robert,jønes,robert jønes,,,,144 birch rd,63,missing
195,katherine,kowalski,katherine kowalski,katherine.kowalski.108@mail.test,5552493419,,98 maple ave,108,missing
196,c.,van dyke,c. van dyke,charles.vandyke.44@mail.test,,,74 cedar ln,44,missing
197,jennifer,murphy,jennifer murphy,jennifer.murphy.3358@mail.test,5553693517,1995-06-25,93 oak st,3358,none
198,laura,nguyen,laura nguyen,laura.nguyen.2458@mail.test,5551456024,1988-07-05,54 maple ave,2458,none
199,robert,jønes,robert jønes,,5555084950,,144 birch rd,63,missing
200,james,nguyen,james nguyen,,5557535711,1979-05-02,144 oak st,1291,missing
201,james,patel,james patel,james.patel.2164@mail.test,5555506190,1965-01-20,58 pine ct,2164,none
202,katherine,smith,katherine smith,katherine.smith.1523@mail.test,5557457693,1960-10-16,80 birch rd,1523,none
203,laura,garcia,laura garcia,,5556812523,1958-05-03,133 maple ave,1509,missing
204,katherine,brown,katherine brown,katherine.brown.2986@mail.test,5554260801,1960-03-11,54 cedar ln,2986,none
205,jose,van dyke,jose van dyke,jose.vandyke.1813@mail.test,5558445088,1990-08-15,82 cedar ln,1813,none
206,charles,brown,charles brown,charles.brown.2250@mail.test,5551637228,1992-07-06,152 pine ct,2250,none
207,thomas,murphy,thomas murphy,thomas.murphy.848@mail.test,5554270606,1987-03-02,68 birch rd,848,none
208,margaret,garcia,margaret garcia,margaret.garcia.966@mail.test,5552452109,1980-10-16,135 elm way,966,none
209,margaret,johnson,margaret johnson,margaret.johnson.1919@mail.test,5553219498,1974-11-24,51 cedar ln,1919,none
210,ann,nguyen,ann nguyen,ann.nguyen.137@mail.test,5559069832,1998-04-22,173 pine ct,137,none
211,katherine,van dyke,katherine van dyke,katherine.kowalski.2773@mail.test,,1989-05-18,7 cedar ln,2773,missing
212,katherine,brown,katherine brown,katherine.patel.8@mail.test,5558502858,,116 cedar ln,8,missing
213,david,patel,david patel,david.patel.1352@mail.test,5554954779,1967-10-13,49 birch rd,1352,none
214,liz,kowalski,liz kowalski,,5558842053,1983-05-18,102 elm way,7,abbrev
215,hans,brown,hans brown,hans.brown.3131@mail.test,5558372541,1985-11-14,143 maple ave,3131,none
216,hans,silva,hans silva,hans.silva.3377@mail.test,5558253936,1997-02-01,7 maple ave,3377,near_collision
217,william,garcia,william garcia,,5552773094,1983-02-02,15 elm way,626,missing
218,g.,van dyke,g. van dyke,greta.vandyke.237@mail.test,5551947358,1955-03-09,145 pine ct,237,abbrev
219,greta,kowalski,greta kowalski,greta.kowalski.2058@mail.test,5556732335,1990-03-17,70 cedar ln,2058,none
220,elizabeth,garcia,elizabeth garcia,elizabeth.garcia.1732@mail.test,5554670721,1990-02-19,93 maple ave,1732,none
221,william,patel,william patel,william.patel.3428@mail.test,5555377667,1964-08-21,113 cedar ln,3428,near_collision
222,william,obrien,william obrien,william.obrien.2153@mail.test,5557223193,1980-11-05,23 birch rd,2153,near_collision
223,susan,jones,susan jones,susan.jones.2407@mail.test,5559168100,1983-03-22,178 cedar ln,2407,near_collision
224,robert,kowalski,robert kowalski,robert.kowalski.1832@mail.test,5554304247,1976-05-01,191 oak st,1832,none
225,daniel,garcia,daniel garcia,daniel.garcia.363@mail.test,5552217371,1976-10-03,49 oak st,363,none
226,margaret,silva,margaret silva,margaret.silva.1742@mail.test,5558740154,1985-07-17,59 birch rd,1742,none
227,ann,jones,ann jones,ann.jones.2953@mail.test,5556772854,1957-06-02,126 birch rd,2953,near_collision
228,james,patel,james patel,james.patel.2195@mail.test,5555564071,1958-07-10,118 oak st,2195,none
229,katherine,kim,katherine kim,katherine.kim.2868@mail.test,5551123823,1962-10-18,102 pine ct,2868,none
230,william,patel,william patel,william.patel.3429@mail.test,5558666108,1979-01-27,143 pine ct,3429,near_collision
231,daniel,nguyen,daniel nguyen,daniel.nguyen.1698@mail.test,5557806409,1991-06-19,72 maple ave,1698,none
232,daniel,mueller,daniel mueller,,5553903272,,129 maple ave,537,missing
233,jose,obrien,jose obrien,jose.obrien.2836@mail.test,5552656893,1960-12-12,143 cedar ln,2836,none
234, Hans ,mueller, Hans  mueller,HANS.MUELLER.864@MAIL.TEST,5555597876,1996-10-21,124 cedar ln,864,case_noise
235,katherine,brown,katherine brown,katherine.brown.2383@mail.test,5555609971,1980-07-19,143 cedar ln,2383,none
236,hans,smith,hans smith,hans.smith.3396@mail.test,5551634446,1963-12-06,98 pine ct,3396,near_collision
237,margaret,smith,margaret smith,margaret.smith.31@mail.test,5554910859,1950-04-07,34 oak st,31,translit
238,margaret,mueller,margaret mueller,margaret.mueller.1748@mail.test,5558221082,1966-03-02,149 elm way,1748,none
239,michael,brown,michael brown,michael.brown.566@mail.test,5553600555,1959-08-27,17 pine ct,566,near_collision
240,david,brown,david brown,,5552019359,1995-02-03,192 maple ave,1095,missing
241,dawid,nguyen,dawid nguyen,david.nguyen.2663@mail.test,5557422450,1991-06-08,103 cedar ln,2663,typo
242,michael,patel,michael patel,,5558761205,,91 cedar ln,95,missing
243,robert,johnson,robert johnson,robert.johnson.3610@mail.test,5552461923,1991-07-15,65 oak st,3610,none
244,sofia,kim,sofia kim,sofia.kim.3524@mail.test,5556176004,1987-12-12,111 oak st,3524,none
245,susan,nguyen,susan nguyen,susan.nguyen.829@mail.test,5557319989,1965-05-21,146 cedar ln,829,none
246,katherine,van dyke,katherine van dyke,katherine.vandyke.3481@mail.test,5558917667,1974-03-13,156 oak st,3481,near_collision
247,jennifer,kowalski,jennifer kowalski,jennifer.kowalski.3284@mail.test,5559555228,1995-02-11,129 oak st,3284,none
248,michael,van dyke,michael van dyke,michael.vandyke.3224@mail.test,5557494473,1953-07-23,88 maple ave,3224,near_collision
249,laura,murphy,laura murphy,laura.murphy.1060@mail.test,5554526591,1974-07-17,2 birch rd,1060,none
250,sue,van dyke,sue van dyke,susan.vandyke.1406@mail.test,5553587864,1996-07-22,142 oak st,1406,abbrev
251,jyse,kim,jyse kim,jose.kim.491@mail.test,5557077294,1975-07-27,198 oak st,491,typo
252,david,obrien,david obrien,david.obrien.3566@mail.test,5556932152,1973-12-27,150 oak st,3566,none
253,james,nguyen,james nguyen,james.nguyen.1444@mail.test,5552547111,1989-01-19,62 cedar ln,1444,none
254,sofia,nguyen,sofia nguyen,sofia.nguyen.1734@mail.test,5555326550,1980-05-13,61 maple ave,1734,none
255,david,kim,david kim,david.kim.311@mail.test,5552119075,1986-04-21,4 oak st,311,none
256,hans,smith,hans smith,hans.smith.3435@mail.test,5553669225,1976-02-21,136 elm way,3435,none
257,james,mueller,james mueller,james.mueller.2669@mail.test,5556398455,1985-10-18,101 cedar ln,2669,near_collision
258,margaret,garcia,margaret garcia,margaret.garcia.659@mail.test,5556508562,1954-05-09,138 elm way,659,none
259,katherine,obrien,katherine obrien,katherine.obrien.1139@mail.test,5551473797,1980-07-10,150 pine ct,1139,none
260,hans,kim,hans kim,hans.kim.1784@mail.test,5552466784,1979-03-08,72 cedar ln,1784,none
261,james,nguyen,"nguyen, james",james.ngyuen.26@mail.test,5553683787,1966-08-11,184 pine ct,26,reorder
262, Michael ,mueller, Michael  mueller,MICHAEL.MUELLER.348@MAIL.TEST,5551945402,1984-01-19,117 pine ct,348,case_noise
263,greta,brown,greta brown,greta.brown.2221@mail.test,5552404057,1986-08-03,128 oak st,2221,none
264,sofia,mueller,sofia mueller,sofia.mueller.2763@mail.test,5557961206,1980-09-24,38 pine ct,2763,none
265,margaret,kowalski,margaret kowalski,margaret.kowalski.1013@mail.test,5556540714,1991-11-13,72 elm way,1013,none
266,jose,brown,jose brown,jose.vandyke.41@mail.test,5558078369,1960-04-24,149 maple ave,41,household_nonmatch
267,thomas,silva,thomas silva,thomas.silva.2397@mail.test,5554716640,1981-03-24,184 pine ct,2397,near_collision
268,laura,murphy,laura murphy,laura.murphy.1152@mail.test,5555018350,1968-09-08,154 elm way,1152,none
269,michael,kowalski,michael kowalski,michael.kowalski.3501@mail.test,5553858181,1955-12-07,76 maple ave,3501,none
270,charles,murphy,charles murphy,charles.murphy.767@mail.test,5559700624,1983-03-25,75 cedar ln,767,none
271,william,kowalski,william kowalski,,5554469386,1976-02-02,176 pine ct,1334,missing
272,charles,kim,charles kim,charles.kim.157@mail.test,5552239678,1958-07-03,112 birch rd,157,translit
273,elizabeth,murphy,elizabeth murphy,elizabeth.murphy.2878@mail.test,5552416642,1969-12-10,190 maple ave,2878,none
274,patricia,kim,patricia kim,patricia.kim.2509@mail.test,5555889781,1959-07-08,38 birch rd,2509,near_collision
275,susan,obrien,susan obrien,susan.obrien.2418@mail.test,5556307473,1982-09-25,79 oak st,2418,none
276,jose,johnson,jose johnson,jose.garcia.578@mail.test,5554551330,1955-11-24,76 maple ave,578,household_nonmatch
277,jennifer,johnson,jennifer johnson,jennifer.murphy.3207@mail.test,5555616450,1989-05-16,58 maple ave,3207,household_nonmatch
278,sofia,patel,sofia patel,sofia.patel.1306@mail.test,,1998-08-13,45 cedar ln,1306,missing
279,david,jones,david jones,david.jones.2997@mail.test,5556344233,1960-11-02,155 birch rd,2997,none
280,david,patel,david patel,david.patel.140@mail.test,5552124708,1981-02-09,189 maple ave,140,none
281,james,kowalski,"kowalski, james",james.kowalski.603@mail.test,5559383891,1995-09-13,124 oak st,603,reorder
282,james,murphy,james murphy,james.murphy.428@mail.test,5552001671,1987-02-27,15 birch rd,428,none
283,thomas,brown,thomas brown,thomas.brown.1569@mail.test,5557212633,1996-08-20,175 birch rd,1569,none
284,katherine,kim,katherine kim,katherine.kim.823@mail.test,5553598950,1989-09-02,68 pine ct,823,none
285,robert,jones,"jones, robert",robert.jones.63@mail.test,5555084950,1982-06-06,144 birch rd,63,reorder
286,susan,brown,susan brown,susan.brown.2194@mail.test,5551679408,1981-07-27,8 birch rd,2194,none
287,sofia,smith,sofia smith,sofia.smith.1533@mail.test,5557065396,1958-05-07,95 cedar ln,1533,none
288, Margaret ,van dyke, Margaret  van dyke,MARGARET.VANDYKE.649@MAIL.TEST,5553892413,1993-08-04,137 oak st,649,case_noise
289,margaret,silva,margaret silva,margaret.silva.1308@mail.test,5551048712,1958-01-18,199 cedar ln,1308,none
290,robert,smith,robert smith,robert.smith.1840@mail.test,5557902098,1962-09-21,26 maple ave,1840,none
291,jennifer,kowalski,jennifer kowalski,jennifer.nguyen.423@mail.test,,,85 pine ct,423,missing
292,thomas,murphy,thomas murphy,thomas.murphy.3657@mail.test,5555466537,1971-06-18,4 pine ct,3657,none
293,jose,mueller,jose mueller,jose.mueller.1756@mail.test,5557491290,1991-12-02,51 birch rd,1756,none
294,charles,brown,charles brown,charles.johnson.694@mail.test,,1970-09-23,110 cedar ln,694,household_nonmatch
295,greta,johnson,greta johnson,greta.johnson.811@mail.test,5556334177,1975-09-14,51 pine ct,811,none
296,bob,pjtel,bob pjtel,robert.patel.142@mail.test,5557286357,1998-03-09,3 birch rd,142,abbrev
297,jose,garfia,jose garfia,jose.brow.n1564@mail.test,5554847356,1996-12-02,43 birch rd,1564,translit
298,david,patel,david patel,david.patel.1721@mail.test,5555642648,1976-12-14,157 oak st,1721,none
299,laura,brown,laura brown,laura.brown.3310@mail.test,5554166101,1975-09-27,56 birch rd,3310,none
300,l.,obrien,l. obrien,elizabeth.obrein.335@mail.test,5554436914,1955-07-23,177 oak st,335,abbrev
301,greta,brown,greta brown,greta.brown.3036@mail.test,5558044009,1980-08-02,131 elm way,3036,none
302,susan,murphy,susan murphy,susan.murphy.802@mail.test,5558331926,1982-02-17,180 birch rd,802,none
303,hans,johnson,hans johnson,hans.johnson.2835@mail.test,5551954994,1971-10-12,14 birch rd,2835,none
304,katherine,garcia,katherine garcia,katherine.nguyen.3636@mail.test,5558809316,1970-11-26,152 elm way,3636,household_nonmatch
305,charles,johnson,charles johnson,charles.johnson.3662@mail.test,5559696099,1979-10-06,41 elm way,3662,none
306,thomas,brown,thomas brown,thomas.brown.3300@mail.test,5556860754,1987-12-06,167 cedar ln,3300,none
307,sofia,kowalski,sofia kowalski,,5558319066,1987-09-22,150 cedar ln,1461,missing
308,hans,kowalski,hans kowalski,hans.kowalski.3452@mail.test,5559752843,1973-07-18,185 pine ct,3452,none
309,james,kim,james kim,james.kim.3139@mail.test,5559934441,1966-12-16,134 pine ct,3139,none
310,james,jones,james jones,james.mueller.3137@mail.test,5552152546,1986-07-02,135 maple ave,3137,household_nonmatch
311,david,kowalski,david kowalski,david.kowalski.3215@mail.test,5553646984,1955-06-02,183 maple ave,3215,none
312,laura,kim,laura kim,laura.kim.2469@mail.test,5556851113,1989-02-22,118 oak st,2469,none
313,susan,van dyke,susan van dyke,,5557901731,1986-11-14,26 cedar ln,36,missing
314,sofia,jønes,sofia jønes,sofia.jones.3@mail.test,5556599612,1966-12-13,158 cedar ln,3,translit
315,ann,brown,ann brown,ann.brown.3126@mail.test,5556373920,1982-10-21,19 oak st,3126,none
316,jennifer,kim,jennifer kim,jennifer.kim.2975@mail.test,5556224435,1982-08-17,76 maple ave,2975,none
317,michael,jornson,michael jornson,michael.garcia.2630@mail.test,5555025598,1956-07-22,157 pine ct,2630,household_nonmatch
318,jennifer,murphy,jennifer murphy,jennifer.jones.217@mail.test,5553714800,1970-06-26,147 birch rd,217,household_nonmatch
319,elizabeth,obrien,elizabeth obrien,elizabeth.obrein.335@mail.test,5554436914,1955-07-23,177 oak st,335,typo
320,hans,jones,hans jones,hans.jones.1753@mail.test,,1968-07-19,137 birch rd,1753,missing
321,susan,van dyke,susan van dyke,susan.vandyke.502@mail.test,5551266846,1979-12-08,64 oak st,502,none
322,sofia,johnson,sofia johnson,sofia.johnson.1570@mail.test,5555147473,1952-12-03,4 maple ave,1570,none
323,michael,patel,michael patel,michael.patel.3035@mail.test,5556510238,1979-04-05,13 pine ct,3035,near_collision
324,susan,smith,susan smith,susan.smith.409@mail.test,5553830475,1974-03-20,126 maple ave,409,none
325,daniel,garcia,daniel garcia,daniel.garcia.768@mail.test,5556493627,1964-08-22,169 maple ave,768,none
326,jennifer,brown,jennifer brown,jennifer.brown.913@mail.test,5552447670,1955-11-09,82 maple ave,913,none
327,ann,silva,ann silva,ann.silva.2062@mail.test,5558573872,1977-03-16,149 oak st,2062,none
328,james,silva,james silva,james.silva.1451@mail.test,5555928668,1988-11-13,160 cedar ln,1451,none
329,jennifer,johnson,jennifer johnson,jennifer.johnson.2546@mail.test,5559816906,1981-02-11,124 pine ct,2546,near_collision
330,patricia,van dyke,patricia van dyke,patricia.vandyke.3619@mail.test,5551536216,1951-10-15,122 birch rd,3619,near_collision
331,james,ngyen,james ngyen,james.ngyuen.26@mail.test,5553683787,1966-08-11,184 pine ct,26,typo
332,margaret,van dyke,margaret van dyke,margaret.vandyke.649@mail.test,5553892413,1993-08-04,137 oak st,649,none
333,kate,mueller,kate mueller,katherine.mueller.439@mail.test,5553524870,1997-09-03,52 cedar ln,439,abbrev
334,elizabeth,kim,elizabeth kim,elizabeth.kim.123@mail.test,5552915524,1968-02-12,82 birch rd,123,none
335,susan,silva,susan silva,susan.silva.1180@mail.test,5558183242,1984-05-05,175 maple ave,1180,none
336,margaret,smith,margaret smith,margaret.smith.1971@mail.test,5552388159,1957-01-22,195 pine ct,1971,none
337,margaret,murphy,margaret murphy,margaret.murphy.1040@mail.test,5552864591,1989-03-11,112 pine ct,1040,none
338,elizabeth,kim,elizabeth kim,elizabeth.murphy.1403@mail.test,5557971350,1996-12-21,8 cedar ln,1403,household_nonmatch
339,michael,jones,michael jones,michael.jones.499@mail.test,5557409787,1960-04-18,160 birch rd,499,none
340,micheal,kim,micheal kim,michael.kim.480@mail.test,5552002270,1964-07-01,74 oak st,480,typo
341,charles,silva,charles silva,charles.silva.3298@mail.test,5558504313,1998-09-04,166 birch rd,3298,none
342,laura,slva,laura slva,laura.silva.1135@mail.test,5559508881,1998-08-17,116 elm way,1135,typo
343,william,mueller,william mueller,,5558778025,,146 pine ct,685,missing
344,margaret,smith,margaret smith,margaret.smith.1003@mail.test,5556756008,1985-07-03,81 maple ave,1003,none
345,jose,van dyke,jose van dyke,jose.vandyke.1142@mail.test,5556589259,1998-01-27,138 elm way,1142,none
346,ann,murphy,ann murphy,ann.murphy.1129@mail.test,5553800324,1951-06-01,175 oak st,1129,near_collision
347,ann,mueller,ann mueller,ann.mueller.1085@mail.test,5553664994,1991-10-20,151 maple ave,1085,none
348,david,jones,david jones,david.jones.2963@mail.test,5557571586,1967-01-23,107 cedar ln,2963,none
349,michael,patle,michael patle,,,1964-03-26,8 pine ct,347,missing
350,elizabeth,patel,elizabeth patel,elizabeth.patel.1556@mail.test,5555741788,1991-12-18,111 maple ave,1556,none
351,robert,nguyen,robert nguyen,robert.silva.1093@mail.test,5557397482,1998-12-11,141 maple ave,1093,household_nonmatch
352,margaret,nguyen,margaret nguyen,margaret.nguyen.2080@mail.test,5559209410,1977-04-03,36 maple ave,2080,none
353,patricia,mueller,patricia mueller,patricia.mueller.2237@mail.test,5558097884,1970-03-10,99 maple ave,2237,near_collision
354,sofia,garcia,sofia garcia,sofia.garcia.2522@mail.test,5553600153,1965-04-13,6 elm way,2522,none
355,patricia,van dyke,patricia van dyke,patricia.vandyke.3620@mail.test,5556889107,1996-12-27,24 birch rd,3620,near_collision
356,daniel,garcia,daniel garcia,daniel.garcia.3563@mail.test,5556783543,1987-04-27,168 oak st,3563,none
357,ann,kim,ann kim,ann.kim.2320@mail.test,5555216580,1956-05-24,16 elm way,2320,none
358,susan,johnson,susan johnson,susan.johnson.613@mail.test,5557588275,1993-06-21,157 birch rd,613,near_collision
359,david,van dyke,david van dyke,david.vandyke.820@mail.test,5551517925,1957-09-05,164 oak st,820,translit
360,charles,johnson,charles johnson,charles.johnson.154@mail.test,5551103239,1998-04-01,170 oak st,154,none
361,greta,jones,greta jones,greta.patel.1198@mail.test,5556599612,1986-04-05,158 cedar ln,1198,household_nonmatch
362, David ,jones, David  jones,DAVID.JONES.586@MAIL.TEST,5558960248,1980-02-08,24 oak st,586,case_noise
363,jose,brown,jose brown,jose.brown.3193@mail.test,5555588590,1997-04-13,11 oak st,3193,none
364,elizabeth,kim,elizabeth kim,elizabeth.kim.527@mail.test,5558517925,1994-09-25,54 birch rd,527,near_collision
365,james,kim,james kim,james.kim.1938@mail.test,5556883199,1989-09-26,6 maple ave,1938,near_collision
366,katherine,nguyen,katherine nguyen,katherine.nguyen.2066@mail.test,5551434063,1963-05-05,152 birch rd,2066,none
367,p.,kim,p. kim,patricia.kim.791@mail.test,5552922967,1962-05-21,51 birch rd,791,abbrev
368,william,jones,william jones,william.jones.373@mail.uest,5559119233,1995-06-25,151 elm way,373,typo
369,d.,silva,d. silva,david.silva.387@mail.test,5554682727,1990-07-24,28 pine ct,387,abbrev
370,william,brown,william brown,william.brown.3446@mail.test,5552358140,1992-04-04,158 pine ct,3446,none
371,laura,garcia,laura garcia,laura.garcia.1532@mail.test,5552356023,1985-05-10,169 elm way,1532,none
372,sofia,patel,sofia patel,,,,45 cedar ln,1306,missing
373,william,nguyen,william nguyen,william.patel.1697@mail.test,5556446154,1957-06-21,90 elm way,1697,household_nonmatch
374,sofia,patel,sofia patel,sofia.patel.1307@mail.test,5552316528,1980-10-11,198 elm way,1307,near_collision
375,susan,johnson,susan johnson,,5552453617,,36 maple ave,612,missing
376,margaret,kim,margaret kim,margaret.kim.2627@mail.test,5552504508,1996-06-14,185 birch rd,2627,near_collision
377,sofia,obrien,sofia obrien,sofia.obrien.3185@mail.test,5558228712,1980-01-21,189 maple ave,3185,none
378,robert,murphy,robert murphy,robert.murphy.1136@mail.test,5554568057,1991-03-13,150 elm way,1136,near_collision
379,jennifer,garcia,jennifer garcia,jennifer.garcia.1615@mail.test,5558394780,1990-12-23,77 pine ct,1615,none
380,jennifer,johnson,jennifer johnson,,5555025598,1986-09-25,157 pine ct,71,missing
381,david,jones,david jones,david.jones.586@mail.test,5558960248,1980-02-08,24 oak st,586,none
382,robert,smith,robert smith,robert.smith.3403@mail.test,5552228570,1986-08-06,65 birch rd,3403,none
383,charles,garcaí,charles garcaí,charles.garcia.183@mail.test,5555609751,1965-02-26,187 elm way,183,typo
384,william,patel,william patel,william.patel.281@mail.test,5559099451,1966-09-05,16 maple ave,281,none
385,michael,johnson,michael johnson,michael.johnson.2575@mail.test,5558485065,1953-07-15,156 birch rd,2575,none
386,hans,smith,hans smith,hans.smith.706@mail.test,5551729526,1984-11-20,80 elm way,706,none
387,greta,smith,greta smith,greta.smith.2302@mail.test,5557091440,1959-08-01,104 pine ct,2302,none
388,thomas,kim,thomas kim,thomas.kim.65@mail.tset,5551494913,1985-07-15,95 birch rd,65,translit
389,jennifer,johnson,jennifer johnson,jennifer.johnson.1296@mail.test,5559105227,1960-10-18,33 cedar ln,1296,none
390,jose,smith,jose smith,jose.smih.1068@mail.test,5556975383,1998-10-09,185 cedar ln,1068,typo
391,greta,silva,greta silva,greta.silva.520@mail.test,5557852669,1993-09-26,129 pine ct,520,none
392,daniel,johnson,daniel johnson,daniel.johnson.687@mail.test,5553462494,1956-09-20,52 maple ave,687,none
393,charles,johnson,charles johnson,charles.johnson.1510@mail.test,5558136706,1991-08-26,36 cedar ln,1510,none
394,hans,garcia,hans garcia,hans.garcia.3102@mail.test,5556645435,1961-12-17,48 oak st,3102,none
395,william,murphy,william murphy,william.obrien.663@mail.test,5558482205,1959-10-06,115 elm way,663,household_nonmatch
396,michael,nguyen,michael nguyen,,,1987-08-21,40 maple ave,47,typo
397,mike,obrien,mike obrien,michael.obrien.235@mail.test,5553640666,1957-06-01,88 oak st,235,abbrev
398, Sofia ,silva, Sofia  silva,SOFIA.SILVA.368@MAIL.TEST,5553108495,1990-01-08,114 cedar ln,368,case_noise
399,katherine,kim,katherine kim,katherine.kim.2463@mail.test,5556388985,1982-05-05,118 elm way,2463,none
400,jose,patel,jose patel,jose.patel.2242@mail.test,5559406507,1980-01-25,146 cedar ln,2242,none
401,jennifer,johnson,jennifer johnson,jennifer.johnson.1158@mail.test,5559335230,1974-04-27,175 maple ave,1158,none
402,charles,silva,charles silva,charles.silva.1039@mail.test,5559851390,1985-05-04,38 elm way,1039,none
403,david,kim,david kim,david.nguyen.113@mail.test,5554097895,1951-04-09,174 cedar ln,113,household_nonmatch
404,thomas,smith,thomas smith,,5558990231,,168 maple ave,316,missing
405,william,obrien,william obrien,william.obrien.2019@mail.test,5555154004,1996-08-24,157 cedar ln,2019,none
406,daniel,garcia,daniel garcia,daniel.garcia.2083@mail.test,5555343172,1986-02-24,92 elm way,2083,near_collision
407,ann,van dyke,ann van dyke,ann.vandyke.1637@mail.test,5553505711,1997-12-22,53 pine ct,1637,none
408,willvam,jones,willvam jones,william.nguyen.5@mail.test,5556599612,1976-04-27,158 cedar ln,5,typo
409,thomas,brown,thomas brown,thomas.brown.3542@mail.test,5555937698,1989-11-24,30 maple ave,3542,none
410,hans,jones,hans jones,hans.kowalski.3443@mail.test,5559915734,1961-12-04,125 elm way,3443,household_nonmatch
411,susan,obrien,susan obrien,susan.obrien.1386@mail.test,5557354395,1972-02-13,100 birch rd,1386,none
412,william,smith,william smith,william.smiht.106@mail.test,5556824030,1988-04-17,116 elm way,106,typo
413,patricia,smith,patricia smith,patricia.smith.656@mail.test,5554719504,1988-08-02,58 elm way,656,none
414,michael,muehler,michael muehler,michael.mueller.1549@mail.test,5553206066,1961-11-06,98 pine ct,1549,typo
415,margaret,kim,margaret kim,margaret.kim.2775@mail.test,5558270021,1974-10-26,48 cedar ln,2775,none
416,ann,nguyen,ann nguyen,ann.nguyen.3486@mail.test,5558972957,1988-03-02,53 elm way,3486,none
417,r.,kim,r. kim,robert.kim.421@mail.test,5559519642,1964-06-04,66 pine ct,421,abbrev
418,margaret,nguyen,margaret nguyen,margaret.nguyen.3021@mail.test,5558955383,1981-02-08,172 cedar ln,3021,near_collision
419,michael,jones,michael jones,michael.jones.2523@mail.test,,,92 oak st,2523,missing
420,margaret,jøhnsøn,margaret jøhnsøn,margaret.jones.16i9@mail.test,5558799018,1978-04-03,15 maple ave,1619,typo
421,robeut,brown,robeut brown,robert.brown.206@mail.test,5551042513,1952-01-21,130 pine ct,206,typo
422,daniel,brown,daniel brown,daniel.brown.769@mail.test,5557971625,1963-11-16,165 birch rd,769,near_collision
423,laura,van dyke,laura van dyke,laura.vandyke.2149@mail.test,5554102393,1964-08-21,75 pine ct,2149,none
424,ann,nguyen,ann nguyen,ann.nguyen.531@mail.test,5554441825,1989-08-17,146 maple ave,531,none
425, Daniel ,kowalski, Daniel  kowalski,DANIEL.KOWALSKI.1019@MAIL.TEST,5559753605,1985-07-01,113 pine ct,1019,case_noise
426,hans,smith,hans smith,hans.smith.2087@mail.test,5555586487,1970-01-09,37 maple ave,2087,none
427, Charles ,kim,"kim,  Charles ",CHALES.SMITH.148@MAIL.TEST,5559234602,1980-01-03,99 elm way,148,reorder
428,david,nguyen,david nguyen,david.nguyen.2663@mail.test,5557422450,1991-06-08,103 cedar ln,2663,none
429,jose,kim,jose kim,jose.kim.1463@mail.test,5555614859,1956-07-10,5 birch rd,1463,none
430,margaret,kim,margaret kim,margaret.kim.2423@mail.test,5551687163,1965-10-17,109 oak st,2423,none
431,ann,silva,ann silva,ann.silva.1642@mail.test,5556264603,1974-11-15,181 birch rd,1642,none
432,sofia,patel,sofia patel,sofia.patel.648@mail.test,5552338034,1958-01-20,40 cedar ln,648,none
433,david,patel,david patel,david.patel.1575@mail.test,5558056241,1952-06-08,30 oak st,1575,none
434,daniel,kowalski,daniel kowalski,daniel.kowalski.957@mail.test,5559469869,1974-03-14,85 maple ave,957,none
435,james,silva,james silva,james.silva.1639@mail.test,5558548798,1971-09-23,6 cedar ln,1639,none
436,michael,patel,michael patel,michael.patel.587@mail.test,5558665133,1988-02-09,199 oak st,587,none
437,katherine,kowalski,katherine kowalski,katherine.kowalski.881@mail.test,5556519651,1996-09-01,114 pine ct,881,none
438,laura,brown,laura brown,laura.brown.3664@mail.test,5552782344,1989-07-27,183 cedar ln,3664,none
439,hans,patel,hans patel,hans.patel.415@mail.test,5555421885,1972-10-26,158 maple ave,415,near_collision
440,hans,smith,hans smith,hans.smith.2930@mail.test,5557065396,1951-08-26,95 cedar ln,2930,household_nonmatch
441,s.,johnson,s. johnson,,5551494654,1989-06-18,177 maple ave,45,missing
442,laura,joens,laura joens,laura.jones.1858@mail.test,5553099070,1975-10-24,126 maple ave,1858,typo
443,elizabeth,kowalski,elizabeth kowalski,elizabeth.johnson.822@mail.test,5552270505,1952-11-18,166 maple ave,822,household_nonmatch
444,laura,nguyen,laura nguyen,laura.nguyen.436@mail.test,5556442669,1988-01-20,189 oak st,436,none
445,liz,jnes,liz jnes,elizabeth.jones.545@mail.test,5558557917,1998-08-14,146 pine ct,545,abbrev
446,robert,patel,robert patel,,5552725695,,138 birch rd,2880,missing
447,thomas,obrien,thomas obrien,thomas.obrien.923@mail.test,5556294641,1987-06-22,161 maple ave,923,none
448,hans,smrth,hans smrth,hans.smith.2001@mail.test,5559855925,1981-12-03,126 oak st,2001,typo
449,laura,smith,laura smith,laura.smith.298@mail.test,5559498517,1981-07-04,8 maple ave,298,none
450,susan,silva,susan silva,susan.silva.1192@mail.test,5553194068,1954-05-02,135 elm way,1192,none
451,james,johnson,james johnson,james.johnson.1109@mail.test,5558809558,1956-02-21,192 pine ct,1109,none
452,james,murphy,james murphy,james.murphy.313@mail.test,5555581396,1981-03-25,79 pine ct,313,none
453,sofia,brown,sofia brown,sofia.brown.89@mail.test,5554021534,1968-07-08,121 cedar ln,89,none
454,ann,patel,ann patel,ann.patel.1887@mail.test,5557943967,1969-12-15,141 cedar ln,1887,none
455,david,garcia,david garcia,david.garcia.2876@mail.test,5556435524,1969-07-12,139 pine ct,2876,none
456,elizabeth,mueller,elizabeth mueller,elizabeth.mueller.1134@mail.test,5557474632,1957-01-01,191 pine ct,1134,none
457,michael,brown,michael brown,michael.brown.306@mail.test,5553115872,1986-12-25,198 cedar ln,306,none
458,laura,kowalski,laura kowalski,laura.kowalski.2319@mail.test,5553202853,1953-07-06,173 pine ct,2319,none
459,thomas,obrien,thomas obrien,thomas.obrien.3380@mail.test,5559394234,1971-05-10,157 elm way,3380,none
460,david,jones,david jones,david.garcia.1762@mail.test,5557843358,1980-01-27,28 oak st,1762,household_nonmatch
461,elizabeth,patel,elizabeth patel,elizabeth.patel.233@mail.test,5551921590,1974-03-17,47 maple ave,233,none
462,bill,garcia,bill garcia,,5552773094,1983-02-02,15 elm way,626,abbrev
463,susan,murphy,susan murphy,susan.murphy.3067@mail.test,5557312067,1959-07-16,3 maple ave,3067,none
464,laura,nguyen,laura nguyen,laura.nguyen.2852@mail.test,5557882446,1955-10-24,20 elm way,2852,none
465,jennifer,patel,jennifer patel,jennifer.patel.1603@mail.test,5556493042,1958-11-02,156 elm way,1603,none
466,william,van dyke,william van dyke,william.vandyke.1284@mail.test,5551598060,1981-03-10,110 birch rd,1284,near_collision
467,hans,silva,"silva, hans",hans.silva.165@mail.test,5553959722,1983-07-12,187 pine ct,165,reorder
468,jose,patel,jose patel,jose.patel.437@mail.test,,1994-10-12,169 birch rd,437,missing
469,james,murphy,james murphy,james.murphy.3354@mail.test,5556120317,1984-02-21,111 elm way,3354,none
470,elizabeth,jones,elizabeth jones,elizabetr.jones.271@mail.test,5552908222,1954-05-16,131 maple ave,271,typo
471,jennifer,patel,jennifer patel,jennifer.patel.175@mail.test,,1975-05-12,117 oak st,175,missing
472,katherine,johnson,katherine johnson,katherine.johnson.310@mail.test,5559898983,1987-11-09,137 oak st,310,none
473,elizabeth,murphy,elizabeth murphy,elizabeth.murphy.3276@mail.test,5554359732,1991-12-19,97 birch rd,3276,none
474,jennifer,brown,jennifer brown,jennifer.brown.1433@mail.test,5551329937,1995-06-15,138 cedar ln,1433,none
475,laura,mueller,laura mueller,laura.mueller.2340@mail.test,5557441110,1979-04-07,126 birch rd,2340,near_collision
476,katherine,obrien,katherine obrien,katherine.obrien.2361@mail.test,5553893794,1995-03-17,130 maple ave,2361,none
477,michael,kim,michael kim,michael.kim.2318@mail.test,5557078404,1995-10-25,137 oak st,2318,none
478,hans,johnson,hans johnson,hans.johnson.323@mail.test,5556440112,1989-05-21,32 pine ct,323,none
479,jose,kim,jose kim,jose.kim.1034@mail.test,5559613356,1964-10-22,130 maple ave,1034,near_collision
480,jennifer,johnson,jennifer johnson,jennifer.johnson.912@mail.test,5552051538,1950-11-04,183 oak st,912,none
481,david,smith,david smith,david.smith.3637@mail.test,5558835972,1995-10-21,41 pine ct,3637,none
482,jose,murphy,jose murphy,jose.murphy.2598@mail.test,5554469311,1978-04-21,24 maple ave,2598,near_collision
483,james,obrien,james obrien,james.obrien.771@mail.test,5559175284,1969-01-22,71 birch rd,771,none
484,elizabeth,nguyen,"nguyen, elizabeth",elizabeth.nguyen.188@mail.test,5554457788,1988-12-06,28 cedar ln,188,reorder
485,hans,garcia,hans garcia,hans.garcia.3172@mail.test,5558558338,1951-03-24,105 elm way,3172,none
486,jennifer,smith,jennifer smith,jennifer.smith.675mail.test,5557893964,1993-02-02,188 birch rd,675,typo
487,charles,brown,charles brown,charles.brown.2758@mail.test,5555732841,1990-10-17,34 cedar ln,2758,none
488,m.,obrien,m. obrien,michael.obrien.639@mail.test,5559588921,1952-02-23,178 cedar ln,639,abbrev
489,elizabeth,patel,elizabeth patel,elizabeth.patel.2550@mail.test,5552506270,1959-03-14,101 maple ave,2550,none
490,robert,jøhnsøn,"jøhnsøn, robert",robert.johnson.402@mail.test,5557390195,1959-10-24,53 cedar ln,402,reorder
491,daniel,van dyke,daniel van dyke,daniel.vandyke.463@mail.test,5552203965,1953-08-13,7 cedar ln,463,none
492,william,jones,william jones,william.jones.3127@mail.test,5559976890,1986-02-06,198 pine ct,3127,none
493,margaret,johnson,margaret johnson,margaret.johnson.303@mail.test,5551781105,1963-12-05,137 cedar ln,303,none
494,sfoia,smith,sfoia smith,sofia.smith.1604@mail.test,5552512406,1953-02-06,181 maple ave,1604,typo
495,robert,kim,robert kim,robert.kim.57@mail.test,5559234602,1988-01-21,99 elm way,57,none
496,susan,garcia,susan garcia,susan.garcia.1489@mail.test,5553853035,1975-03-27,192 maple ave,1489,near_collision
497,thomas,smith,thomas smith,thomas.smith.1565@mail.test,5556940301,1978-04-04,79 cedar ln,1565,none
498,charles,patel,charles patel,charles.patel.88@mail.test,5556993869,1988-09-11,122 cedar ln,88,none
499,laura,patel,laura patel,laura.patel.1822@mail.test,5559137520,1980-06-03,152 cedar ln,1822,none
500,charles,jones,charles jones,charles.jones.1266@mail.test,5554583925,1970-05-07,196 birch rd,1266,none
501,william,silva,william silva,william.silva.269@mail.test,5556859082,1991-12-06,39 oak st,269,near_collision
502,laura,garcia,laura garcia,laura.garcia.619@mail.test,5559400468,1984-11-11,88 cedar ln,619,none
503,william,jones,william jones,william.jones.1228@mail.test,5551351228,1971-06-11,44 birch rd,1228,none
504,ann,murphy,ann murphy,ann.garcia.2266@mail.test,5551757930,1991-05-18,28 oak st,2266,household_nonmatch
505,sue,johnson,sue johnson,susan.johnson.76@mail.test,5558799018,1961-04-15,15 maple ave,76,abbrev
506,jose,kim,jose kim,jose.kim.979@mail.test,5551789344,1965-02-06,48 elm way,979,near_collision
507,katherine,silva,katherine silva,katherine.silva.1219@mail.test,5557307974,1983-07-25,182 elm way,1219,none
508,james,nguyen,james nguyen,james.nguyen.1291@mail.test,5557535711,1979-05-02,144 oak st,1291,none
509,margaret,johnson,margaret johnson,margaret.johnson.1783@mail.test,5555546328,1958-09-08,28 maple ave,1783,none
510,ann,mueller,ann mueller,ann.mueller.1537@mail.test,5558847433,1979-01-07,121 cedar ln,1537,none
511,michael,mueller,michael mueller,michael.mueller.2788@mail.test,5554276419,1951-04-03,178 oak st,2788,none
512,laura,johnson,laura johnson,laura.johnson.66@mail.test,5554620593,1977-01-26,190 elm way,66,none
513,james,mueller,james mueller,james.mueller.2670@mail.test,5558752822,1950-11-24,44 oak st,2670,near_collision
514,jose,kim,jose kim,jose.kim.3649@mail.test,5554086975,1990-04-01,185 cedar ln,3649,near_collision
515,margaret,brown,margaret brown,margaret.brown.497@mail.test,5556735150,1970-02-27,73 elm way,497,near_collision
516,patricia,smith,patricia smith,patricia.smith.1149@mail.test,5557487684,1982-08-16,73 oak st,1149,none
517,william,kim,william kim,william.kim.3626@mail.test,5551646591,1984-05-23,161 cedar ln,3626,none
518,margaret,murphy,margaret murphy,margaret.murphy.2306@mail.test,5559857476,1981-06-01,143 elm way,2306,none
519,katherine,obrien,katherine obrien,katherine.obrien.570@mail.test,5559451237,1975-02-02,3 pine ct,570,near_collision
520,hans,kim,hans kim,hans.kim.2269@mail.test,5557944638,1971-12-11,25 maple ave,2269,near_collision
521,laura,van dyke,"van dyke, laura",laura.vandyke.2149@mil.test,5554102393,1964-08-21,75 pine ct,2149,reorder
522,david,van dyke,david van dyke,david.vandyke.3623@mail.test,5553040544,1987-07-01,188 birch rd,3623,near_collision
523,margaret,brown,margaret brown,margaret.brown.2772@mail.test,5559619263,1982-12-04,88 birch rd,2772,none
524,william,van dyke,william van dyke,william.vandyke.3576@mail.test,5558447873,1963-10-13,125 pine ct,3576,none
525,laura,smith,laura smith,laura.johnson.825@mail.test,5551729526,1994-03-03,80 elm way,825,household_nonmatch
526,kathewine,mueller,kathewine mueller,katherine.mueller.845@mail.test,5553568062,1965-11-06,72 oak st,845,typo
527,w.,jones,w. jones,wliliam.jones.4@mail.test,5555627058,1963-06-11,126 birch rd,4,abbrev
528,jose,murpy,jose murpy,jose.murphy.1806@mail.test,5551757930,1958-03-10,28 oak st,1806,typo
529,david,kim,david kim,david.kim.673@mail.test,5555648106,1992-03-02,185 pine ct,673,none
530,susan,johnson,susan johnson,,5552453617,,36 maple ave,612,missing
531,thomas,smith,thomas smith,thomas.smith.2409@mail.test,5555008091,1973-12-03,196 birch rd,2409,none
532,charles,kim,charles kim,charles.kim.1640@mail.test,5558728144,1995-12-19,15 maple ave,1640,none
533,sofia,patel,sofia patel,sofia.patel.3291@mail.test,5553475441,1988-11-14,9 pine ct,3291,none
534,sofia,jones,sofia jones,sofia.jones.3361@mail.test,5554705723,1952-04-21,77 elm way,3361,none
535,hans,garcia,hans garcia,hans.garcia.2377@mail.test,5556878781,1962-02-11,155 pine ct,2377,none
536,daniel,jones,daniel jones,daniel.jones.1464@mail.test,5552276875,1969-05-04,13 cedar ln,1464,none
537,charles,patel,"patel, charles",charles.patel.2188@mail.test,5556505414,1951-08-23,108 elm way,2188,reorder
538,sofia,brown,sofia brown,,5554208845,,38 birch rd,93,missing
539,margaret,silva,margaret silva,margaret.silva.3357@mail.test,5554763915,1973-02-25,194 elm way,3357,none
540,susan,murphy,susan murphy,susan.murphy.1750@mail.test,5554241244,1981-06-13,136 birch rd,1750,none
541,thomas,patel,thomas patel,thomas.patel.2119@mail.test,5556649493,1956-02-14,59 cedar ln,2119,none
542,hans,obrien,hans obrien,hans.obrien.2527@mail.test,5555147335,1989-10-27,3 birch rd,2527,near_collision
543,margaret,jones,margaret jones,margaret.jones.2735@mail.test,5553525076,1982-11-14,170 cedar ln,2735,near_collision
544,thomas,kim,thomas kim,thomas.kim.3360@mail.test,5551166969,1981-05-14,15 birch rd,3360,none
545,hans,nguyen,hans nguyen,hans.nguyen.3386@mail.test,5559559007,1992-01-03,26 oak st,3386,none
546,susan,silva,susan silva,susan.silva.3138@mail.test,5552485662,1980-10-20,146 oak st,3138,none
547,jose,jones,jose jones,jose.jones.3642@mail.test,5556648737,1977-06-06,192 elm way,3642,none
548,susan,murphy,susan murphy,susan.murphy.1892@mail.test,5555609905,1971-09-12,49 oak st,1892,none
549, William ,van dyke, William  van dyke,WILLIAM.VANDYKE.1415@MAIL.TEST,5559572033,1980-08-26,53 pine ct,1415,case_noise
550,william,smith,william smith,william.smith.106@mail.test,,,116 elm way,106,missing
551,jose,kim,jose kim,jose.kim.491@mail.test,5557077294,1975-07-27,198 oak st,491,none
552,katherine,garcia,katherine garcia,katherine.garcia.561@mail.test,5552303944,1960-12-04,154 cedar ln,561,none
553,jose,jones,jose jones,jose.jones.1088@mail.test,5557807518,1997-12-18,64 cedar ln,1088,none
554,hans,mueller,hans mueller,hans.mueller.3104@mail.test,5559677456,1991-09-15,66 cedar ln,3104,none
555,daniel,kowalski,daniel kowalski,daniel.kowalski.3617@mail.test,5555174087,1958-11-13,153 maple ave,3617,none
556,daniel,kowalski,"kowalski, daniel",daniel.smith.2133@mail.test,5558875839,1983-12-02,27 oak st,2133,reorder
557,jose,murphy,jose murphy,jose.murphy.1295@mail.test,5553556729,1974-01-07,49 oak st,1295,none
558,greta,brown,greta brown,greta.brown.257@mail.test,5557293278,1967-04-16,32 elm way,257,none
559,ann,obrien,ann obrien,ann.obrien.510@mail.test,5551018476,1952-06-06,166 elm way,510,near_collision
560,daniel,silva,daniel silva,daniel.silva.470@mail.test,5552631797,1978-03-17,62 elm way,470,none
561,robert,mueller,robert mueller,robert.mueller.1654@mail.test,5557956197,1956-04-10,119 maple ave,1654,none
562,robert,murphy,robert murphy,robert.murphy.1251@mail.test,5553130079,1993-12-05,22 pine ct,1251,none
563,paticia,smith,paticia smith,,5557749237,1988-08-21,77 maple ave,296,missing
564,hans,nguyen,hans nguyen,hans.nguyen.1690@mail.test,5556446154,1991-04-24,90 elm way,1690,none
565,robert,murkhy,robert murkhy,robert.silva.479@mail.test,5557361583,1959-04-26,14 maple ave,479,household_nonmatch
566,michael,obrien,michael obrien,michael.obrien.2693@mail.test,5559786050,1951-04-08,74 elm way,2693,near_collision
567, William ,kim, William  kim,WILILAM.KIM.169@MAIL.TEST,5557971350,,8 cedar ln,169,case_noise
568,charles,nguyen,charles nguyen,charles.nguyen.1722@mail.test,5552165350,1975-03-27,106 elm way,1722,none
569,michael,nguyen,michael nguyen,michael.jones.841@mail.test,5558890365,1955-04-07,68 elm way,841,household_nonmatch
570,thomas,johnson,thomas johnson,thomas.johnson.1958@mail.test,5551330176,1975-06-13,2 cedar ln,1958,none
571,katherine,smith,katherine smith,katherine.smith.1181@mail.test,5552223828,1954-10-15,2 birch rd,1181,none
572,susan,murphy,susan murphy,susan.mueller.1256@mail.test,5552432884,1967-04-07,182 pine ct,1256,household_nonmatch
573,william,patel,william patel,william.patel.2215@mail.test,5552603490,1963-04-08,163 birch rd,2215,near_collision
574,hans,van dyke,hans van dyke,hans.smith.2904@mail.test,5559797451,1990-11-01,30 pine ct,2904,household_nonmatch
575,jennifer,garcia,jennifer garcia,jennifer.garcia.766@mail.test,5559235202,1970-06-24,85 birch rd,766,none
576,margaret,kim,margaret kim,margaret.kim.2922@mail.test,5551660394,1989-06-07,23 pine ct,2922,none
577,james,obrien,james obrien,james.obrien.2267@mail.test,5556065388,1970-08-12,157 elm way,2267,none
578,katherine,garcia,katherine garcia,katherine.garcia.2873@mail.test,5555991753,1996-10-19,131 pine ct,2873,near_collision
579,ann,smith,ann smith,ann.smith.2366@mail.test,5552913080,1978-03-20,97 birch rd,2366,none
580,s.,mueller,s. mueller,,,1970-06-02,149 pine ct,69,abbrev
581,william,jones,william jones,william.jones.4@mail.test,5555627058,1963-06-11,126 birch rd,4,none
582,jennifer,silva,jennifer silva,jennifer.silva.3573@mail.test,5553748205,1990-05-26,141 cedar ln,3573,near_collision
583,laura,obrien,laura obrien,laura.obrien.2856@mail.test,5556271741,1973-04-04,132 birch rd,2856,none
584,elizabeth,nguyen,"nguyen, elizabeth",elizabeth.johnson.742@mail.test,5553683787,1971-06-23,184 pine ct,742,reorder
585, Jennifer ,brown, Jennifer  brown,JENNIFER.BROWN.1726@MAIL.TEST,5559397135,1967-09-15,186 oak st,1726,case_noise
586,daniel,kowalski,daniel kowalski,daniel.kowalski.3355@mail.test,5551430998,1951-06-10,85 birch rd,3355,none
587,sofia,mueller,sofia mueller,sofia.mueller.3577@mail.test,5553431980,1985-10-25,97 maple ave,3577,near_collision
588,thomas,silva,thomas silva,thomas.silva.1864@mail.test,5554858660,1979-02-08,150 elm way,1864,none
589,sofia,smith,sofia smith,sofia.smith.2207@mail.test,5554959627,1954-01-12,197 oak st,2207,none
590,elizabeth,smith,elizabeth smith,elizafeth.murphy.166@mail.test,5552182966,1992-09-18,100 cedar ln,166,typo
591,hans,brown,hans brown,hans.brown.181@mail.test,5553156342,,110 cedar ln,181,missing
592,h.,garcia,h. garcia,hans.garcia.799@mail.test,5557635363,1964-02-14,114 pine ct,799,abbrev
593, .,brown, . brown,GRETA.BROWN.810@MAIL.TEST,5558745500,1993-02-03,123 elm way,810,abbrev
594,ann,johnson,ann johnson,ann.johnson.588@mail.test,5553235898,1956-10-07,155 maple ave,588,near_collision
595,susan,brown,susan brown,susan.brown.1638@mail.test,5556787401,1998-04-26,158 oak st,1638,none
596,thomas,brown,thomas brown,thomas.brown.3475@mail.test,5554612830,1954-01-01,98 pine ct,3475,near_collision
597,daniel,garcia,"garcia, daniel",daniel.garcia.185@mail.test,5551005910,1962-05-25,51 elm way,185,reorder
598,margaret,johnson,margaret johnson,margaret.johnson.2794@mail.test,5553286575,1997-12-26,68 pine ct,2794,near_collision
599,michael,brown,michael brown,michael.brown.33m@ail.test,,1971-08-06,108 elm way,33,missing
600,laura,garcia,laura garcia,laura.garcia.3667@mail.test,5555205674,1975-01-13,130 oak st,3667,near_collision
601,laura,murphy,laura murphy,laura.murphy.3520@mail.test,5557509091,1987-09-12,60 cedar ln,3520,none
602,j.,nguyen,j. nguyen,james.nguyen.26@mail.test,5553683787,1966-08-11,184 pine ct,26,abbrev
603,robert,silva,robert silva,robert.silva.2445@mail.test,5552576584,1957-11-07,106 elm way,2445,none
604,jennifer,kowalski,jennifer kowalski,jennifer.patel.2063@mail.test,5552493419,1986-10-11,98 maple ave,2063,household_nonmatch
605,robert,van dyke,robert van dyke,robert.vandyke.889@mail.test,5558097276,1987-11-14,44 birch rd,889,none
606,william,murphy,william murphy,william.murphy.369@mail.test,5552228005,1984-10-02,83 birch rd,369,none
607, Michael ,nguyen,"nguyen,  Michael ",MICHAEL.NGUYEN.47@MAIL.TEST,5558866618,1987-08-21,40 maple ave,47,reorder
608,david,murphy,david murphy,david.murphy.3530@mail.test,5559345677,1982-08-09,152 elm way,3530,none
609,d.,smith,d. smith,daniel.smith.1941@mail.test,5555379623,1968-05-10,26 pine ct,1941,abbrev
610,jennifer,mueller,jennifer mueller,jennifer.mueller.1766@mail.test,5551069134,1968-09-15,90 pine ct,1766,near_collision
611,greta,kim,greta kim,greta.kim.1383@mail.test,5554186670,1967-05-08,57 cedar ln,1383,none
612,robert,patel,robert patel,robert.patel.142@mail.test,5557286357,1998-03-09,3 birch rd,142,none
613,james,patel,james patel,james.patel.1354@mail.test,5554054371,1953-10-10,73 cedar ln,1354,near_collision
614,jose,silva,jose silva,jose.silva.876@mail.test,5559930938,1973-11-03,141 maple ave,876,none
615,greta,johnson,greta johnson,greta.johqson.10@mail.test,5552184542,1991-11-14,132 elm way,10,typo
616,robert,van dyke,robert van dyke,robert.garcia.2214@mail.test,5553452276,1960-04-22,3 maple ave,2214,household_nonmatch
617,liz,jones,liz jones,elizabeth.jones.1246@mail.test,5558931102,1958-01-16,18 oak st,1246,abbrev
618,sofia,van dyke,sofia van dyke,sofia.vandk.e199@mail.test,5558897615,1967-03-15,35 pine ct,199,typo
619,elizabeth,kowalski,elizabeth kowalski,elizabeth.kowalski.3097@mail.test,5553398396,1955-10-15,185 maple ave,3097,near_collision
620,dvid,kim,dvid kim,david.kim.311@mail.test,5552119075,1986-04-21,4 oak st,311,typo
621, Tohmsa ,kim, Tohmsa  kim,THOMAS.KIM.65@MAIL.TSET,5551494913,1985-07-15,95 birch rd,65,case_noise
622,jose,garfia,jose garfia,jose.brow.n1564@mail.test,5554847356,1996-12-02,43 birch rd,1564,typo
623,robert,nguyen,robert nguyen,robert.nguyen.356@mail.test,5552430653,1982-05-20,14 maple ave,356,near_collision
624,trish,padel,trish padel,patricia.patel.743@mail.test,5554961038,1963-09-19,20 oak st,743,abbrev
625,patricia,patel,patricia patel,,5558641534,1991-10-08,150 birch rd,256,missing
626,laura,nguyen,laura nguyen,laura.nguyen.1595@mail.test,5551531313,1968-06-20,5 birch rd,1595,none
627,elizabeth,obrien,elizabeth obrien,elizabeth.obrien.156@mail.test,5553864893,1977-02-22,118 oak st,156,none
628,michael,garcia,michael garcia,michael.garcia.1272@mail.test,5554030499,1995-06-25,56 oak st,1272,none
629,charles,garcia,charles garcia,charles.garcia.2899@mail.test,5555843462,1984-04-25,67 cedar ln,2899,none
630,greta,mueller,greta mueller,greta.mueller.3607@mail.test,5552530669,1963-08-24,149 oak st,3607,none
631,w.,jones,w. jones,william.jones.4@mail.test,5555627058,1963-06-11,126 birch rd,4,abbrev
632,susan,patel,susan patel,susan.patel.3165@mail.test,5552031123,1992-11-01,48 birch rd,3165,none
633,elizabeth,murphy,elizabeth murphy,elizabeth.murphy.3438@mail.test,5558672745,1962-09-21,155 birch rd,3438,none
634,susan,kowalski,susan kowalski,susan.kowalski.1896@mail.test,5554532774,1985-11-20,60 maple ave,1896,near_collision
635,william,kowalski,william kowalski,william.kowalski.2897@mail.test,5556526612,1992-08-03,14 maple ave,2897,none
636,hans,murphy,hans murphy,hans.murphy.1336@mail.test,5557488392,1960-03-16,87 cedar ln,1336,none
637,william,patel,william patel,william.patel.1235@mail.test,5552470308,1980-07-10,112 cedar ln,1235,none
638,patrica,brown,patrica brown,patricia.brown.1362@mail.test,5552261764,1977-08-26,72 birch rd,1362,typo
639,daniel,johnson,daniel johnson,,,1985-12-23,71 birch rd,283,missing
640,thomas,jones,thomas jones,thomas.jones.2068@mail.test,5554400896,1970-11-25,97 cedar ln,2068,none
641,bill,jones,bill jones,william.jones.1618@mail.test,5557193309,1954-09-19,163 elm way,1618,abbrev
642,jennifer,nguyen,jennifer nguyen,jennifer.nguyen.1746@mail.test,5552807714,1959-12-06,186 elm way,1746,none
643,michael,brown,michael brown,michael.brown.3100@mail.test,5552893810,1998-10-05,75 oak st,3100,none
644,margaret,jones,margaret jones,margaret.jones.2548@mail.test,5557516610,1992-01-16,154 birch rd,2548,none
645,jose,nguyen,jose nguyen,jose.kowalski.125@mail.test,5553683787,1965-04-18,184 pine ct,125,household_nonmatch
646,charles,van dyke,"van dyke, charles",charles.vandyke.452@mail.test,5551001631,1968-03-18,11 pine ct,452,reorder
647,greta,patel,greta patel,greta.patel.734@mail.test,5558636408,1963-10-22,73 birch rd,734,none
648,jennifer,nguyen,jennifer nguyen,jennifer.mueller.1854@mail.test,5558866618,1970-01-25,40 maple ave,1854,household_nonmatch
649,robedt,kim,robedt kim,robert.kim.932@mail.test,5552121117,1960-02-16,5 pine ct,932,typo
650,elizabeth,kim,elizabeth kim,elizabeth.kim.467@mail.test,5556063251,1969-09-04,8 cedar ln,467,none
651, Mike ,brown, Mike  brown,MICHAEL.BROWN.33@MAIL.TEST,5558304285,1971-08-06,108 elm way,33,case_noise
652,ann,nguyen,ann nguyen,ann.nguyen.2843@mail.test,5553960561,1997-06-22,181 oak st,2843,none
653,greta,kowalski,greta kowalski,greta.kowalski.781@mail.test,5554181532,1987-09-07,46 maple ave,781,none
654,william,jones,william jones,william.jones.547@mail.test,5558987496,1998-05-04,157 cedar ln,547,none
655,david,kowalski,david kowalski,david.kowalski.530@mail.test,5551048167,1976-04-08,74 maple ave,530,near_collision
656,thomas,kim,"kim, thomas",thomas.kim.65@mail.tset,5551494913,1985-07-15,95 birch rd,65,reorder
657,jennifer,smith,jennifer smith,jennifer.smith.676@mail.test,5551612946,1960-03-27,75 birch rd,676,near_collision
658,david,brown,david brown,david.brown.176@mail.test,5557355294,1986-06-19,177 maple ave,176,none
659,elizabeth,smith,elizabeth smith,elizabeth.smith.225@mail.test,5558178495,1978-06-16,102 cedar ln,225,near_collision
660,katherine,mueller,katherine mueller,katherine.mueller.845@mail.test,5553568062,1965-11-06,72 oak st,845,near_collision
661,elizabeth,smith,elizabeth smith,elizabeth.smith.2633@mail.test,5556902469,1971-10-16,49 pine ct,2633,none
662,william,kim,william kim,william.kim.1462@mail.test,5558376536,1966-12-26,167 maple ave,1462,none
663,hans,obrien,hans obrien,hans.obrien.2422@mail.test,5556074544,1950-09-02,31 maple ave,2422,none
664,ann,patel,ann patel,ann.patel.595@mail.test,5552285376,1982-05-27,28 pine ct,595,near_collision
665,susan,garcia,susan garcia,susan.garcia.749@mail.test,5552266066,1954-11-27,104 cedar ln,749,near_collision
666,sofia,johnson,sofia johnson,sofia.johnson.3594@mail.test,5551195922,1997-04-03,177 cedar ln,3594,none
667,a.,jones,a. jones,ann.johnson.496@mail.test,5555627058,1958-10-14,126 birch rd,496,abbrev
668,william,johnson,william johnson,william.johnson.3229@mail.test,5552076287,1996-02-22,155 cedar ln,3229,none
669,margaret,van dyke,margaret van dyke,margaret.vandyke.259@mail.test,5555849846,1998-05-09,35 oak st,259,none
670,charles,nguyen,charles nguyen,charles.nguyen.3068@mail.test,5552174021,1968-02-17,138 birch rd,3068,none
671,sofia,nguyen,sofia nguyen,sofia.nguyen.1286@mail.test,5558895424,1950-04-26,178 pine ct,1286,none
672,katherine,patel,katherine patel,katherine.patel.425@mail.test,5551149148,1979-12-13,54 birch rd,425,near_collision
673,robert,silva,robert silva,robert.silva.1168@mail.test,5558067274,1957-06-18,149 elm way,1168,none
674,david,murphy,david murphy,david.murphy.1338@mail.test,5559323875,1956-11-17,138 elm way,1338,none
675,jose,garcia,jose garcia,jose.garcia.1445@mail.test,5556743967,1980-10-03,123 oak st,1445,near_collision
676,daniel,kim,daniel kim,daniel.kim.119@mail.test,5554893261,1986-11-19,167 elm way,119,none
677,jose,kim,jose kim,jose.kim.3163@mail.test,5555656442,1968-05-13,173 cedar ln,3163,near_collision
678,mike,brown,mike brown,michael.brown.33@mail.test,5558304285,1971-08-06,108 elm way,33,abbrev
679,charles,van dyke,charles van dyke,charles.vandyke.493@mail.test,5553553361,1974-12-21,121 maple ave,493,near_collision
680,william,van dyke,william van dyke,william.vandyke.1222@mail.test,5556335677,1965-08-12,118 maple ave,1222,none
681,laura,mueller,laura mueller,laura.mueller.3495@mail.test,5557199033,1989-07-26,16 cedar ln,3495,none
682,david,garcia,david garcia,david.garcia.3424@mail.test,5555081919,1993-01-05,79 birch rd,3424,none
683,susan,johnson,susan johnson,susan.johnson.787@mail.test,5554010262,1992-03-24,58 maple ave,787,none
684,c.,jones,c. jones,charles.jones.20@mail.test,5553075901,1961-03-06,18 cedar ln,20,abbrev
685,thomas,nguyen,thomas nguyen,thomas.nguyen.1054@mail.test,5557397482,1951-03-24,141 maple ave,1054,none
686,greta,jones,greta jones,greta.jones.2453@mail.test,5557452616,1979-07-13,21 cedar ln,2453,none
687,david,nguyen,david nguyen,david.nguyen.2934@mail.test,5552835956,1992-03-05,36 maple ave,2934,none
688,robert,nguyen,robert nguyen,robert.nguyen.1786@mail.test,5558064222,1985-07-21,116 elm way,1786,none
689,william,kowalski,william kowalski,william.kowalski.2800@mail.test,5556506124,1956-12-01,106 cedar ln,2800,none
690,hans,garcia,hans garcia,hans.garcia.2957@mail.test,5551582791,1975-04-17,22 elm way,2957,none
691,charles,murphy,charles murphy,chrhes.murphy.60@mail.test,5553714800,1966-03-03,147 birch rd,60,typo
692,jennifer,kim,jennifer kim,jennifer.kim.1472@mail.test,5556454577,1963-01-17,42 elm way,1472,none
693,greta,patel,greta patel,greta.nguyen.2272@mail.test,5551149148,1952-05-14,54 birch rd,2272,household_nonmatch
694,patricia,kowalski,patricia kowalski,patricia.kowalski.302@mail.test,5556013313,1973-11-27,85 pine ct,302,none
695,michael,van dyke,michael van dyke,michael.obrien.1752@mail.test,5551598060,1965-02-26,110 birch rd,1752,household_nonmatch
696,charles,jones,charles jones,charles.jones.3661@mail.test,5558398113,1986-08-03,21 birch rd,3661,none
697,hans,silva,hans silva,hans.silva.522@mail.test,5551640321,,95 birch rd,522,missing
698,thomas,johnson,thomas johnson,thomas.kim.1546@mail.test,5552184542,1978-11-12,132 elm way,1546,household_nonmatch
699,ann,kim,"kim, ann",ann.kim.536@mail.test,5552215499,1972-10-08,154 maple ave,536,reorder
700,charles,jones,charles jones,charles.jones.3449@mail.test,5557088390,1970-10-07,119 cedar ln,3449,none
701,ann,murphy,ann murphy,ann.murphy.3261@mail.test,5554389295,1974-01-12,55 maple ave,3261,none
702,sofia,patel,sofia patel,sofia.patel.1939@mail.test,5557219907,1987-05-07,170 elm way,1939,none
703,elizabeth,patel,elizabeth patel,elizabeth.patel.2966@mail.test,5557137997,1982-10-05,132 oak st,2966,none
704,robert,obrien,robert obrien,robert.obrien.3295@mail.test,5556857099,1970-05-07,46 maple ave,3295,near_collision
705,thomas,garcia,thomas garcia,thomas.vandyke.2053@mail.test,5557250776,1967-09-22,171 cedar ln,2053,household_nonmatch
706,david,obrien,david obrien,david.obrien.651@mail.test,5554140454,1971-10-02,22 cedar ln,651,near_collision
707,laura,kim,laura kim,laura.obrien.2157@mail.test,5557770693,1966-03-08,10 birch rd,2157,household_nonmatch
708,hans,brøwn,hans brøwn,hans.brown.181@mail.test,5553156342,,110 cedar ln,181,translit
709,katherine,patel,katherine patel,katherine.patel.37@mail.test,5556484007,1988-02-13,128 maple ave,37,none
710,margaret,obrien,margaret obrien,margaret.obrien.2841@mail.test,5551879656,1969-07-03,179 birch rd,2841,near_collision
711,sofia,kowalski,sofia kowalski,sofia.kowalski.107@mail.test,5558225004,1997-07-12,118 oak st,107,none
712,sofia,nguyen,sofia nguyen,sofia.murphy.3347@mail.test,5559118846,1994-10-14,115 birch rd,3347,household_nonmatch
713,sofia,jones,sofia jones,sofia.smith.1961@mail.test,5551493493,1950-02-23,23 cedar ln,1961,household_nonmatch
714,jennifer,brown,jennifer brown,jennifer.brown.1582@mail.test,5559867240,1991-03-24,3 oak st,1582,none
715, Danel ,smith, Danel  smith,DANIEL.SMITH.1@MIAL.TEST,5552182966,1989-02-13,100 cedar ln,1,typo
716,greta,mueller,greta mueller,greta.mueller.2403@mail.test,5559147167,1952-03-22,87 cedar ln,2403,none
717,robert,nguyen,robert nguyen,robert.nguyen.357@mail.test,5554461687,1997-08-24,116 birch rd,357,near_collision
718,patrciia,smith,patrciia smith,patricia.smith.667@mail.test,5551265014,1995-05-22,158 birch rd,667,typo
719,patricia,brown,patricia brown,patricia.brown.2420@mail.test,5556495868,1962-11-18,82 elm way,2420,none
720,elizabeth,kowalski,elizabeth kowalski,elizabeth.smith.895@mail.test,5558842053,1955-02-24,102 elm way,895,household_nonmatch
721,hans,patel,hans patel,hans.patel.68@mail.test,5556776454,1970-05-03,135 elm way,68,none
722,katherine,kowalski,katherine kowalski,,5552493419,1976-08-24,98 maple ave,108,missing
723,robert,kim,robert kim,robert.kim.2875@mail.test,5552511362,1971-01-16,53 maple ave,2875,none
724,hans,nguyen,hans nguyen,hans.nguyen.875@mail.test,5555479824,1978-09-24,5 pine ct,875,none
725,sofia,nguyen,sofia nguyen,sofia.nguyen.1886@mail.test,,,80 pine ct,1886,translit
726,david,murphy,david murphy,david.murphy.1741@mail.test,5557622885,1954-03-02,77 oak st,1741,none
727,sofia,murphy,sofia murphy,sofia.murphy.3253@mail.test,5553609638,1985-01-24,79 oak st,3253,none
728,katherine,brown,katherine brown,katherine.brown.910@mail.test,5554801769,1963-01-25,171 oak st,910,none
729,jose,brown,jose brown,jose.brown.370@mail.test,5554958967,1976-06-09,192 cedar ln,370,none
730,daniel,kim,daniel kim,daniel.kim.2031@mail.test,5557963216,1975-08-14,173 oak st,2031,household_nonmatch
731,katherine,johnson,"johnson, katherine",katherine.johnson.411@mail.test,5555616450,1977-06-23,58 maple ave,411,reorder
732,susan,brøwn,susan brøwn,susan.obrien.3061@mail.test,,1964-06-17,116 cedar ln,3061,translit
733,david,smith,david smith,david.smith.474@mail.test,5551473699,1983-10-03,185 pine ct,474,none
734,elizabeth,jones,elizabeth jones,elizabeth.kim.1888@mail.test,5556468474,1954-10-27,172 pine ct,1888,household_nonmatch
735,daniel,smith,daniel smith,daniel.smith.1941@mail.test,5555379623,1968-05-10,26 pine ct,1941,none
736, Michael ,nguyen, Michael  nguyen,MICHAEL.NGUYEN.47@MAIL.TEST,5558866618,1987-08-21,40 maple ave,47,case_noise
737,ann,kowalski,ann kowalski,ann.kowalski.1946@mail.test,5552913962,1976-08-01,76 birch rd,1946,near_collision
738,susan,nguyen,susan nguyen,susan.nguyen.805@mail.test,5556640796,1955-02-14,4 birch rd,805,none
739,patricia,brown,patricia brown,patricia.smith.3016@mail.test,5554510408,1952-09-16,172 birch rd,3016,household_nonmatch
740,elizabeth,kowalski,elizabeth kowalski,elizabeth.kowalski.3101@mail.test,5551233186,1982-11-11,182 maple ave,3101,none
741,katherine,brwon,katherine brwon,katherine.brown.1172@mail.test,5559435710,1992-07-06,147 birch rd,1172,typo
742,james,kmi,james kmi,james.kim.930@mail.test,5553845001,1956-09-06,95 oak st,930,typo
743,an,silva,"silva, an",ann.kim.600@mail.test,5553959722,1966-07-14,187 pine ct,600,reorder
744,katherine,jones,katherine jones,katherine.jones.3250@mail.test,5552151325,1954-05-06,166 maple ave,3250,none
745,michael,murphy,michael murphy,michael.kim.53@mail.test,5559554935,1985-01-26,32 elm way,53,household_nonmatch
746,margaret,kim,margaret kim,margaret.garcia.1855@mail.test,5559519642,1966-12-26,66 pine ct,1855,household_nonmatch
747,elizabeth,mueller,elizabeth mueller,elizabeth.mueller.2008@mail.test,5559779331,1998-11-01,124 maple ave,2008,none
748,l.,jones,l. jones,laura.jones.671@mail.test,5555886777,1969-09-01,11 pine ct,671,abbrev
749,william,silva,william silva,williwm.silva.269@mail.test,5556859082,1991-12-06,39 oak st,269,typo
750,margaret,jqhnson,margaret jqhnson,margaret.johnson.211@mail.test,5556935419,,63 elm way,211,missing
751,jose,johnson,jose johnson,jose.johnson.3073@mail.test,5555402527,1953-12-05,172 pine ct,3073,near_collision
752,susan,brown,susan brown,susan.brown.3041@mail.test,5558972539,,74 pine ct,3041,missing
753,james,silva,james silva,james.silva.1990@mail.test,5559239451,1976-10-26,29 maple ave,1990,near_collision
754,hans,silva,hans silva,hans.silva.522@mail.test,5551640321,1967-01-26,95 birch rd,522,none
755,laura,obrien,laura obrien,laura.obrien.1704@mail.test,5558773486,1978-08-04,90 maple ave,1704,near_collision
756,sofia,van dyke,sofia van dyke,sofia.vandyke.198qmail.test,,1991-02-10,152 pine ct,198,typo
757,ann,brown,ann brown,ann.brown.1975@mail.test,5556569224,1976-03-12,57 pine ct,1975,near_collision
758,daniel,kowalski,daniel kowalski,daniel.kowalski.1035@mail.test,5556348979,1991-01-06,97 pine ct,1035,none
759,sofia,johnson,"johnson, sofia",sofia.johnson.45@mail.test,5551494654,1989-06-18,177 maple ave,45,reorder
760,katherine,jones,katherine jones,katherine.jones.1474@mail.test,5551045225,1990-03-04,75 birch rd,1474,none
761,robert,patel,robert patel,robert.patel.2208@mail.test,5555384234,1974-08-19,51 elm way,2208,near_collision
762,ann,patel,ann patel,ann.patel.759@mail.test,5554553022,1979-03-22,155 cedar ln,759,translit
763,laura,smith,laura smith,,,1977-05-01,139 maple ave,711,missing
764,ann,silva,ann silva,ann.silva.3024@mail.test,5557806932,1980-09-15,184 elm way,3024,near_collision
765,mike,murphy,mike murphy,michael.kim.53@mail.test,5559554935,1985-01-26,32 elm way,53,translit
766,elizabeth,kowalski,"kowalski, elizabeth",,5558842053,1983-05-18,102 elm way,7,reorder
767,elizabeth,silva,"silva, elizabeth",elizabeth.silva.983@mail.test,5557437424,1974-02-01,111 oak st,983,reorder
768,sofia,johnson,sofia johnson,,5557324646,1970-02-07,28 maple ave,573,missing
769,susan,kowalski,susan kowalski,susan.kowalski.1029@mail.test,5554397970,1985-04-10,92 oak st,1029,none
770,katherine,brown,katherine brown,katherine.brown.1911@mail.test,5559763157,1990-07-02,198 cedar ln,1911,none
771,greta,smith,greta smith,greta.smith.2965@mail.test,5552144723,1987-05-17,31 pine ct,2965,none
772,laura,patel,laura patel,laura.patel.3026@mail.test,5558007056,1958-08-14,154 elm way,3026,near_collision
773,katherine,murphy,katherine murphy,katherine.murphy.2980@mail.test,5551621390,1976-07-05,55 oak st,2980,none
774,ann,johnson,ann johnson,ann.johnson.1438@mail.test,5555499702,1954-09-15,120 pine ct,1438,none
775,daniel,brown,daniel brown,daniel.brown.1550@mail.test,5556229376,1950-05-15,106 maple ave,1550,none
776,michael,mueller,michael mueller,michael.mueller.1587@mail.test,5554421924,1953-03-17,118 pine ct,1587,none
777,greta,garcia,greta garcia,greta.garcia.3006@mail.test,5551898543,1986-01-22,43 maple ave,3006,none
778,laura,mueller,laura mueller,laura.mueller.2156@mail.test,5551331475,1977-06-15,74 elm way,2156,near_collision
779,greta,van dyke,greta van dyke,greta.vandyke.1117@mail.test,5553774622,1953-04-09,163 elm way,1117,none
780,william,garcia,william garcia,william.garcia.3044@mail.test,5556389703,1963-08-08,18 maple ave,3044,none
781,william,silva,william silva,william.silva.2913@mail.test,5558718072,1987-08-20,6 birch rd,2913,none
782,katherine,nguyen,katherine nguyen,katherine.nguyen.1872@mail.test,5556088284,1990-03-18,105 elm way,1872,none
783,daniel,silva,daniel silva,daniel.silva.2476@mail.test,5556336813,1996-12-15,187 birch rd,2476,none
784,daniel,mueller,daniel mueller,daniel.mueller.1185@mail.test,5558514942,1951-07-27,40 pine ct,1185,near_collision
785,robert,patel,robert patel,robert.patel.1649@mail.test,,,119 elm way,1649,missing
786,michael,jones,michael jones,michael.jones.3550@mail.test,5553121989,1969-03-19,8 birch rd,3550,near_collision
787,jose,silva,jose silva,jose.silva.1980@mail.test,5555450587,1953-04-17,26 maple ave,1980,near_collision
788,margaret,brown,margaret brown,margaret.kowalski.2@mail.test,5558502858,1973-07-16,116 cedar ln,2,household_nonmatch
789,greta,nguyen,greta nguyen,greta.nguyen.223@mail.test,5552960427,1956-07-14,196 birch rd,223,none
790,katherine,obrien,katherine obrien,katherine.obrien.2699@mail.test,5556033208,1991-05-13,142 cedar ln,2699,none
791,jennifer,kim,jennifer kim,jennifer.kim.1717@mail.test,5559278435,1952-03-27,189 maple ave,1717,none
792,hans,murphy,hans murphy,hans.murphy.3290@mail.test,5559763048,1966-09-10,160 oak st,3290,none
793,elizabeth,murphy,elizabeth murphy,elizabeth.murphy.1325@mail.test,5555546631,1982-08-18,92 oak st,1325,none
794,ann,silva,ann silva,ann.silva.481@mail.test,5553761703,1959-01-15,98 elm way,481,none
795,greta,johnson,greta johnson,greta.johqson.10@mail.test,5552184542,1991-11-14,132 elm way,10,typo
796,elizabeth,patel,elizabeth patel,elizabeth.patel.1390@mail.test,5551943589,1955-05-21,78 elm way,1390,near_collision
797,greta,johnson,greta johnson,,5552184542,1991-11-14,132 elm way,10,missing
798,daniel,jones,"jones, daniel",daniel.jones.485@mail.test,5556369853,1987-03-08,15 birch rd,485,reorder
799,robert,nguyen,robert nguyen,robert.nguyen.1348@mail.test,5551933886,1953-08-02,7 pine ct,1348,translit
800,daniel,obrien,daniel obrien,daniel.obrien.1925@mail.test,5556462618,1994-08-03,168 pine ct,1925,none
801,ann,silva,ann silva,ann.silva.635@mail.test,5555958864,1963-11-03,97 maple ave,635,none
802,michael,mueller,michael mueller,michael.mueller.3660@mail.test,5559386350,1974-03-20,74 birch rd,3660,near_collision
803,thomas,johnson,thomas johnson,thomas.johnson.1234@mail.test,5556005645,1952-04-26,178 oak st,1234,none
804,robert,nguyen,robert nguyen,robert.nguyen.28@mail.test,5551812702,1959-09-02,83 elm way,28,none
805,hasn,johnson,hasn johnson,hans.garcia.1422@mail.test,5553575421,1989-12-02,78 oak st,1422,typo
806,sofai,obrien,sofai obrien,sofia.obrien.412@mail.test,5554736345,1952-10-03,162 birch rd,412,typo
807,jose,murphy,jose murphy,jose.murphy.549@mail.test,5558672858,1977-04-18,37 oak st,549,none
808,margaret,sslva,margaret sslva,margaret.silva.1742@mail.test,5558740154,1985-07-17,59 birch rd,1742,typo
809,laura,brown,laura brown,laura.brown.1862@mail.test,5553431217,1989-06-08,104 oak st,1862,none
810,daniel,kim,daniel kim,daniel.kim.393@mail.test,5551271678,1959-10-09,54 birch rd,393,none
811,margaret,smith,margaret smith,margaret.smith.386@mail.test,5558023413,1964-03-05,20 oak st,386,none
812,ann,van dyke,ann van dyke,ann.vandyke.2938@mail.test,5557024218,1992-05-13,147 maple ave,2938,near_collision
813, Charles ,jones, Charles  jones,CHARLES.JONES.19@MAIL.TEST,5558795581,1980-06-22,194 oak st,19,case_noise
814,robert,smith,robert smith,robert.smith.2190@mail.test,5554646940,1996-11-07,46 oak st,2190,near_collision
815,ann,mueller,ann mueller,ann.mueller.2016@mail.test,5558531909,1956-03-27,156 maple ave,2016,near_collision
816,elizabeth,murphy,elizabeth murphy,elizabeth.murphy.121@mail.tet,5552945388,1972-04-26,98 maple ave,121,typo
817,charles,jones,charles jones,charles.silva.2530@mail.test,5551681193,1971-02-25,8 birch rd,2530,household_nonmatch
818,greta,garica,greta garica,greta.garcia.434@mail.test,5558593399,1998-10-18,78 cedar ln,434,typo
819,greta,kowalski,greta kowalski,greta.kowalski.1869@mail.test,5558294982,1981-06-10,199 cedar ln,1869,none
820,james,mueller,james mueller,james.mueller.2428@mail.test,5559004325,1968-01-20,71 cedar ln,2428,none
821,sofia,nguyen,sofia nguyen,sofia.nguyen.3019@mail.test,5554673153,1986-09-15,48 maple ave,3019,none
822, Charles ,kim, Charles  kim,CHALES.SMITH.148@MAIL.TEST,5559234602,1980-01-03,99 elm way,148,typo
823,susan,patel,susan patel,susan.patel.100@mail.test,5552556721,1984-01-22,54 maple ave,100,near_collision
824,michael,johnson,michael johnson,michael.johnson.2704@mail.test,5559958029,1971-07-27,1 oak st,2704,none
825,james,obrien,james obrien,james.obrien.1568@mail.test,5554706420,1962-07-04,178 elm way,1568,none
826,robert,kowalski,robert kowalski,robert.kowalski.844@mail.test,5553611454,1951-04-14,133 pine ct,844,none
827,ann,kim,ann kim,ann.kim.261@mail.test,5559515352,1981-07-21,14 oak st,261,none
828,greta,mruphy,greta mruphy,greta.murphy.260@mail.test,5553217069,1977-09-10,137 cedar ln,260,typo
829,greta,mueller,greta mueller,greta.patel.2554@mail.test,5553903272,1968-01-02,129 maple ave,2554,household_nonmatch
830,margaret,obrien,margaret obrien,margaret.obrien.3534@mail.test,5554250167,1951-12-27,26 maple ave,3534,none
831,james,nguyen,james nguyen,,5557535711,1979-05-02,144 oak st,1291,missing
832,ann,silva,ann silva,ann.silva.2077@mail.test,5554897383,1973-01-23,40 maple ave,2077,none
833,daniel,obrien,daniel obrien,daniel.obrien.443@mail.tets,5559510308,1983-08-14,181 birch rd,443,typo
834,james,kowalski,james kowalski,james.kowalski.885@mail.test,5555095629,1995-04-22,58 birch rd,885,none
835,patricia,van dyke,patricia van dyke,,5555183841,,197 oak st,1387,missing
836,james,mueller,james mueller,james.mueller.3399@mail.test,5559004970,1952-07-16,132 maple ave,3399,none
837,david,mueller,david mueller,david.mueller.3575@mail.test,5554368343,1984-02-05,172 oak st,3575,none
838,william,brown,william brown,william.brown.1684@mail.test,5556700071,1986-05-09,162 oak st,1684,none
839,daniel,garcia,daniel garcia,daniel.garcia.1121@mail.test,5555590249,1971-01-16,43 elm way,1121,none
840,charles,brown,charles brown,charles.brown.1852@mail.test,5555337077,1956-10-07,111 cedar ln,1852,near_collision
841,daniel,vanndyke,daniel vanndyke,dainel.vandyke.872@mail.test,5555505100,1981-04-03,43 maple ave,872,typo
842,charles,smith,charles smith,charles.smith.1598@mail.test,5557193074,1983-08-08,70 pine ct,1598,none
843,daniel,jones,daniel jones,daniel.jones.51@mail.test,5558427909,1968-12-07,142 pine ct,51,near_collision
844,daniel,smith,daniel smith,daniel.brown.2115@mail.test,5557065396,1978-10-10,95 cedar ln,2115,household_nonmatch
845,jennifer,kim,jennifer kim,jennifer.kim.43@mail.test,5557545922,1953-10-15,20 elm way,43,none
846,hans,garcia,hans garcia,hans.garcia.938@mail.test,5554813606,1971-03-05,24 elm way,938,none
847,hans,obrien,hans obrien,hans.obrien.242@mail.test,5552693508,1992-12-15,90 oak st,242,none
848,greta,prtel,greta prtel,greta.patel.87@mail.test,5552924484,1955-12-02,154 pine ct,87,typo
849,elizabeth,jones,elizabeth jones,elizabeth.jones.2099@mail.test,5556400679,1962-12-13,97 cedar ln,2099,none
850,hans,va ndyke,hans va ndyke,hans.kim.990@mail.test,5556305781,1989-10-17,3 elm way,990,household_nonmatch
851,susan,kim,susan kim,susan.kim.489@mail.test,5557338969,1955-02-11,27 cedar ln,489,near_collision
852,ann,kim,ann kim,ann.kim.3186@mail.test,5557745734,1966-12-08,1 cedar ln,3186,none
853,jennifer,smith,"smith, jennifer",jennifer.smith.1330@mail.test,5551836391,1976-11-16,140 cedar ln,1330,reorder
854,s.,johnson,s. johnson,sofia.johnson.45@mail.test,5551494654,1989-06-18,177 maple ave,45,abbrev
855,susan,obrien,susan obrien,susan.kowalski.2437@mail.test,5559475227,1980-02-05,191 elm way,2437,household_nonmatch
856,jennifer,smith,jennifer smith,jennifer.smith.2286@mail.test,5552195935,1978-03-04,53 cedar ln,2286,none
857,susan,nguyen,susan nguyen,susan.nguyen.1679@mail.test,5559151003,1997-03-05,97 cedar ln,1679,none
858,bill,kowalski,bill kowalski,,5559059226,1985-11-04,140 cedar ln,29,missing
859,jennifer,murphy,jennifer murphy,jennifer.murphy.3382@mail.test,5559786446,1989-11-20,46 oak st,3382,none
860,greta,garcia,greta garcia,greta.garcia.3038@mail.test,5551823701,1991-08-25,158 oak st,3038,none
861,jose,murphy,jose murphy,jose.murphy.928@mail.test,5556200315,1983-06-20,186 elm way,928,near_collision
862,jose,murphy,jose murphy,jose.murphy.3645@mail.test,5551166133,1995-05-14,39 cedar ln,3645,none
863,daniel,silva,daniel silva,daniel.silva.1204@mail.test,5558813573,1986-01-14,77 birch rd,1204,none
864,sofia,smith,sofia smith,sofia.smith.1673@mail.test,5551602770,1989-12-06,125 cedar ln,1673,near_collision
865,james,johnson,james johnson,james.johnson.682@mail.test,5557307831,1970-01-17,75 birch rd,682,none
866,margaret,murphy,margaret murphy,margaret.murphy.909@mail.test,5555572812,1951-02-20,154 elm way,909,none
867, James ,nguyen, James  nguyen,JAMES.NGUYEN.981@MAIL.TEST,5558030934,1961-02-14,135 pine ct,981,case_noise
868, C .,murphy, C . murphy,CHARLES.MURPHY.1414@MAIL.TEST,5555454931,1990-06-25,52 cedar ln,1414,typo
869,michael,jønes,michael jønes,michael.jones.503@mail.test,5555537907,1952-11-01,159 birch rd,503,translit
870,elizabeth,kowalski,elizabeth kowalski,elizabeth.kowalski.3593@mail.test,5556365359,1960-06-12,101 cedar ln,3593,none
871,william,nguyen,william nguyen,william.nguyen.3570@mail.test,5555354525,1991-04-12,100 pine ct,3570,none
872,sofia,kowalski,sofia kowalski,sofia.kowalski.1461@mail.test,5558319066,1987-09-22,150 cedar ln,1461,none
873,michael,muller,michael muller,michael.mueller.1549@mail.test,5553206066,1961-11-06,98 pine ct,1549,typo
874, Margaret ,garcia, Margaret  garcia,MARGARET.GARCIA.659@MAIL.TEST,5556508562,1954-05-09,138 elm way,659,case_noise
875,greta,silva,greta silva,greta.silva.2533@mail.test,5552377779,1978-03-26,187 birch rd,2533,none
876, Jose ,smith, Jose  smith,JOSE.SMITH.1107@AMIL.TEST,5558762489,1998-02-05,117 birch rd,1107,case_noise
877,jennifer,brown,jennifer brown,jennifer.brown.3216@mail.test,5553181381,1962-12-27,76 elm way,3216,none
878,susan,murphy,susan murphy,susan.murphy.6@mail.test,5556757453,1952-09-13,169 cedar ln,6,none
879, .,garcia, . garcia,JOSE.GARCIA.232@MAIL.TEST,5559910405,1979-10-13,135 oak st,232,abbrev
880,daniel,kim,daniel kim,daniel.nguyen.828@mail.test,5554692335,1967-08-21,122 maple ave,828,household_nonmatch
881,daniel,nguyen,daniel nguyen,daniel.nguyen.914@mail.test,5556317419,1961-08-04,5 cedar ln,914,none
882, Sofia ,patel, Sofia  patel,SOFIA.PATEL.1952@MAIL.TEST,5558104778,1963-05-27,5 cedar ln,1952,case_noise
883,greta,garcia,greta garcia,greta.garcia.2324@mail.test,5558222775,1988-08-07,146 birch rd,2324,none
884,hans,mueller,hans mueller,hans.mueller.577@mail.test,5552362542,1971-05-11,172 oak st,577,none
885, .,jones, . jones,WILLIAM.NGUYEN.5@MAIL.TEST,5556599612,1976-04-27,158 cedar ln,5,abbrev
886,michael,mueller,michael mueller,michael.mueller.2258@mail.test,5558514133,1981-04-11,134 elm way,2258,none
887,robert,nguyen,robert nguyen,robert.nguyen.215@mail.test,5557357545,,50 pine ct,215,missing
888,margaret,brown,margaret brown,margaret.brown.2725@mail.test,5558659221,1961-06-18,38 birch rd,2725,none
889,william,mueller,william mueller,william.mueller.692@mail.test,5559885579,1970-10-03,179 cedar ln,692,none
890,jennifer,jones,jennifer jones,jennifer.jones.3588@mail.test,5553438086,1974-07-20,87 elm way,3588,none
891,thomas,brown,thomas brown,thomas.brown.2826@mail.test,5552066833,1958-03-02,119 pine ct,2826,none
892,james,silva,james silva,james.silva.3273@mail.test,5557292544,1962-08-09,140 cedar ln,3273,none
893,michael,brown,michael brown,michael.brown.1151@mail.test,5555019678,1959-10-27,88 maple ave,1151,none
894,margaret,kim,margaret kim,margaret.kim.1708@mail.test,5557342040,1952-06-05,123 pine ct,1708,none
895,patricia,nguyen,patricia nguyen,patricia.nguyen.2940@mail.test,5554124794,1967-03-17,39 elm way,2940,near_collision
896,thomas,smith,thomas smith,thomas.smith.630@mail.test,5551216483,1989-01-14,11 elm way,630,none
897,jim,nguyen,jim nguyen,james.nguyen.26@mail.test,5553683787,1966-08-11,184 pine ct,26,abbrev
898,susan,smith,susan smith,susan.smith.2927@mail.test,5552991988,1967-09-12,104 pine ct,2927,none
899,william,smith,william smith,william.smith.1791@mail.test,5559174164,1963-04-26,89 oak st,1791,none
900,patricia,smith,patricia smith,patricia.smith.296@mail.test,5557749237,1988-08-21,77 maple ave,296,none
901,sofia,van dyke,sofia van dyke,sofia.vandyke.199@mail.test,5558897615,1967-03-15,35 pine ct,199,near_collision
902,patricia,kowalski,patricia kowalski,patricia.kowalski.248@mail.test,5552270505,1976-02-17,166 maple ave,248,none
903,daniel,brown,daniel brown,daniel.brown.770@mail.test,5551830399,1959-01-21,130 maple ave,770,near_collision
904,margaret,obrien,margaret obrien,margaret.obrien.1428@mail.test,5556490216,1987-11-03,199 pine ct,1428,none
905,ann,murphy,ann murphy,ann.murphy.2898@mail.test,5552067688,1980-04-15,97 elm way,2898,none
906,laura,brown,laura brown,laura.brown.2920@mail.test,5553270735,1955-11-10,13 maple ave,2920,none
907,james,johnson,james johnson,james.johnson.1857@mail.test,5556236352,1955-01-22,147 maple ave,1857,none
908,greta,nguyen,greta nguyen,greta.nguyen.699@mail.test,5556374035,1966-02-18,106 oak st,699,none
909,james,smith,james smith,james.smith.3406@mail.test,5555529861,1995-06-04,157 elm way,3406,none
910,robert,silva,robert silva,robert.silva.1112@mail.test,5554620819,1959-05-26,68 pine ct,1112,none
911,michael,obrien,michael obrien,michael.obrien.639@mail.test,5559588921,1952-02-23,178 cedar ln,639,none
912,  Thomas  ,murphy,"murphy,   Thomas  ",THOMAS.MURPHY.167@MAIL.TEST,5552070937,,17 maple ave,167,reorder
913,robert,mueller,robert mueller,robret.mueller.861@mail.test,5552217106,1956-12-23,31 pine ct,861,typo
914, Sofia ,obrien, Sofia  obrien,SOFIA.OBRIEN.472@MAIL.TEST,5551832899,1989-11-02,160 oak st,472,case_noise
915,j.,mueller,j. mueller,jose.mueller.551@mail.test,5551024369,1974-12-14,161 elm way,551,abbrev
916,charles,murphy,charles murphy,charles.murphy.1460@mail.test,5558262679,1977-07-16,48 pine ct,1460,none
917,charles,garcia,charles garcia,charles.garcia.1825@mail.test,5559884708,1966-04-06,95 elm way,1825,none
918,laura,obrien,laura obrien,laura.obrien.2442@mail.test,5559118236,1958-12-22,13 cedar ln,2442,none
919,charles,smith,charles smith,charles.smith.1624@mial.test,5551832084,1971-05-05,53 cedar ln,1624,typo
920,michael,patel,michael patel,michael.patel.3151@mail.test,5556369992,1998-10-21,164 oak st,3151,none
921, Thomas ,mueller, Thomas  mueller,THOMAS.MUELLER.321@MAIL.TEST,5551400418,1973-11-13,159 elm way,321,case_noise
922,charles,kowalski,charles kowalski,charles.kowalski.1700@mail.test,5553680504,1983-05-26,42 oak st,1700,none
923,james,kowalski,james kowalski,james.kowalski.736@mail.test,5559727416,1964-05-04,9 pine ct,736,none
924,laura,gakcia,laura gakcia,laura.garcia.1788@mail.test,5554835175,1974-11-01,47 cedar ln,1788,typo
925,katherine,patel,katherine patel,katherine.patel.3557@mail.test,5554244511,1961-10-16,62 pine ct,3557,near_collision
926,sofia,silva,sofia silva,sofia.silva.1261@mail.test,5559582198,1961-11-01,2 cedar ln,1261,none
927,thomas,murphy,thomas murphy,thomas.murphy.2634@mail.test,5558765922,1990-06-26,29 elm way,2634,near_collision
928,greta,silva,greta silva,greta.silva.358@mail.test,5553962792,,88 maple ave,358,missing
929,margaret,murphy,margaret murphy,margaret.murphy.2962@mail.test,5554788924,1959-06-19,152 elm way,2962,none
930, Michael ,mueller, Michael  mueller,MICHAEL.MUELLER.348@MAIL.TEST,5551945402,1984-01-19,117 pine ct,348,case_noise
931,michael,van dyke,michael van dyke,michael.vandyke.3223@mail.test,5556487248,1971-03-24,15 cedar ln,3223,near_collision
932,charles,patel,charles patel,charles.patel.2430@mail.test,5555633145,1973-05-18,69 cedar ln,2430,near_collision
933,robert,kim,robert kim,robert.kio.1505@mail.test,5555557593,1978-06-02,37 pine ct,1505,typo
934,charles,garcia,charles garcia,charles.garcia.2352@mail.test,5555135814,1973-11-26,148 pine ct,2352,none
935,michael,smith,michael smith,michael.smith.3532@mail.test,5556668649,1960-08-26,119 birch rd,3532,none
936,ann,nguyen,ann nguyen,ann.mueller.3168@mail.test,,1976-12-27,40 maple ave,3168,household_nonmatch
937,michael,obrien,michael obrien,michael.obrien.3112@mail.test,5555936712,1982-11-10,148 maple ave,3112,none
938,katherine,kowalski,katherine kowalski,katherine.kowalski.3199@mail.test,5559162367,1954-04-18,28 oak st,3199,near_collision
939,susan,mueller,susan mueller,susan.vandyke.328@mail.test,5557276902,1977-02-18,149 birch rd,328,household_nonmatch
940, Susan ,murphy, Susan  murphy,SUSAN.MURPHY.6@MAIL.TEST,5556757453,1952-09-13,169 cedar ln,6,case_noise
941,michael,brown,michael brown,michael.brown.33@mail.test,5558304285,1971-08-06,108 elm way,33,typo
942,elizabeth,jones,elizabeth jones,elizabeth.jones.545@mail.test,5558557917,1998-08-14,146 pine ct,545,none
943,jennifer,silva,jennifer silva,jennifer.silva.1396@mail.test,5551471485,1952-09-05,121 pine ct,1396,none
944, Thomas ,brown, Thomas  brown,,5557898031,1990-03-14,113 maple ave,597,missing
945,elizabeth,nguyen,elizabeth nguyen,elizabeth.nguyen.2287@mail.test,5554521148,1959-06-01,75 elm way,2287,near_collision
946,jose,van dyke,jose van dyke,jose.vandyke.2496@mail.test,5558268672,1971-10-10,5 oak st,2496,near_collision
947,daniel,nguyen,daniel nguyen,,,1975-02-18,115 birch rd,1008,missing
948,jennifer,brown,jennifer brown,jennifer.brown.3209@mail.test,5556646867,1973-01-27,37 oak st,3209,none
949,thomas,kowalski,thomas kowalski,thomas.kowalski.3604@mail.test,5559151124,1950-10-04,173 oak st,3604,none
950,elizabeth,patel,elizabeth patel,elizabeth.patel.1527@mail.test,5558626309,1976-10-16,115 elm way,1527,none
951,m.,silva,m. silva,michael.silva.501@mail.test,5552243609,1985-11-13,164 birch rd,501,abbrev
952,c.,kim,c. kim,charles.smith.148@mail.test,5559234602,1980-01-03,99 elm way,148,abbrev
953,james,silva,james silva,james.silva.1423@mail.test,5553843372,1964-02-22,173 oak st,1423,none
954,greta,kowalski,greta kowalski,greta.kowalski.2524@mail.test,5552465524,1957-04-04,156 cedar ln,2524,none
955,david,van dyke,david van dyke,david.vandyke.2730@mail.test,5559067406,1956-08-06,152 cedar ln,2730,near_collision
956, Jennfer ,silva, Jennfer  silva,JENNIFER.SILVA.274@MAIL.TEST,5558673748,1990-06-19,194 birch rd,274,case_noise
957,hans,mueller,hans mueller,hans.mueller.1488@mail.test,5558734258,1976-12-25,155 elm way,1488,none
958,katherine,kim,katherine kim,katherine.kim.2441@mail.test,5551777618,1961-08-06,53 birch rd,2441,none
959,sofia,øbrien,sofia øbrien,,5554736345,1952-10-03,162 birch rd,412,missing
960,sofia,van dyke,sofia van dyke,sofia.vandyke.2708@mail.test,5553133133,1971-07-08,142 pine ct,2708,near_collision
961,katherine,garcia,katherine garcia,katherine.garcia.2971@mail.test,5554913715,1956-02-21,183 pine ct,2971,near_collision
962,susan,kowalski,"kowalski, susan",susan.kowalski.410@mail.test,5559974248,1961-07-26,147 cedar ln,410,reorder
963,thomas,kowalski,"kowalski, thomas",thomas.kowalski.2456@mail.test,5551437788,1998-04-23,196 elm way,2456,reorder
964,susan,garcia,susan garcia,susan.garcia.1490@mail.test,5552152711,1972-08-11,178 cedar ln,1490,near_collision
965,michael,mueller,michael mueller,michael.mueller.1090@mail.test,5559308652,1988-06-06,69 birch rd,1090,near_collision
966,patricia,brown,patricia brown,patricia.brown.1449@mail.test,5557526012,1977-09-26,191 pine ct,1449,none
967,charles,jones,charles jones,charles.jones.102@mail.test,5558590484,1979-06-24,70 oak st,102,none
968,jose,johnson,jose johnson,jose.obrien.2025@mail.test,5554113947,1951-03-12,169 maple ave,2025,household_nonmatch
969,bill,kowalski,bill kowalski,william.kowalski.2152@mail.test,5557073418,1972-10-21,136 pine ct,2152,abbrev
970,thomas,silva,thomas silva,thomas.silva.688@mail.test,5555580094,1985-12-27,32 maple ave,688,none
971,robert,brown,robert brown,robert.vandyke.1216@mail.test,5559570063,1976-09-26,75 maple ave,1216,household_nonmatch
972,ann,mueller,ann mueller,ann.mueller.795@mail.test,5557637888,1978-02-12,109 maple ave,795,none
973,david,smith,david smith,david.obrien.2762@mail.test,5552408473,1971-02-02,144 birch rd,2762,household_nonmatch
974,t.,mueller,t. mueller,,5554404354,,148 maple ave,96,abbrev
975, .,johnson, . johnson,JAMES.JOHNSON.495@MAIL.TEST,5553277815,1998-06-06,159 birch rd,495,abbrev
976,david,johnson,david johnson,david.johnson.1375@mail.test,5554175350,1975-10-10,137 maple ave,1375,near_collision
977,greta,patel,greta patel,,,,73 birch rd,734,missing
978,michael,brown,michael brown,michael.brown.3665@mail.test,5551236334,1967-07-20,30 oak st,3665,none
979,james,patel,james patel,james.patel.2073@mail.test,,,157 pine ct,2073,missing
980,ann,kim,ann kim,ann.kim.1881@mail.test,5554516107,1973-02-08,101 oak st,1881,none
981, Jose ,brown, Jose  brown,JOSE.VANDYKE.41@MAIL.TEST,,,149 maple ave,41,missing
982, Jennifer ,obrien, Jennifer  obrien,JENNIFER.OBRIEN.249@MAIL.TEST,5559475227,1961-12-06,191 elm way,249,case_noise
983,katherine,murphy,katherine murphy,katherine.nguyen.1641@mail.test,5559728808,1965-10-17,193 oak st,1641,household_nonmatch
984,jose,nguyen,jose nguyen,jose.nguyen.2908@mail.test,5558427253,1990-07-11,172 oak st,2908,near_collision
985,margaret,van dyke,margaret van dyke,margaret.vandyke.764@mail.test,5555124560,1987-03-27,4 birch rd,764,translit
986,thomas,jones,thomas jones,thomas.jones.3591@mail.test,5557502731,1962-01-17,109 maple ave,3591,near_collision
987,robert,brown,robert brown,robert.brown.3271@mail.test,5552468779,1990-10-26,77 birch rd,3271,near_collision
988,laura,nguyen,laura nguyen,laura.nguyen.2612@mail.test,5555867105,1983-11-24,141 birch rd,2612,none
989,patricia,smith,"smith, patricia",patricia.smith.667@mail.test,5551265014,1995-05-22,158 birch rd,667,reorder
990,robert,mueller,robert mueller,robert.mueller.861@mail.test,5552217106,1956-12-23,31 pine ct,861,none
991,daniel,smith,daniel smith,daniel.smith.2451@mail.test,5555312231,1990-06-10,158 maple ave,2451,near_collision
992,charles,obrien,charles obrien,charles.obrien.2446@mail.test,5553467582,1995-06-23,19 maple ave,2446,none
993,greta,smith,greta smith,greta.smith.3547@mail.test,5551569393,1956-07-11,133 birch rd,3547,none
994,ann,ngmyen,ann ngmyen,ann.nguyen.137@mail.test,5559069832,1998-04-22,173 pine ct,137,typo
995,j.,silva,j. silva,james.silva.1716@mail.test,5551812336,1994-12-13,164 oak st,1716,abbrev
996,wiliam,mueller,wiliam mueller,william.mueller.1377@mail.test,5556773937,1984-02-03,39 oak st,1377,typo
997,robert,murphy,robert murphy,robert.murphy.1384@mail.test,5554250700,1983-09-09,135 maple ave,1384,none
998,hans,nguyen,hans nguyen,hans.nguyen.1799@mail.test,5558417256,1966-09-20,39 maple ave,1799,none
999,thomas,murphy,thomas murphy,thomas.murphy.2569@mail.test,5558443121,1990-10-21,128 maple ave,2569,none
1000,thomas,obrien,thomas obrien,thomas.obrien.2035@mail.test,5557530648,1985-09-25,147 birch rd,2035,none
1001,thomas,brown,thomas brown,thomas.brown.1245@mail.test,5555373268,1969-06-14,174 cedar ln,1245,none
1002,william,johnson,william johnson,william.jonson.3152@mail.test,5558687757,1971-01-08,120 cedar ln,3152,typo
1003,james,murphy,james murphy,james.murphy.2643@mail.test,5551905113,1971-07-26,87 pine ct,2643,none
1004,greta,patel,greta patel,,5552924484,,154 pine ct,87,missing
1005,susan,murphy,susan murphy,susan.murphy.1699@mail.test,5558942481,1956-10-16,1 maple ave,1699,none
1006,margaret,mueller,margaret mueller,margaret.mueller.2647@mail.test,5555068908,1985-05-08,89 elm way,2647,near_collision
1007,hans,brown,hans brown,hans.brown.181@mail.test,,1957-08-13,110 cedar ln,181,missing
1008,jose,smith,jose smith,jose.smith.3483@mail.test,5551128694,1963-01-12,190 birch rd,3483,none
1009,daniel,silva,daniel silva,daniel.silva.3056@mail.test,5558281994,1987-11-13,22 cedar ln,3056,none
1010,david,kim,david kim,david.kim.311@mail.tet,5552119075,1986-04-21,4 oak st,311,typo
1011,h.,mueller,h. mueller,hans.mueller.120@mail.test,5554330882,1970-08-22,183 cedar ln,120,abbrev
1012, Daniel ,smith, Daniel  smith,DANIEL.BROWN.2115@MAIL.TEST,5557065396,1978-10-10,95 cedar ln,2115,case_noise
1013,laura,kowalski,laura kowalski,laura.kowalski.1611@mail.test,5555708113,1974-10-02,175 birch rd,1611,none
1014,thomas,van dyke,thomas van dyke,thomas.vandyke.3531@mail.test,5558875460,1968-05-17,90 cedar ln,3531,none
1015,greta,kowalski,greta kowalski,greta.kowalski.1110@mail.test,5558386609,1990-08-13,182 elm way,1110,near_collision
1016,james,van dkye,james van dkye,james.vandyke.404@mail.test,5556654059,1973-11-14,188 maple ave,404,typo
1017,susan,nguyen,susan nguyen,susan.nguyen.384@mail.test,5558870871,1965-05-03,74 elm way,384,none
1018,william,kowalski,william kowalski,william.kowalski.1334@mail.test,5554469386,1976-02-02,176 pine ct,1334,none
1019,s.,johnson,s. johnson,sofia.johnson.45@mail.test,5551494654,1989-06-18,177 maple ave,45,abbrev
1020,william,jones,william jones,william.jones.562@mail.test,5559993683,1964-10-05,143 maple ave,562,none
1021,michael,kowalski,michael kowalski,michael.kowalski.1593@mail.test,5554519906,1994-09-10,81 cedar ln,1593,none
1022,sofia,murphy,sofia murphy,sofia.murphy.2561@mail.test,5551645168,1963-04-26,44 oak st,2561,near_collision
1023,sofia,jones,sofia jones,sofia.jones.1592@mail.test,5554955793,1959-09-05,85 cedar ln,1592,none
1024,eilzabeth,mueller,eilzabeth mueller,elizabeth.mueller.1134@mail.test,5557474632,1957-01-01,191 pine ct,1134,typo
1025,daniel,kowalski,daniel kowalski,daniel.kowalski.1885@mail.test,5553793892,1996-12-21,136 cedar ln,1885,none
1026,jose,brown,jose brown,jose.brown.245@mail.test,5555880881,1992-03-26,54 elm way,245,near_collision
1027,margaret,patel,margaret patel,margaret.patel.1115@mail.test,5551757674,1998-04-19,133 birch rd,1115,none
1028,william,koawlski,william koawlski,william.kowalski.164@mail.test,5554311462,1982-04-24,37 elm way,164,typo
1029,j.,garcia,j. garcia,jennifer.garcia.748@mail.test,5556791576,1977-09-05,53 birch rd,748,abbrev
1030,thomas,jones,thomas jones,thomas.jones.646@mail.test,5554985857,1975-02-03,119 cedar ln,646,none
1031,charles,nguyen,charles nguyen,charles.brown.3148@mail.test,5554457788,1987-04-26,28 cedar ln,3148,household_nonmatch
1032,elizabeth,smith,elizabeth smith,elizabeth.smith.2935@mail.test,5557879109,1993-12-08,184 pine ct,2935,none
1033,susan,patel,susan patel,susan.patel.1480@mail.test,5558541927,1952-12-06,179 oak st,1480,none
1034,katherine,brown,katherine brown,katherine.silva.285@mail.test,5558502858,1966-12-06,116 cedar ln,285,household_nonmatch
1035,james,silva,james silva,james.silva.1059@mail.test,5553775838,1985-12-18,88 elm way,1059,none
1036,william,jones,william jones,william.jones.3635@mail.test,5558748145,1959-09-18,82 oak st,3635,none
1037, James ,kowalski, James  kowalski,JAMES.SMITH.512@MAIL.TEST,5558842053,1964-10-09,102 elm way,512,case_noise
1038,david,silva,david silva,david.silva.1125@mail.test,5558069124,1950-01-26,112 elm way,1125,none
1039,katherine,brown,katherine brown,katherine.patel.21@mil.test,5558502858,1992-07-27,116 cedar ln,21,typo
1040,william,mueller,william mueller,william.mueller.650@mail.test,5559407422,1950-07-27,181 oak st,650,none
1041,katherine,obrien,katherine obrien,katherine.obrien.2804@mail.test,5557288228,1957-12-03,53 maple ave,2804,none
1042,laura,van dyke,laura van dyke,laura.vandyke.755@mail.test,5556867583,1951-06-03,112 birch rd,755,near_collision
1043,ann,garcia,ann garcia,ann.garcia.3646@mail.test,5552987872,1967-02-27,93 birch rd,3646,none
1044,sofia,johnson,sofia johnson,sofia.johnson.3384@mail.test,5554140983,1978-01-01,176 elm way,3384,near_collision
1045,laura,obrien,laura obrien,laura.obrien.1705@mail.test,5555041989,1974-09-27,52 cedar ln,1705,near_collision
1046,katherine,johnson,katherine johnson,katherine.johnson.2251@mail.test,5551200056,1990-04-03,150 maple ave,2251,none
1047,greta,murphy,greta murphy,greta.murphy.1051@mail.test,5554378458,1976-12-15,148 oak st,1051,none
1048,jose,øbrien,jose øbrien,jose.obrien.1956@mail.test,5559461955,1997-12-06,126 cedar ln,1956,translit
1049,thomas,brown,thomas brown,thomas.brown.1859@mail.test,5559710976,1964-12-15,36 pine ct,1859,none
1050,ann,mueller,ann mueller,ann.obrien.1669@mail.test,5556464481,1953-12-03,142 elm way,1669,household_nonmatch
1051,james,johnson,james johnson,james.johnson.495@mail.test,5553277815,1998-06-06,159 birch rd,495,none
1052,hans,silva,hans silva,hans.silva.523@mail.test,5553933895,1971-03-20,88 pine ct,523,near_collision
1053,michael,nguyen,michael nguyen,michael.nguyen.965@mail.test,5552145409,1985-09-15,2 elm way,965,none
1054,david,mueller,david mueller,david.mueller.2178@mail.test,5557856472,1958-03-04,86 birch rd,2178,none
1055,jose,johnson,jose johnson,jose.johnson.1785@mail.test,5559270529,1968-05-07,81 pine ct,1785,none
1056,ann,nguyen,ann nguyen,ann.nguyen.137@mail.test,5559069832,,173 pine ct,137,missing
1057,charels,jones,charels jones,charles.jones.102@mail.test,5558590484,1979-06-24,70 oak st,102,typo
1058,susan,smith,susan smith,susan.smith.1605@mail.test,5554507691,1972-06-03,100 birch rd,1605,none
1059,greta,silva,greta silva,greta.silva.3154@mail.test,5554421750,1972-09-03,176 pine ct,3154,none
1060,james,kim,james kim,james.kim.2862@mail.test,5551867510,1950-11-02,69 elm way,2862,none
1061, Thoams ,brown, Thoams  brown,THOMAS.VANDYKE.597@MAIL.TEST,5557898031,1990-03-14,113 maple ave,597,typo
1062,patricia,murphy,patricia murphy,patricia.murphy.2177@mail.test,5557768362,1972-05-18,72 cedar ln,2177,none
1063,laura,brown,laura brown,laura.brown.1324@mail.test,5552850846,1979-06-03,78 pine ct,1324,none
1064,thomas,silva,thomas silva,thomas.silva.3568@mail.test,5554522153,1998-02-03,109 cedar ln,3568,none
1065,james,murphy,james murphy,james.murphy.1797@mail.test,5551640912,1959-03-26,138 oak st,1797,none
1066,greta,murphy,greta murphy,greta.murphy.3191@mail.test,5556219487,1960-11-27,85 maple ave,3191,none
1067,michael,johnson,michael johnson,michael.johnson.3203@mail.test,5551777109,1993-12-12,193 oak st,3203,none
1068,robert,smith,robert smith,robert.smith.1840@mail.test,5557902098,1962-09-21,26 maple ave,1840,translit
1069,sofia,mueller,"mueller, sofia",,,1970-06-02,149 pine ct,69,reorder
1070,william,murphy,william murphy,william.murphy.418@mail.test,5557332526,1970-12-14,14 pine ct,418,near_collision
1071,susan,brown,"brown, susan",susan.brown.130@mail.test,5553862457,1970-01-23,19 pine ct,130,reorder
1072,greta,murphy,greta murphy,greta.murphy.540@mail.test,5556000281,1978-11-06,47 oak st,540,none
1073,robert,murphy,robert murphy,robert.murphy.2270@mail.test,5554948219,1976-09-24,97 elm way,2270,none
1074,elizabeth,kowalski,elizabeth kowalski,elizabeth.kowalski.3395@mail.test,5551724200,1998-01-14,26 pine ct,3395,none
1075,thomas,nguyen,"nguyen, thomas",thomas.nguyen.1054@mail.test,5557397482,1951-03-24,141 maple ave,1054,reorder
1076,thomas,brown,thomas brown,thomas.brown.1547@mail.test,5552451767,1963-08-13,34 elm way,1547,near_collision
1077,elizabeth,obrien,elizabeth obrien,elizabeth.obrien.2790@mail.test,5555881724,1965-01-20,122 maple ave,2790,none
1078,katherine,jones,katherine jones,katherine.jones.3320@mail.test,5556270695,1978-09-23,19 birch rd,3320,near_collision
1079,ann,smith,ann smith,ann.smith.291@mail.test,5557398447,1954-12-11,195 elm way,291,none
1080,charles,garcia,charles garcia,charles.garcia.3540@mail.test,5557083228,1975-08-01,69 oak st,3540,none
1081,william,patel,william patel,william.patel.1777@mail.test,5553385297,1962-06-24,47 maple ave,1777,none
1082,sofia,brown,sofia brown,sofia.murphy.290@mail.test,5558078369,1978-10-26,149 maple ave,290,household_nonmatch
1083, Robert ,brown, Robert  brown,ROBERT.SILVA.747@MAIL.TEST,5558502858,1969-07-04,116 cedar ln,747,case_noise
1084,james,garcia,james garcia,james.garcia.1153@mail.test,5558370744,1967-05-23,7 elm way,1153,none
1085,james,patel,james patel,james.patel.1355@mail.test,5557895206,1993-11-24,151 maple ave,1355,near_collision
1086,sofia,mueller,sofia mueller,sofia.mueller.1225@mail.test,5552567066,1982-05-25,197 elm way,1225,near_collision
1087,sofia,garcia,sofia garcia,sofia.garcia.717@mail.test,5559780555,1954-02-01,16 oak st,717,none
1088,katherine,van dyke,katherine van dyke,katherine.vandyke.900@mail.test,5556926329,1968-05-03,30 cedar ln,900,near_collision
1089,hans,borwn,hans borwn,hans.brown.542@mail.test,5557397592,1971-01-19,39 pine ct,542,typo
1090,laura,kowalski,laura kowalski,laura.patel.13@mail.test,5558842053,1951-12-24,102 elm way,13,household_nonmatch
1091,david,smith,david smith,david.smith.1076@mail.test,5558891210,,84 elm way,1076,missing
1092,katherine,johnson,katherine johnson,katherine.johnson.1025@mail.test,5559382606,1988-05-17,197 oak st,1025,near_collision
1093,jose,silva,"silva, jose",jose.jones.641@mail.test,5558434225,1976-03-16,153 birch rd,641,reorder
1094,michael,kim,michael kim,michael.kim.477@mail.test,5553349243,1952-03-24,36 cedar ln,477,none
1095,elizabeth,obrien,elizabeth obrien,elizabeth.obrien.3089@mail.test,5553119916,1966-12-14,11 cedar ln,3089,none
1096,james,garcia,james garcia,james.garcia.1412@mail.test,5551620803,1992-05-21,92 maple ave,1412,none
1097,jennifer,van dyke,jennifer van dyke,jennifer.vandyke.3535@mail.test,5557797532,1959-09-06,87 maple ave,3535,none
1098,laura,kim,laura kim,laura.mueller.752@mail.test,5557971350,1980-04-03,8 cedar ln,752,household_nonmatch
1099,sofia,johnson,sofia johnson,sofia.johnson.3383@mail.test,5555649519,1997-05-04,42 elm way,3383,near_collision
1100,charles,kim,charles kim,charles.smith.148@mail.test,5559234602,1980-01-03,99 elm way,148,household_nonmatch
1101,c.,kzm,c. kzm,charles.smith.148@mail.test,5559234602,1980-01-03,99 elm way,148,typo
1102,david,obrien,david obrien,david.obrien.195@mail.test,5554700085,1998-06-19,122 elm way,195,none
1103,sofia,obrien,sofia obrien,sofia.obrien.1041@mail.test,5554956433,1976-02-23,21 maple ave,1041,none
1104,william,garcia,william garcia,william.garcia.90@mail.test,5554789459,1985-11-26,139 elm way,90,none
1105,jnnifer,johnson,jnnifer johnson,jennifer.johnson.2546@mail.test,5559816906,1981-02-11,124 pine ct,2546,typo
1106,robert,murphy,robert murphy,robert.murphy.3426@mail.test,5558554326,1971-04-16,91 maple ave,3426,none
1107,susan,obrien,susan obrien,susan.obrien.3262@mail.test,5556933287,1974-10-13,22 maple ave,3262,near_collision
1108,james,nguyen,james nguyen,james.nguyen.2632@mail.test,5556151585,1997-04-27,72 oak st,2632,none
1109,chuck,jones,chuck jones,charles.jones.20@mail.test,,1961-03-06,18 cedar ln,20,missing
1110,ssan,brown,ssan brown,susan.brown.342@mail.test,5555531212,1986-05-10,63 cedar ln,342,typo
1111,elizabeth,nguyen,elizabeth nguyen,elizabeth.nguyen.1104@mail.test,5552949626,1955-07-21,96 elm way,1104,none
1112,james,jones,james jones,james.jones.2615@mail.test,5559018502,1962-07-11,75 pine ct,2615,near_collision
1113,david,brown,david brown,david.brown.1043@mail.test,5555791239,1967-10-05,187 maple ave,1043,none
1114,michael,brown,michael brown,michael.brown.2502@mail.test,5551372489,1955-02-08,109 oak st,2502,none
1115,greta,brown,greta brown,greta.brown.0@mail.test,5558502858,1961-01-09,116 cedar ln,0,none
1116,hans,brown,"brown, hans",hans.brown.542@mail.test,5557397592,1971-01-19,39 pine ct,542,reorder
1117,william,van dyke,william van dyke,william.vandyke.2921@mail.test,5555215667,1976-11-08,152 cedar ln,2921,none
1118,margaret,obrien,margaret obrien,margaret.obrien.2531@mail.test,5552527464,1986-08-03,136 birch rd,2531,none
1119,katherine,mueller,katherine mueller,katherine.mueller.440@mail.test,5554257078,1995-12-02,37 oak st,440,near_collision
1120,robert,kim,robert kim,robert.kim.515@mail.test,5558404650,1994-10-11,179 elm way,515,none
1121,william,jones,william jones,william.jones.1918@mail.test,5551063979,1970-10-05,187 birch rd,1918,near_collision
1122,sofia,silva,sofia silva,sofia.silva.2909@mail.test,5558884546,1983-09-10,26 oak st,2909,near_collision
1123,michael,sivla,michael sivla,michael.silva.780@mail.test,5556738008,1961-08-20,138 cedar ln,780,typo
1124,m.,nguyen,m. nguyen,michael.nguyen.1636@mail.test,5557620088,1993-09-02,154 elm way,1636,abbrev
1125,james,smith,james smith,james.smith.954@mail.test,5553455735,1963-03-01,84 elm way,954,none
1126,s.,brown,s. brown,sofia.murphy.290@mail.test,5558078369,1978-10-26,149 maple ave,290,abbrev
1127,michael,patel,"patel, michael",michael.patel.2045@mail.test,5559518225,1952-07-04,63 birch rd,2045,reorder
1128,elizabeth,murphy,elizabeth murphy,elizabeth.johnson.2535@mail.test,5553556429,1954-03-01,89 maple ave,2535,household_nonmatch
1129,sofia,jones,sofia jones,sofia.jones.629@mail.test,5551490817,1962-01-13,177 cedar ln,629,none
1130,ann,patel,ann patel,ann.patel.353@mail.test,5554545166,1994-11-27,79 oak st,353,none
1131,sofia,garcia,sofia garcia,sofia.garcia.927@mail.test,5559720287,1958-06-17,152 elm way,927,none
1132,hans,garcia,hans garcia,hans.garcia.998@mail.test,5554646708,1963-07-04,28 maple ave,998,none
1133,susan,mruphy,susan mruphy,susan.mueller.1558@mail.test,5553217069,1962-05-18,137 cedar ln,1558,household_nonmatch
1134,hans,johnson,hans johnson,hans.johnson.2116@mail.test,5555280101,1959-08-19,77 birch rd,2116,none
1135,robert,patel,robert patel,robert.patel.2209@mail.test,5551226473,1950-01-19,11 oak st,2209,near_collision
1136,susan,jons,susan jons,susan.jones.2285@mail.test,5559410633,1950-04-26,45 oak st,2285,typo
1137,a.,garcia,a. garcia,ann.garcia.1809@mail.test,5557536073,1965-03-18,64 elm way,1809,abbrev
1138,charles,smith,charles smith,charles.smith.1624@mail.test,5551832084,1971-05-05,53 cedar ln,1624,none
1139,david,kowalski,david kowalski,david.kowalski.2551@mail.test,5553386756,1963-04-01,174 oak st,2551,none
1140,michael,patel,michael patel,michael.patel.2959@mail.test,5559937149,1967-09-13,97 cedar ln,2959,none
1141,hans,mseller,hans mseller,hans.mueller.120@mail.test,5554330882,1970-08-22,183 cedar ln,120,typo
1142,sofia,van dyke,sofia van dyke,sofia.vandyke.198@mail.test,,1991-02-10,152 pine ct,198,missing
1143,sofia,nguyen,sofia nguyen,sofia.nguyen.2668@mail.test,5553702599,1952-12-17,150 elm way,2668,none
1144,hans,patel,hans patel,hans.patel.2796@mail.test,5556193403,1998-05-22,34 elm way,2796,none
1145,jose,kowalski,jose kowalski,jse.kowalski.1349@mail.test,5552436980,1951-08-20,180 pine ct,1349,typo
1146,jose,kowalski,jose kowalski,jose.kowalski.2465@mail.test,5552951998,1983-02-13,16 birch rd,2465,none
1147,sofia,johnson,sofia johnson,sofia.johnson.783@mail.test,5557736352,1975-07-25,124 birch rd,783,none
1148,james,silva,james silva,james.silva.1991@mail.test,5552895018,1995-08-15,38 pine ct,1991,near_collision
1149,william,patel,william patel,william.silva.2801@mail.test,5555988736,1995-09-05,1 birch rd,2801,household_nonmatch
1150,david,obrien,david obrien,david.obrien.2338@mail.test,5556801753,1986-05-09,3 elm way,2338,none
1151,katherine,nguyen,katherine nguyen,katherine.nguyen.27@mail.test,5554381433,1965-02-26,91 elm way,27,none
1152,s.,van dyke,s. van dyke,susan.vandyke.2186@mail.test,5554164496,1957-03-13,191 cedar ln,2186,abbrev
1153,michael,smith,michael smith,michael.silva.429@mail.test,5558956511,1955-12-18,36 birch rd,429,household_nonmatch
1154,l.,patel,l. patel,laura.patel.557@mail.test,5554390525,1994-10-04,55 cedar ln,557,abbrev
1155,h.,mueller,h. mueller,hans.mueller.577@mail.test,5552362542,1971-05-11,172 oak st,577,abbrev
1156,james,obrien,james obrien,james.obrien.1816@mail.test,5557090630,1972-07-10,79 pine ct,1816,none
1157,elizabeth,brown,elizabeth brown,elizabeth.murphy.486@mail.test,5557355294,1985-10-05,177 maple ave,486,household_nonmatch
1158,d.,johnson,d. johnson,david.johnson.2229@mail.test,5556178630,1986-01-13,82 cedar ln,2229,abbrev
1159,thomas,obrien,thomas obrien,thomas.obrien.14@mail.test,5555020630,1986-01-01,95 maple ave,14,none
1160,michael,johnson,michael johnson,michael.johnson.894@mail.test,5554361624,1989-07-06,74 cedar ln,894,none
1161,sofia,patel,sofia patel,sofia.patel.3014@mail.test,5559116492,1964-08-16,99 cedar ln,3014,none
1162, Susan ,jones, Susan  jones,SUSAN.JONES.135@MAIL.TEST,5558794686,1998-05-25,49 pine ct,135,case_noise
1163, Sofia ,silva, Sofia  silva,SOFIA.SILVA.228@MAIL.TEST,5558434225,1959-06-03,153 birch rd,228,case_noise
1164,jennifer,mueller,jennifer mueller,,,1962-02-10,174 birch rd,55,missing
1165,david,garcia,david garcia,david.garcia.2696@mail.test,5551126376,1963-03-14,168 elm way,2696,near_collision
1166,jose,van dyke,jose van dyke,jose.vandyke.2495@mail.test,5559453957,1959-12-23,60 birch rd,2495,near_collision
1167,jose,jones,jose jones,jose.jones.3476@mail.test,5558022999,1995-01-26,37 pine ct,3476,none
1168,patricia,patel,patricia patel,patricia.patel.899@mail.test,5554493100,1986-03-04,64 oak st,899,near_collision
1169,william,kim,william kim,william.obrien.1891@mail.test,5554930346,1975-05-20,160 birch rd,1891,household_nonmatch
1170,katherine,garcia,katherine garcia,,5552514556,,154 oak st,406,missing
1171,james,kim,james kim,james.kim.930@mail.test,5553845001,1956-09-06,95 oak st,930,none
1172,william,jones,william jones,william.jones.3088@mail.test,5554352492,1955-08-02,191 cedar ln,3088,none
1173,charles,obrien,charles obrien,charles.obrien.3539@mail.test,5553809368,1990-08-01,28 elm way,3539,none
1174,michael,mueller,michael mueller,michael.mueller.348@mail.test,5551945402,1984-01-19,117 pine ct,348,none
1175,thomas,smith,thomas smith,thomas.smith.1931@mail.test,5556348784,1981-10-09,178 maple ave,1931,near_collision
1176, Elizaebth ,kowalski, Elizaebth  kowalski,ELIZABETH.JOHNSON.822@MAIL.TEST,5552270505,1952-11-18,166 maple ave,822,case_noise
1177,sofia,johnson,sofia johnson,sofia.johnson.45@mail.test,5551494654,1989-06-18,177 maple ave,45,none
1178,laura,jones,laura jones,laura.jones.2619@mail.test,5552034698,1956-08-25,59 oak st,2619,near_collision
1179,katherine,brown,katherine brown,katherine.brown.997@mail.test,5554894631,1973-12-07,16 oak st,997,none
1180,j.,jones,j. jones,jose.jones.883@mail.test,5556124349,1955-07-08,173 oak st,883,abbrev
1181,greta,brown,greta brown,greta.brown.3654@mail.test,5552435057,1951-04-13,10 cedar ln,3654,none
1182,katherine,jones,katherine jones,katherine.jones.814@mail.test,5559496003,1998-03-05,162 maple ave,814,near_collision
1183,thomas,brown,thomas brown,thomas.brown.179@mail.test,5552391288,1956-04-24,57 maple ave,179,none
1184,s.,silva,s. silva,sofia.silva.368@mail.test,5553108495,1990-01-08,114 cedar ln,368,abbrev
1185,hans,patel,hans patel,,,1972-10-26,158 maple ave,415,missing
1186,a.,kowalski,a. kowalski,ann.kowalski.168@mail.test,5556376943,1952-12-16,23 pine ct,168,abbrev
1187,sofia,nguyen,sofia nguyen,sofia.nguyen.1286@mail.test,5558895424,1950-04-26,178 pine ct,1286,translit
1188,elizabeth,mueller,elizabeth mueller,elizabeth.mueller.1280@mail.test,5558872560,1953-10-20,15 pine ct,1280,none
1189,hans,mueller,hans mueller,hans.mueller.2012@mail.test,5557280713,1955-11-23,74 cedar ln,2012,none
1190,mike,silva,mike silva,michael.silva.501@mail.test,5552243609,1985-11-13,164 birch rd,501,abbrev
1191,ann,smith,ann smith,ann.smith.3489@mail.test,5557321944,1990-08-24,25 maple ave,3489,none
1192,sofia,kim,sofia kim,sofia.kim.1081@mail.test,5552454197,1951-10-12,39 maple ave,1081,none
1193,ann,patel,ann patel,ann.patel.2344@mail.test,5551164060,1980-02-26,21 maple ave,2344,none
1194,susan,garcia,"garcia, susan",susan.garcia.284@mail.test,5557315309,1965-02-25,139 elm way,284,reorder
1195,jose,jones,jose jones,jose.jones.806@mail.test,5558412086,1975-06-02,15 elm way,806,none
1196,james,jones,james jones,james.jones.2616@mail.test,5551543038,1979-04-08,88 elm way,2616,near_collision
1197,robert,smith,robert smith,robert.smith.3226@mail.test,5553041487,1997-06-27,150 pine ct,3226,near_collision
1198,katherine,kim,katherine kim,katherine.kim.1754@mail.teft,5555588664,1982-08-06,28 elm way,1754,typo
1199,laura,jones,laura jones,laura.jones.1124@mail.test,5552152546,1991-10-08,135 maple ave,1124,none
1200,susan,murphy,susan murphy,susan.murphy.427@mail.test,5554078713,1988-08-27,182 maple ave,427,none
1201,charles,kmi,charles kmi,charles.kim.157@mail.test,5552239678,1958-07-03,112 birch rd,157,typo
1202,michael,johnson,michael johnson,michael.johnson.3120@mail.test,5554829146,1980-02-27,9 elm way,3120,none
1203,katherine,van dyke,katherine van dyke,katherine.patel.786@mail.test,5559116879,1951-10-06,44 maple ave,786,household_nonmatch
1204,sofia,obrien,sofia obrien,sofia.obrien.1316@mail.test,5555580806,1997-06-21,56 oak st,1316,none
1205,charles,obrien,charles obrien,charles.obrien.1513@mail.test,5559245650,1992-02-12,11 pine ct,1513,none
1206,robert,smith,robert smith,robert.smith.3225@mail.test,5557555891,1957-01-06,145 pine ct,3225,near_collision
1207,laura,johnson,laura johnson,laura.johnson.3050@mail.test,5557713652,1954-11-25,153 oak st,3050,none
1208,sofia,kim,sofia kim,sofia.kim.1358@mail.test,5551741123,1994-03-17,191 oak st,1358,none
1209,david,smith,david smith,david.smith.469@mail.test,5552185129,1997-04-23,75 elm way,469,near_collision
1210,robert,silva,robert silva,robert.silva.2219@mail.test,5553971233,1981-03-24,74 elm way,2219,none
1211,robert,brown,robert brown,robert.brown.2917@mail.test,5553264947,1957-10-14,168 pine ct,2917,none
1212,michael,silva,michael silva,michael.silva.2988@mail.test,5554141719,1965-05-24,61 pine ct,2988,none
1213,ann,mueller,ann mueller,ann.nguyen.2480@mail.test,5557048793,1987-12-25,6 cedar ln,2480,household_nonmatch
1214,elizabeth,garcia,elizabeth garcia,elizabeth.garcia.3093@mail.test,5558921342,1972-10-15,62 maple ave,3093,near_collision
1215,katheirne,nguyen,katheirne nguyen,katherine.nguyen.3247@mail.test,5557377137,1996-09-22,191 cedar ln,3247,typo
1216,hans,kowalski,hans kowalski,hans.kowalski.2466@mail.test,5553934512,1950-11-10,126 oak st,2466,none
1217,james,smith,james smith,james.vandyke35@mail.test,5552182966,1964-04-18,100 cedar ln,35,typo
1218,charles,van dyke,charles van dyke,charles.vandyke.2628@mail.test,5554391474,1974-03-05,67 maple ave,2628,none
1219,william,van dyke,william van dyke,william.vandyke.1912@mail.test,5552937453,1971-07-21,171 oak st,1912,none
1220,katherine,kowalski,katherine kowalski,katherine.kowalski.108@mail.test,5552493419,1976-08-24,98 maple ave,108,none
1221,robert,patel,robert patel,robert.patel.318@mail.test,5554623838,1991-06-04,47 maple ave,318,none
1222,margaret,johnson,margaret johnson,margaret.johnson.2902@mail.test,5559213255,1963-06-13,12 oak st,2902,none
1223,david,van dyke,david van dyke,david.vandyke.2750@mail.test,5554032444,1957-09-09,147 elm way,2750,none
1224,patricia,silva,patricia silva,patricia.silva.243@mailtest,5551726238,1997-03-18,107 maple ave,243,typo
1225,robert,mueller,robert mueller,robert.mueller.2755@mail.test,5557214979,1970-01-12,109 maple ave,2755,none
1226,david,brown,david brown,david.mueller.1465@mail.test,5554837927,1998-10-21,22 oak st,1465,household_nonmatch
1227,patricia,nguyen,patricia nguyen,patricia.nguyen.1254@mail.test,5559833799,1996-01-06,184 birch rd,1254,none
1228,jose,van dyke,jose van dyke,jose.vandyke.2946@mail.test,5551482535,1992-08-05,100 oak st,2946,none
1229,charles,johnqon,charles johnqon,charles.mueller.3514@mail.test,5555247826,1989-02-02,32 maple ave,3514,household_nonmatch
1230,greta,garcia,greta garcia,greta.garcia.1452@mail.test,5556997130,1954-03-26,20 elm way,1452,none
1231,thomas,johnson,thomas johnson,thomas.johnson.2661@mail.test,5551628586,1990-08-11,47 maple ave,2661,none
1232,greta,jones,greta jones,greta.jones.2161@mail.test,5555047968,1989-09-01,125 maple ave,2161,none
1233,robert,van dyke,"van dyke, robert",robert.vandyke.203@mail.test,5556305781,1954-04-18,3 elm way,203,reorder
1234,william,smith,william smith,william.smith.1680@mail.test,5552178309,1960-06-03,24 pine ct,1680,near_collision
1235,katherine,brown,katherine brown,katherine.patel.8@mail.test,5558502858,1978-12-11,116 cedar ln,8,household_nonmatch
1236,jose,kowalski,jose kowalski,jose.kowalski.3124@mail.test,5558739610,1979-08-19,12 elm way,3124,none
1237,charles,jnoes,charles jnoes,charles.jones.2807@mail.test,5551570959,1959-01-02,108 pine ct,2807,typo
1238,michael,nguyen,michael nguyen,,,1987-08-21,40 maple ave,47,translit
1239,daniel,murphy,daniel murphy,daniel.murphy.2126@mail.test,5553052297,1994-01-25,195 birch rd,2126,none
1240,elizabeth,mueller,elizabeth mueller,elizabeth.mueller.1368@mail.test,5557304442,1992-02-11,130 elm way,1368,none
1241,greta,smith,greta smith,greta.smith.3543@mail.test,5552536298,1963-07-09,38 elm way,3543,near_collision
1242,laura,kim,laura kim,laura.kim.2222@mail.test,5554786250,1994-09-09,189 birch rd,2222,none
1243, Michael ,brown, Michael  brown,MICHAEL.BROWN.33@MAIL.TEST,5558304285,1971-08-06,108 elm way,33,case_noise
1244,hans,brown,hans brown,hans.brown.2743@mail.test,5551079514,1969-05-21,180 maple ave,2743,none
1245,margaret,van dyke,margaret van dyke,margaret.vandyke.764@mail.test,5555124560,1987-03-27,4 birch rd,764,none
1246,michael,jones,michael jones,michael.jones.2658@mail.test,5558440971,1957-03-22,99 elm way,2658,none
1247,jennifer,smith,jennifer smith,jennifer.smith.1329@mail.test,5557072561,1981-01-24,91 cedar ln,1329,near_collision
1248,daniel,johnson,"johnson, daniel",daniel.johnson.687@mail.test,5553462494,1956-09-20,52 maple ave,687,reorder
1249,charles,jones,charles jones,charles.jones.2931@mail.test,5556771139,1980-01-22,92 oak st,2931,none
1250, Jose ,brown, Jose  brown,,,1960-04-24,149 maple ave,41,missing
1251,patricia,garcia,patricia garcia,patricia.garcia.857@mail.test,5557117943,1971-03-07,137 elm way,857,none
1252, Katherine ,brown, Katherine  brown,KATHERINE.PATEL.8@MAIL.TEST,,1978-12-11,116 cedar ln,8,case_noise
1253,margaret,silva,margaret silva,margaret.silva.1398@mail.test,5556424880,1987-03-27,19 elm way,1398,near_collision
1254,jose,jones,jose jones,jose.jones.3321@mail.test,5555651359,1982-04-16,176 birch rd,3321,none
1255,p.,brown,p. brown,margaret.kowalski.2@mail.test,5558502858,1973-07-16,116 cedar ln,2,abbrev
1256,greta,kowalski,greta kowalski,greta.kowalski.3511@mail.test,5553891206,1967-12-18,53 birch rd,3511,none
1257,katherine,nguyen,katherine nguyen,katherine.nguyen.3247@mail.test,5557377137,1996-09-22,191 cedar ln,3247,near_collision
1258,jose,kim,jose kim,jose.kir.491@mail.test,5557077294,1975-07-27,198 oak st,491,typo
1259,susan,kowalski,susan kowalski,susan.kowalski.3415@mail.test,5557163880,1998-10-25,26 cedar ln,3415,none
1260,hans,van dyke,hans van dyke,hans.vandyke.507@mail.test,5554474430,1973-09-27,41 pine ct,507,near_collision
1261,charles,mueller,charles mueller,charles.mueller.3306@mail.test,5552809030,1976-01-21,193 birch rd,3306,none
1262,robert,obrien,robert obrien,robert.obrien.1841@mail.test,5557896565,1986-08-17,85 birch rd,1841,near_collision
1263,robert,nguyen,"nguyen, robert",robert.nguyen.357@mail.test,5554461687,1997-08-24,116 birch rd,357,reorder
1264, Jennifer ,køwalski, Jennifer  køwalski,JENNIFER.KOWALSKI.226@MAIL.TEST,5553767376,1957-04-09,39 birch rd,226,case_noise
1265,michael,kim,michael kim,michael.kim.480@mail.test,5552002270,1964-07-01,74 oak st,480,none
1266,robert,nguyen,robert nguyen,robert.nguyen.2589@mail.test,5559106008,1990-06-02,127 elm way,2589,none
1267,jose,murphy,jose murphy,jose.murphy.2824@mail.test,5551112643,1985-09-19,64 birch rd,2824,none
1268,greta,silva,greta silva,greta.silva.430@mail.test,5555109287,1982-05-15,177 cedar ln,430,none
1269,susan,jones,susan jones,susan.jones.2408@mail.test,5559915293,1977-04-08,90 oak st,2408,near_collision
1270,james,kowalski,james kowalski,james.vandyke.2289@mail.test,5559059226,1952-04-02,140 cedar ln,2289,household_nonmatch
1271,james,nguyen,james nguyen,james.nguyen.653@mail.test,5551436116,1966-08-27,54 birch rd,653,none
1272,michael,silva,michael silva,michael.silva.2362@mail.test,5558156736,1966-05-11,64 cedar ln,2362,none
1273,hans,brown,hans brown,hans.brown.2547@mail.test,5555730044,1955-12-14,115 elm way,2547,none
1274,susan,silva,susan silva,susan.silva.1972@mail.test,5554302660,1961-11-16,145 maple ave,1972,none
1275,katherine,mueller,katherine mueller,katherine.mueller.86@mail.test,5557014896,1966-01-01,178 elm way,86,none
1276,william,jones,"jones, william",william.nguyen.5@mail.test,5556599612,1976-04-27,158 cedar ln,5,reorder
1277,robert,van dyke,robert van dyke,robert.vandyke.1517@mail.test,5557569056,1951-09-16,105 cedar ln,1517,near_collision
1278,greta,smith,greta smith,greta.smith.933@mail.test,5553764851,1986-10-05,49 cedar ln,933,none
1279,laura,nguyen,laura nguyen,laura.nguyen.187@mail.test,5558575318,1996-05-27,172 pine ct,187,translit
1280,charles,mueller,charles mueller,charles.mueller.371@mail.test,5556505162,1953-09-01,102 elm way,371,none
1281,katherine,patel,katherine patel,katherine.patel.3558@mail.test,5555826963,1962-06-02,77 cedar ln,3558,near_collision
1282,jose,smith,jose smith,jose.smith.2648@mail.test,5557540040,1957-07-26,140 maple ave,2648,none
1283,charles,garcia,charles garcia,charles.garcia.3181@mail.test,5555232837,1959-11-26,81 maple ave,3181,near_collision
1284,sofia,mueller,sofia mueller,,,,149 pine ct,69,missing
1285,michael,patle,michael patle,michael.patel.109@mail.test,5557926158,1968-09-15,83 maple ave,109,typo
1286,jose,nguyen,jose nguyen,jose.nguyen.1468@mail.test,5557891915,1991-11-17,26 oak st,1468,none
1287,robert,murphy,robert murphy,robert.murphy.23@mail.test,5558482205,1970-12-24,115 elm way,23,near_collision
1288, Laura ,silva, Laura  silva,LAURA.SILVA.2666@MAIL.TEST,5557073071,1973-02-10,81 oak st,2666,case_noise
1289,thomas,brown,thomas brown,thomas.brown.1548@mail.test,5551833215,1970-06-15,21 pine ct,1548,near_collision
1290,margaret,murphy,margaret murphy,margaret.murphy.1995@mail.test,5556572263,1957-06-14,126 cedar ln,1995,none
1291,william,nguyen,william nguyen,william.nguyen.1005@mail.test,5558719138,1994-01-08,9 elm way,1005,none
1292,greta,obrien,greta obrien,greta.obrien.3337@mail.test,5559648286,1987-06-11,122 oak st,3337,none
1293,james,silva,james silva,james.silva.3239@mail.test,5558858610,1996-12-01,118 cedar ln,3239,none
1294,charles,va dyke,charles va dyke,charles.vandyke.492@mail.test,5553452276,1975-08-27,3 maple ave,492,typo
1295,william,patel,william patel,william.patel.1278@mail.test,5558083551,1984-04-14,174 cedar ln,1278,none
1296, David ,obrien,"obrien,  David ",DAVID.OBRIEN.195@MAIL.TEST,5554700085,1998-06-19,122 elm way,195,reorder
1297,jennifer,van dyke,jennifer van dyke,jennifer.vandyke.2280@mail.test,5555612383,1997-12-26,191 cedar ln,2280,none
1298,michael,nguyen,michael nguyen,michael.nguyen.327@mail.test,5558073806,1963-09-16,1 maple ave,327,none
1299, .,jones, . jones,JAMES.KOWALSKI.351@MAIL.TEST,5556599612,1973-08-17,158 cedar ln,351,abbrev
1300,sofia,garcia,"garcia, sofia",sofia.garcia.777@mail.test,5553826976,1950-02-08,96 pine ct,777,reorder
1301,margaret,patel,margaret patel,margaret.patel.2925@mail.test,5555872453,1980-05-08,122 maple ave,2925,none
1302,patricia,jones,patricia jones,patricia.jones.1933@mail.test,5558569929,1953-08-22,146 pine ct,1933,none
1303,katherine,brown,katherine brown,katherine.patel.8@mail.test,,1978-12-11,116 cedar ln,8,missing
1304,jose,garcia,jose garcia,jose.garcia.232@mail.test,5559910405,1979-10-13,135 oak st,232,none
1305,laura,mueller,laura mueller,laura.mueller.2339@mail.test,5559204225,1968-10-23,195 pine ct,2339,near_collision
1306,william,patel,william patel,william.patel.606@mail.test,5553269199,1950-06-10,53 maple ave,606,none
1307,jennifer,smith,jennifer smith,jennifer.smith.1913@mail.test,5556789849,1991-04-23,175 elm way,1913,none
1308,margaret,silva,margaret silva,margaret.silva.265@mail.test,,,72 birch rd,265,missing
1309,thomas,mueller,thomas mueller,thomas.mueller.655@mail.test,5552655298,1976-12-14,92 elm way,655,none
1310,laura,jones,laura jones,laura.jones.3208@mail.test,5553218396,1990-02-22,30 elm way,3208,none
1311,robert,van dyke,robert van dyke,robert.vandyke.203@mail.test,5556305781,1954-04-18,3 elm way,203,none
1312,katherine,smith,katherine smith,katherine.smith.2440@mail.test,5552188554,1957-10-07,41 cedar ln,2440,none
1313,jose,silva,jose silva,jose.silva.3129@mail.test,5553895443,1963-10-24,169 oak st,3129,none
1314,james,mueller,james mueller,james.mueller.804@mail.test,5551922428,1998-05-26,160 cedar ln,804,near_collision
1315,thomas,smith,thomas smith,,,1989-01-14,11 elm way,630,missing
1316,laura,obrien,laura obrien,laura.obrien.1904@mail.test,5554005724,1979-09-14,125 elm way,1904,none
1317, Margaret ,brown, Margaret  brown,MARGARET.BROWN.1233@MAIL.TEST,5556844357,1956-09-01,58 pine ct,1233,case_noise
1318,susan,obrien,susan obrien,susan.obrien.2844@mail.test,5552453784,1985-12-15,195 elm way,2844,none
1319,charles,van dyke,charles van dyke,charles.vandyke.3668@mail.test,5555303496,1985-01-01,139 elm way,3668,none
1320,charles,patel,charles patel,charles.patel.2923@mail.test,5552146531,1980-07-14,75 oak st,2923,none
1321,james,mueller,james mueller,james.mueller.967@mail.test,5557947666,1994-05-08,37 elm way,967,none
1322,daniel,nguyen,daniel nguyen,daniel.nguyen.3255@mail.test,5556265472,1952-07-04,4 oak st,3255,none
1323,patricia,murphy,patricia murphy,patricia.murphy.1303@mail.test,5556168098,1990-09-18,2 birch rd,1303,none
1324,sofia,brown,sofia brown,sofia.brown.93@mail.test,5554208845,1950-02-22,38 birch rd,93,near_collision
1325,michael,van dyke,michael van dyke,michael.vandyke.2689@mail.test,5556947041,1993-07-06,152 maple ave,2689,none
1326,elizabeth,jones,elizabeth jones,elizabeth.jones.1246@mail.test,5558931102,1958-01-16,18 oak st,1246,none
1327,patricia,smith,patricia smith,patricia.smith.3231@mail.test,5556319362,1964-01-26,95 maple ave,3231,none
1328,james,murphy,james murphy,james.murphy.1113@mail.test,5553227510,1977-09-25,88 birch rd,1113,none
1329,ann,johnson,ann johnson,ann.johnson.589@mail.test,5551133149,1982-06-25,76 maple ave,589,near_collision
1330,michael,nguyen,michael nguyen,michael.nguyen.2365@mail.test,5557784801,1995-01-17,62 pine ct,2365,none
1331,ann,patel,ann patel,ann.patel.2511@mail.test,5553530527,1994-01-06,49 elm way,2511,near_collision
1332,charles,nguyen,charles nguyen,charles.nguyen.627@mail.test,5556249892,1955-10-18,94 elm way,627,none
1333,david,nguyen,david nguyen,david.nguyen.385@mail.test,5553407044,1954-04-19,45 birch rd,385,none
1334,robert,murphy,robert murphy,robert.murphy.1973@mail.test,5555025638,1963-05-06,6 pine ct,1973,none
1335,robert,nguyen,robert nguyen,robert.nguyen.2584@mail.test,5559938536,1994-06-14,13 elm way,2584,none
1336,sofai,patel,sofai patel,sofia.patel.124@mail.test,5553070955,1974-03-14,160 elm way,124,typo
1337,elizabeth,km,elizabeth km,elizabeth.kim.467@mail.test,5556063251,1969-09-04,8 cedar ln,467,typo
1338,hans,smith,hans smith,hans.smith.715@mail.test,5553836561,1975-05-12,29 maple ave,715,near_collision
1339,margaret,johnson,margaret johnson,,5553286575,,68 pine ct,2794,missing
1340,kstherine,van dyke,kstherine van dyke,katherine.vandyke.2123@mail.test,5557851246,1975-09-03,184 maple ave,2123,typo
1341,laura,murkhy,laura murkhy,laura.murphy.375@mail.test,5557361583,1959-05-25,14 maple ave,375,typo
1342,sofia,jones,sofia jones,sofia.obrien.392@mail.test,5554829223,1987-06-25,153 elm way,392,household_nonmatch
1343,sofia,mueller,sofia mueller,,,,149 pine ct,69,missing
1344, Michael ,brown, Michael  brown,MICHAEL.BROWN.1151@MAIL.TEST,5555019678,,88 maple ave,1151,case_noise
1345,david,kim,david kim,david.kim.2770@mail.test,5556787243,1972-02-25,172 elm way,2770,none
1346,david,silva,david silva,david.silva.1914@mail.test,5557720577,1969-09-16,123 pine ct,1914,none
1347, Laura ,patel, Laura  patel,LAURA.PATEL.892@MAIL.TEST,5554375281,1954-08-08,41 maple ave,892,case_noise
1348,charles,jones,charles jones,charles.jones.1829@mail.test,5554676990,1994-11-03,149 cedar ln,1829,none
1349,pggy,brown,pggy brown,margaret.kowalski.2@mail.test,5558502858,1973-07-16,116 cedar ln,2,typo
1350,g.,brown,g. brown,greta.brown.1079@mail.test,5555781314,1991-09-13,78 cedar ln,1079,abbrev
1351,ann,silva,ann silva,ann.silva.3025@mail.test,5552626004,1980-08-01,38 oak st,3025,near_collision
1352,greta,silva,greta silva,greta.silva.2629@mail.test,5551447332,1967-10-03,145 maple ave,2629,none
1353,jose,murphy,jose murphy,jose.murphy.548@mail.test,5551008015,1984-07-07,19 birch rd,548,none
1354,ann,silva,ann silva,ann.nguyen.2027@mail.test,5556352213,1984-02-15,40 pine ct,2027,household_nonmatch
1355,jose,murphy,jose murphy,jose.murphy.2649@mail.test,5559105953,1982-07-22,189 oak st,2649,none
1356,thomas,murphy,thomas murphy,thomas.murphy.1889@mail.test,5553641879,1950-03-13,76 maple ave,1889,none
1357,jose,brown,jose brown,,5558078369,1960-04-24,149 maple ave,41,missing
1358,thomas,murphy,thomas murphy,thomas.murphy.182@mail.test,5559728808,1975-05-25,193 oak st,182,none
1359,michael,van dyke,michael van dyke,michael.vandyke.3080@mail.test,5552344106,1954-10-11,27 cedar ln,3080,near_collision
1360,susan,mueller,susan mueller,susan.mueller.2072@mail.test,5552709418,1954-08-03,181 oak st,2072,near_collision
1361,michael,silva,michael silva,michael.silva.780@mail.test,5556738008,1961-08-20,138 cedar ln,780,none
1362,sofia,mueller,"mueller, sofia",,,1970-06-02,149 pine ct,69,reorder
1363,daniel,johnson,daniel johnson,daniel.kowalski.2235@mail.test,5556734258,1997-11-26,63 maple ave,2235,household_nonmatch
1364,david,silva,david silva,david.smith.3329@mail.test,5558273881,1991-04-06,24 birch rd,3329,household_nonmatch
1365,g.,silva,g. silva,greta.silva.1824@mail.test,5554991896,1961-12-25,83 oak st,1824,abbrev
1366,daniel,murphy,daniel murphy,,,1977-03-21,114 maple ave,11,missing
1367,ann,nguyen,ann nguyen,ann.nguyen.3559@mail.test,5559951913,1958-12-21,86 elm way,3559,none
1368,laura,silva,laura silva,laura.silva.3265@mail.test,5556695838,1960-01-12,161 maple ave,3265,none
1369,william,kowalski,william kowalski,william.kowalski.3117@mail.test,5555083268,1958-03-23,125 pine ct,3117,none
1370,jennifer,smith,jennifer smith,jennifer.kim.3147@mail.test,5557571101,1982-06-13,123 maple ave,3147,household_nonmatch
1371, Laura ,patel, Laura  patel,LAURA.PATEL.557@MAIL.TEST,5554390525,1994-10-04,55 cedar ln,557,case_noise
1372,elizabeth,van dyke,elizabeth van dyke,elizabeth.vandyke.83@mail.test,5559116879,1971-01-14,44 maple ave,83,none
1373,patricia,sith,patricia sith,patricia.kowalski.579@mail.test,5554910859,1992-01-05,34 oak st,579,household_nonmatch
1374,elizabeth,murphy,elizabeth murphy,elizabeth.murphy.121@mail.test,5552945388,1972-04-26,98 maple ave,121,none
1375,hans,kim,hans kim,hans.kim.2268@mail.test,5559225474,1968-07-26,58 birch rd,2268,near_collision
1376,susan,silva,susan silva,susan.silva.1065@mail.test,5553403468,1992-08-02,134 oak st,1065,near_collision
1377,daniel,brown,daniel brown,daniel.brown.1473@mail.test,5554083566,1982-04-01,44 cedar ln,1473,none
1378,hans,mueller,hans mueller,hans.mueller.2439@mail.test,5555690910,1989-10-26,21 elm way,2439,none
1379,s.,smith,s. smith,sofia.smith.1427@mail.test,5551780587,1989-08-06,116 maple ave,1427,abbrev
1380,jennifer,garcia,jennifer garcia,jennifer.garcia.748@mail.test,5556791576,1977-09-05,53 birch rd,748,none
1381,jose,brown,"brown, jose",jose.vandyke.41@mail.test,5558078369,1960-04-24,149 maple ave,41,reorder
1382,jose,kowalski,jose kowalski,jose.kowalski.721@mail.test,5553826305,1951-05-17,35 birch rd,721,near_collision
1383,elizabeth,kowalski,elizabeth kowalski,elizabeth.kowalski.3098@mail.test,5559178663,1982-07-26,27 oak st,3098,near_collision
1384,katherine,kowalski,katherine kowalski,katherine.kowalski.1663@mail.test,5554042274,1965-04-21,134 cedar ln,1663,near_collision
1385,sofia,jones,sofia jones,sofia.jones.1227@mail.test,5551545692,1984-11-22,150 pine ct,1227,none
1386,jose,jones,"jones, jose",jose.vandyke.78@mail.test,5555627058,1975-09-22,126 birch rd,78,reorder
1387,jennifer,obrien,jennifer obrien,jennifer.obrien.3042@mail.test,5559246883,1951-06-16,187 elm way,3042,none
1388,mcihnel,nguyen,mcihnel nguyen,,,1987-08-21,40 maple ave,47,typo
1389,daniel,vanndyke,"vanndyke, daniel",daniel.vandyke.872@mail.test,5555505100,1981-04-03,43 maple ave,872,reorder
1390,jose,murphy,jose murphy,jose.murphy.1395@mail.test,5559191228,1979-12-24,143 cedar ln,1395,none
1391,william,murphy,william murphy,william.murphy.1588@mail.test,5558685660,1964-04-22,63 elm way,1588,none
1392,hasn,garcia,hasn garcia,hans.garcia.2303@mail.test,5551303568,1962-10-10,4 pine ct,2303,typo
1393,michael,brown,michael brown,michael.brown.33m@ail.test,5558304285,1971-08-06,108 elm way,33,typo
1394,william,kim,william kim,wililam.kim.169@mail.test,5557971350,,8 cedar ln,169,missing
1395,charles,nguyen,charles nguyen,charles.nguyen.2255@mail.test,5555046670,1994-01-22,164 birch rd,2255,near_collision
1396,margaret,mueller,margaret mueller,margaret.mueller.399@mail.test,5556529971,1984-08-03,162 cedar ln,399,none
1397,sofia,mueller,sofia mueller,sofia.mueller.69@mail.test,5554423871,1970-06-02,149 pine ct,69,near_collision
1398,mrgaret,murphy,mrgaret murphy,margaret.murphy.104@mail.test,,1997-04-11,91 cedar ln,104,missing
1399,jose,brown,jose brown,jose.brown.1223@mail.test,5551042513,1997-04-06,130 pine ct,1223,household_nonmatch
1400,katherine,johnson,katherine johnson,katherine.johnson.411@mail.test,5555616450,1977-06-23,58 maple ave,411,none
1401,susan,murphy,susan murphy,,5559094106,,110 cedar ln,413,missing
1402,hans,kim,hans kim,hnas.ikm.272@mail.test,5557461661,1972-03-14,50 cedar ln,272,typo
1403,david,brown,david brown,david.brown.1094@mail.test,5551134269,1965-02-19,25 oak st,1094,near_collision
1404,patricia,kowalski,patricia kowalski,patricia.kowalski.3064@mail.test,5558237798,1995-08-09,115 maple ave,3064,near_collision
1405,trish,murphy,trish murphy,patricia.murphy.643@mail.test,5552332764,1996-09-13,31 oak st,643,abbrev
1406,jennifer,køwalski,jennifer køwalski,jennifer.kowalski.226@mail.test,5553767376,1957-04-09,39 birch rd,226,translit
1407,hans,brøwn,hans brøwn,hans.brown.542@mail.test,5557397592,1971-01-19,39 pine ct,542,translit
1408,robert,jones,robert jones,robort.jones.63@mail.test,5555084950,1982-06-06,144 birch rd,63,typo
1409,greta,kowalski,greta kowalski,greta.kowalski.2851@mail.test,5558338747,1954-03-24,79 oak st,2851,none
1410,daniel,patel,daniel patel,daniel.patel.1628@mail.test,5551564875,1977-05-17,107 cedar ln,1628,near_collision
1411,greta,patel,greta patel,greta.patel.1648@mail.test,5551426794,1966-04-16,75 birch rd,1648,none
1412,margaret,brown,margaret brown,margaret.kowalski.2@mail.test,,,116 cedar ln,2,missing
1413,katherine,patel,katherine patel,katherine.patel.3408@mail.test,5553609087,1972-09-04,38 birch rd,3408,none
1414,william,mueller,william mueller,william.mueller.518@mail.test,5556568727,1982-11-02,84 birch rd,518,none
1415,l.,obrien,l. obrien,laura.obrien.186@mail.test,5557323149,1984-12-17,12 birch rd,186,abbrev
1416,thomas,murphy,thomas murphy,thomas.murphy.963@mail.test,5556094147,1991-04-24,127 cedar ln,963,none
1417, Sofia ,garcia, Sofia  garcia,SOFIA.BROWN.975@MAIL.TEST,5556508562,1975-04-11,138 elm way,975,case_noise
1418,s.,van dyke,s. van dyke,sofia.vandyke.198@mail.test,5554923049,1991-02-10,152 pine ct,198,abbrev
1419,susan,johnson,susan johnson,susan.jones.544@mail.test,,1994-12-22,177 maple ave,544,missing
1420,greta,van dyke,greta van dyke,greta.vandyke.2739@mail.test,5554764116,1964-12-03,187 elm way,2739,none
1421,greta,patel,greta patel,,,1963-10-22,73 birch rd,734,missing
1422,robert,kowalski,robert kowalski,robert.kowalski.1014@mail.test,5556762511,1975-04-05,97 cedar ln,1014,none
1423,james,mueller,james mueller,james.johnson.1249@mail.test,5553903272,1993-02-20,129 maple ave,1249,household_nonmatch
1424,charles,kowalski,charles kowalski,charles.obrien.2695@mail.test,5554532774,1982-03-07,60 maple ave,2695,household_nonmatch
1425,patricia,joens,patricia joens,patricia.jones.812@mail.test,5556606687,1958-01-24,43 pine ct,812,typo
1426,jose,smith,jose smith,jose.smith.1107@amil.test,5558762489,1998-02-05,117 birch rd,1107,typo
1427,susan,jones,susan jones,susan.jones.686@mail.test,5551681193,1991-01-11,8 birch rd,686,none
1428,daniel,johnson,daniel johnson,daniel.johnson.1236@mail.test,5558260354,1985-05-23,62 birch rd,1236,none
1429,robert,jones,robert jones,robert.mueller.1360@mail.test,5556599612,1974-03-16,158 cedar ln,1360,household_nonmatch
1430,peggy,jones,peggy jones,margaret.brown.40@mail.test,5556599612,1979-02-16,158 cedar ln,40,abbrev
1431,sofia,kowalski,sofia kowalski,sofia.kowalski.1217@mail.test,5552062976,1954-04-16,32 elm way,1217,none
1432,daniel,smith,daniel smith,,5554154490,1979-11-02,78 pine ct,118,missing
1433,margaret,brown,margaret brown,margaret.brown.1232@mail.test,5554550742,1957-01-25,76 oak st,1232,near_collision
1434,katherine,jones,katherine jones,katherine.jones.2275@mail.test,5557487841,1982-11-03,125 elm way,2275,none
1435,elizabeth,brown,elizabeth brown,elizabeth.brown.535@mail.test,5553793476,1963-03-14,146 birch rd,535,none
1436,elizabeth,obrien,elizabeth obrien,elizabeth.obrien.1047@mail.test,5559738062,1980-07-16,2 oak st,1047,none
1437,david,smith,david smith,david.smith.2482@mail.test,5556503748,1996-07-05,194 cedar ln,2482,none
1438,katherine,kowalski,katherine kowalski,katherine.kowalski.1835@mail.test,5556001136,1997-08-02,92 maple ave,1835,none
1439,laura,jones,laura jones,laura.jones.671@mail.test,5555886777,1969-09-01,11 pine ct,671,none
1440,david,garcia,david garcia,david.garcia.605@mail.test,5552429723,1977-12-19,182 oak st,605,none
1441,jose,patel,"patel, jose",jose.patel.2043@mail.test,5553812765,1962-11-12,70 oak st,2043,reorder
1442,hans,silva,hans silva,hans.silva.2808@mail.test,5555613408,1982-12-19,160 elm way,2808,none
1443,james,brown,"brown, james",james.brown.1312@mail.test,5551263858,1995-07-09,7 oak st,1312,reorder
1444,robert,brown,robert brown,robert.brown.129@mail.test,5553205154,1968-12-18,2 elm way,129,none
1445,patricia,brown,patricia brown,patricia.brown.3192@mail.test,5552762902,1974-11-22,118 maple ave,3192,none
1446,thomas,brown,thomas brown,thomas.vandyke.597@mail.test,5557898031,,113 maple ave,597,missing
1447,daniel,van dyke,daniel van dyke,daniel.johnson.2234@mail.test,5554923049,1969-11-25,152 pine ct,2234,household_nonmatch
1448,jennifer,johnson,jennifer johnson,jennifer.johnson.2109@mail.test,5557243632,1971-10-16,44 elm way,2109,none
1449,sofia,van dyke,sofia van dyke,sofia.vandyke.1731@mail.test,5559290568,1977-04-14,67 elm way,1731,none
1450,margaret,nguyen,margaret nguyen,margaret.nguyen.1729@mail.test,5555422075,1952-04-26,84 pine ct,1729,none
1451, .,nguyen, . nguyen,MICHAEL.NGUYEN.47@MAIL.TEST,,,40 maple ave,47,abbrev
1452,elizabeth,silva,elizabeth silva,elizabeth.silva.839@mail.test,5559265582,1954-01-20,56 cedar ln,839,translit
1453,katherine,nguyen,katherine nguyen,katherine.nguyen.3105@mail.test,5558743195,1982-11-07,37 oak st,3105,near_collision
1454,michael,smith,michael smith,michael.smith.18@mail.test,5557687984,1989-08-04,115 cedar ln,18,none
1455,patricia,obrien,patricia obrien,patricia.obrien.526@mail.test,5552813559,1985-11-13,166 cedar ln,526,none
1456,sofia,kowalski,sofia kowalski,sofia.kowalski.1209@mail.test,5552331103,1955-09-13,4 birch rd,1209,none
1457, Robert ,murphy, Robert  murphy,ROBERT.MURPHY.22@MAIL.TEST,5559554935,1975-11-25,32 elm way,22,case_noise
1458,sofia,murphy,sofia murphy,sofia.murphy.989@mail.test,5556674099,1984-12-17,34 elm way,989,none
1459,daniel,smith,daniel smith,,5553562777,,121 elm way,1553,missing
1460,laura,jones,laura jones,laura.jones.2565@mail.test,5554247984,1953-08-24,17 pine ct,2565,near_collision
1461,james,kim,james kim,james.kim.930@mail.test,,,95 oak st,930,missing
1462,susan,johnson,susan johnson,susan.johnhon.2724@mail.test,5556278363,1963-01-01,70 birch rd,2724,typo
1463,david,smith,david smith,david.smith.468@mail.test,5553786130,1971-09-23,168 oak st,468,near_collision
1464,s.,patel,s. patel,sofia.patel.124@mail.test,5553070955,1974-03-14,160 elm way,124,abbrev
1465,david,kowalski,david kowalski,david.kowalski.529@mail.test,5555328830,1987-12-20,145 oak st,529,near_collision
1466,daniel,patel,daniel patel,daniel.patel.583@mail.test,5556783979,1998-10-16,101 elm way,583,none
1467,william,brown,william brown,william.brown.1607@mail.test,5556784366,1966-06-04,128 cedar ln,1607,near_collision
1468,greta,patel,greta patel,greta.patel.1503@mail.test,5553564279,1963-03-10,155 elm way,1503,none
1469,hans,nguyen,hans nguyen,hans.nguyen.2745@mail.test,5552744322,1967-12-14,13 cedar ln,2745,none
1470,laura,obrien,laura obrien,laura.obrien.186@mail.test,5557323149,1984-12-17,12 birch rd,186,none
1471,charles,kowalski,charles kowalski,charles.kowalski.3624@mail.test,5554505366,1962-05-17,67 birch rd,3624,none
1472, Datid ,van dyke, Datid  van dyke,DAVID.VANDYKE.365@MAIL.TEST,5554939285,1968-12-26,30 pine ct,365,case_noise
1473,sofia,mueller,sofia mueller,,,1970-06-02,149 pine ct,69,missing
1474,robert,garcia,robert garcia,robert.garcia.2687@mail.test,5551586447,1996-05-27,33 maple ave,2687,none
1475,ann,silva,ann silva,ann.silva.877@mail.test,5551906149,1954-11-04,54 cedar ln,877,none
1476,patricia,johnson,patricia johnson,patricia.johnson.67@mail.test,5558263410,1957-06-23,111 birch rd,67,none
1477,katherine,van dyke,katherine van dyke,katherine.vandyke.2123@mail.test,5557851246,1975-09-03,184 maple ave,2123,none
1478,charles,garcia,charles garcia,cahrles.jones.1485@mail.test,5552716282,1973-05-16,68 pine ct,1485,typo
1479,charles,kim,charles kim,,5557971350,1994-04-06,8 cedar ln,190,missing
1480,jennifer,garcia,jennifer garcia,jennifer.garcia.455@mail.test,5556611913,1975-10-12,141 oak st,455,none
1481,michael,brown,michael brown,michael.brown.1151@mail.test,5555019678,,88 maple ave,1151,missing
1482,patricia,johnson,patricia johnson,patricia.silva.1940@mail.test,5554113947,1990-02-27,169 maple ave,1940,household_nonmatch
1483, M. ,patel, M.  patel,MICHAEL.PATEL.136@MAIL.TEST,5554984429,1990-03-07,2 cedar ln,136,case_noise
1484,m.,silva,m. silva,michael.mueller.633@mail.test,5559139819,1984-09-27,93 cedar ln,633,abbrev
1485,hans,kowalski,hans kowalski,hans.kowalski.3517@mail.test,5559450440,1962-03-11,174 oak st,3517,near_collision
1486,hans,smith,hans smith,hans.smith.3397@mail.test,5552035404,1973-05-18,71 cedar ln,3397,near_collision
1487,james,kim,"kim, james",james.kim.930@mail.test,5553845001,1956-09-06,95 oak st,930,reorder
1488,  Charles  ,kim,  Charles   kim,CHARLES.SMITH.148@MAIL.TEST,5559234602,1980-01-03,99 elm way,148,case_noise
1489,hans,mseller,hans mseller,hans.mueller.120@mail.test,,1970-08-22,183 cedar ln,120,missing
1490,charles,vn dyke,charles vn dyke,,5556861863,,191 birch rd,1053,typo
1491,william,obrien,william obrien,william.obrien.1994@mail.test,5551832899,1958-07-19,160 oak st,1994,household_nonmatch
1492,thomas,murphy,thomas murphy,thomas.murphy.712@mail.test,5557230471,1987-05-07,128 maple ave,712,none
1493,jose,van dyke,jose van dyke,jose.vandyke.2014@mail.test,5555743321,1991-04-14,143 pine ct,2014,none
1494,greta,silva,greta silva,greta.kowalski.1954@mail.test,5555234790,1953-08-25,89 maple ave,1954,household_nonmatch
1495,susan,johnson,susan johnson,susan.johnson.332@mail.test,5552577672,1951-03-23,124 birch rd,332,none
1496,charles,kim,charles kim,charles.kim.1808@mail.test,5553827327,1994-03-23,29 oak st,1808,none
1497,charles,patel,charles patel,charles.patel.2188@mail.test,5556505414,1951-08-23,108 elm way,2188,none
1498,james,kim,james kim,james.kim.2503@mail.test,5559020174,1975-07-23,142 cedar ln,2503,none
1499,robert,smith,robert smith,robert.silva.3342@mail.test,5554959627,1963-10-26,197 oak st,3342,household_nonmatch
1500,dan,jones,dan jones,daniel.obrien.17@mail.test,5555627058,1994-12-05,126 birch rd,17,abbrev
1501,michael,patel,michael patel,michael.patel.1811@mail.test,5553206877,1978-08-24,191 pine ct,1811,none
1502,thomas,smith,thomas smith,thomas.smith.1790@mail.test,5559128190,1968-02-01,136 oak st,1790,none
1503,greta,garcia,greta garcia,greta.garcia.999@mail.test,5551787146,1963-04-11,81 birch rd,999,none
1504,jennifer,nguyen,jennifer nguyen,jennifer.nguyen.1987@mail.test,5552104132,1997-05-21,22 oak st,1987,none
1505,james,johnson,james johnson,james.johnson.258@mail.test,5551323726,1988-03-27,167 elm way,258,none
1506,katherine,silva,katherine silva,katherine.smith.3305@mail.test,5558028322,1989-02-10,73 birch rd,3305,household_nonmatch
1507,jennifer,johnson,jennifer johnson,,5555025598,1986-09-25,157 pine ct,71,typo
1508,thomas,garcia,thomas garcia,thomas.garcia.3461@mail.test,5556746869,1964-01-24,28 birch rd,3461,none
1509,robert,pjtel,robert pjtel,robert.patel.142@mail.test,5557286357,1998-03-09,3 birch rd,142,typo
1510,susan,kowalsi,susan kowalsi,susan.kowalski.1896@mail.test,5554532774,1985-11-20,60 maple ave,1896,typo
1511,james,garcia,james garcia,james.garcia.2415@mail.test,5556176343,1951-08-23,27 elm way,2415,near_collision
1512,patricia,kowalski,patricia kowalski,patricia.kowalski.944@mail.test,5552676556,1975-07-06,23 maple ave,944,near_collision
1513,margaret,smith,margaret smith,margaret.smith.3243@mail.test,5555763774,1953-12-15,82 cedar ln,3243,near_collision
1514,greta,mueller,greta mueller,greta.mueller.380@mail.test,5553133323,1986-08-27,31 elm way,380,none
1515,greta,silva,greta silva,greta.murphy.1046@mail.test,5552965130,1967-08-21,164 pine ct,1046,household_nonmatch
1516,james,murphy,james murphy,james.murphy.3264@mail.test,5554503654,1973-10-19,5 pine ct,3264,none
1517,susan,müller,susan müller,susan.vandyke.328@mail.test,5557276902,1977-02-18,149 birch rd,328,translit
1518,thomas,kowalski,thomas kowalski,thomas.kowalski.2754@mail.test,5552869498,1991-07-16,68 cedar ln,2754,none
1519,greta,smith,"smith, greta",greta.smith.317@mail.test,5557571101,1978-11-19,123 maple ave,317,reorder
1520,jose,mueller,jose mueller,jose.johnson.91@mail.test,5554423871,1959-04-09,149 pine ct,91,household_nonmatch
1521,greta,kowalski,"kowalski, greta",greta.kowalski.320@mail.test,5551834570,1979-03-10,67 maple ave,320,reorder
1522,ann,mueller,ann mueller,ann.mueller.2556@mail.test,5553227691,1980-10-21,54 maple ave,2556,none
1523,william,brown,william brown,william.vandyke.2597@mail.test,5558502858,1997-02-21,116 cedar ln,2597,household_nonmatch
1524,laura,murphy,laura murphy,laura.murphy.3066@mail.test,5554585521,1994-03-13,175 cedar ln,3066,none
1525,katherine,mueller,katherine mueller,katherine.mueller.1668@mail.test,5555272828,1996-08-07,11 cedar ln,1668,near_collision
1526,susan,silva,susan silva,susan.jones.377@mail.test,5558273881,1959-10-11,24 birch rd,377,household_nonmatch
1527,robert,garcia,robert garcia,robert.garcia.3510@mail.test,5554347488,1958-06-14,86 birch rd,3510,none
1528, W. ,jones, W.  jones,WILLIAM.JONES.4@MAIL.TEST,5555627058,1963-06-11,126 birch rd,4,case_noise
1529,elizabeth,køwalski,elizabeth køwalski,elizabeth.smith.895@mail.test,5558842053,1955-02-24,102 elm way,895,translit
1530, Katherine ,brown, Katherine  brown,KATHERINE.SILVA.285@MAIL.TEST,5558502858,1966-12-06,116 cedar ln,285,case_noise
1531,m.,patel,"patel, m.",margaret.patel.1424@mail.test,5558775775,1989-02-17,19 cedar ln,1424,reorder
1532,danile,smith,danile smith,daniel.smith.1@mail.test,5552182966,1989-02-13,100 cedar ln,1,typo
1533,sofia,kim,sofia kim,sofia.kim.677@mail.test,5557770693,1993-10-04,10 birch rd,677,none
1534,katherine,bron,katherine bron,katherine.patel.21@mil.test,,1992-07-27,116 cedar ln,21,missing
1535,jose,murphy,jose murphy,jose.murphy.929@mail.test,5552163716,1976-11-02,5 maple ave,929,near_collision
1536,sofia,johnson,sofia johnson,sofia.johnson.1861@mail.test,5556112828,1977-09-27,175 pine ct,1861,none
1537,katherine,mueller,katherine mueller,katherine.mueller.2474@mail.test,5557517105,1958-02-05,97 birch rd,2474,none
1538,jose,silva,jose silva,jose.silva.3128@mail.test,5556597549,1977-04-17,92 elm way,3128,none
1539,chuck,patel,chuck patel,charles.patel.483@mail.test,5559320981,1958-03-12,179 birch rd,483,abbrev
1540,margaret,nguyen,margaret nguyen,margaret.nguyen.1298@mail.test,5552946535,1997-10-23,32 pine ct,1298,none
1541,thomas,brown,thomas brown,,5556343861,,57 elm way,82,missing
1542,ann,nguyen,ann nguyen,ann.nguyen.137@mail.test,5559069832,1998-04-22,173 pine ct,137,typo
1543,jennifer,brown,jennifer brown,jennifer.brown.2879@mail.test,5557419491,1996-03-22,109 cedar ln,2879,none
1544,jose,kowalski,jose kowalski,jose.kowalski.2779@mail.test,5558608690,1987-07-25,54 pine ct,2779,none
1545,james,silva,james silva,james.silva.1830@mail.test,5557739256,1971-05-04,111 birch rd,1830,none
1546,david,murphy,david murphy,david.murphy.2121@mail.test,5555549538,1972-12-08,118 maple ave,2121,none
1547,laura,jones,laura jones,laura.jones.2241@mail.test,5552080251,1974-06-18,2 pine ct,2241,none
1548,a.,brown,a. brown,ann.brown.25@mail.test,5558078369,1989-09-19,149 maple ave,25,typo
1549,greta,garcia,greta garcia,greta.garcia.1880@mail.test,5552117628,1961-09-02,179 pine ct,1880,none
1550,michael,mueller,michael mueller,michael.mueller.504@mail.test,5555483417,1985-04-17,129 elm way,504,none
1551,jennifer,smith,jennifer smith,,5551612946,1960-03-27,75 birch rd,676,missing
1552,michael,patel,michael patel,michael.patel.610@mail.test,5552570439,1986-12-23,142 birch rd,610,none
1553,s.,obrien,s. obrien,sofia.garcia.763@mail.test,5557323149,1981-07-20,12 birch rd,763,abbrev
1554,thomas,obrien,thomas obrien,thomas.obrien.3580@mail.test,5556249344,1986-11-16,49 pine ct,3580,none
1555,jennifer,jpnes,jennifer jpnes,jennifer.jones.949@mail.test,,1986-05-04,34 cedar ln,949,typo
1556,katherine,brown,katherine brown,katherine.brown.464@mail.test,5556754830,1976-04-02,88 pine ct,464,none
1557,l.,nguyen,l. nguyen,laura.nguyen.847@mail.test,5557243422,1964-10-12,127 birch rd,847,abbrev
1558,patricia,kowalski,patricia kowalski,patricia.kowalski.945@mail.test,5557048084,1992-09-17,143 elm way,945,near_collision
1559,tom,kowalski,tom kowalski,thomas.kowalski.2396@mail.test,5555900984,1991-06-12,63 cedar ln,2396,abbrev
1560,patricia,patel,patricia patel,patricia.patel.898@mail.test,5559765992,1996-02-10,133 birch rd,898,near_collision
1561,hans,van dyke,hans van dyke,hans.vandyke.2331@mail.test,5556300397,1986-10-01,83 pine ct,2331,none
1562,hans,smith,hans smith,hans.smith.1061@mail.test,5557888042,1997-07-11,61 cedar ln,1061,none
1563,robert,murphy,robert murphy,robert.murphy.1012@mail.test,5553151074,1979-06-26,127 maple ave,1012,none
1564,david,murphy,david murphy,david.murphy.695@mail.test,5556900236,1976-04-11,31 elm way,695,none
1565,elizabeth,jones,elizabeth jones,elizabeth.jones.3488@mail.test,5557924222,1954-03-11,8 cedar ln,3488,none
1566,daniel,silva,daniel silva,daniel.silva.924@mail.test,5554041204,1991-11-16,66 maple ave,924,none
1567,charles,murphy,"murphy, charles",charles.murphy.60@mail.test,5553714800,1966-03-03,147 birch rd,60,reorder
1568,jose,brown,jose brown,jose.brown.550@mail.test,5559517791,1971-12-17,29 pine ct,550,none
1569,ayn,obien,ayn obien,,5555334277,,85 birch rd,921,typo
1570,robert,garcia,robert garcia,robert.garcia.2737@mail.test,5551707991,1980-03-05,120 oak st,2737,none
1571,elizabeth,jones,elizabeth jones,elizabeth.nguyen.2989@mail.test,5554611648,1952-12-26,13 maple ave,2989,household_nonmatch
1572,daniel,murphy,daniel murphy,daniel.murphy1.1@maxl.test,5552309139,1977-03-21,114 maple ave,11,typo
1573,c.,kowalski,c. kowalski,charles.kowalski.563@mail.test,5555123811,1976-12-15,129 oak st,563,abbrev
1574,katherine,garcia,katherine garcia,katherine.garcia.592@mail.test,5551221410,1968-07-08,116 birch rd,592,none
1575,susan,johnson,susan johnson,susan.johnson.3381@mail.test,5551657191,1972-04-25,103 pine ct,3381,none
1576,susan,johnson,susan johnson,susan.johnson.382@mail.test,5553360652,1968-11-24,82 elm way,382,none
1577,margaret,mueller,margaret mueller,margaret.mueller.2646@mail.test,5555948954,1985-04-27,197 maple ave,2646,near_collision
1578,katherine,mueller,katherine mueller,katherine.johnson.131@mail.test,5554330882,1983-02-15,183 cedar ln,131,household_nonmatch
1579,greta,smith,greta smith,greta.smith.329@mail.test,5552779838,1958-09-26,121 birch rd,329,none
1580,jose,kim,jose kim,jose.kim.3648@mail.test,5551675462,1977-06-24,76 cedar ln,3648,near_collision
1581,daniel,nguyen,daniel nguyen,,,1975-02-18,115 birch rd,1008,missing
1582,william,johnson,william johnson,william.johnson.2830@mail.test,5553389308,1962-01-15,6 maple ave,2830,none
1583,daniel,garcia,daniel garcia,daniel.garcia.3437@mail.test,5552539004,1965-05-14,183 cedar ln,3437,none
1584,robert,kim,robert kim,robert.kim.319@mail.test,5556075750,1974-07-12,146 birch rd,319,none
1585,thomas,kim,thomas kim,thomas.murphy.1691@mail.test,5559405897,1951-03-04,7 birch rd,1691,household_nonmatch
1586,laura,johnson,laura johnson,laura.johnson.2228@mail.test,5559098409,1972-12-17,179 cedar ln,2228,none
1587,margaret,brown,margaret brown,margaret.brown.3202@mail.test,5551161250,1973-06-19,32 oak st,3202,none
1588,d.,jones,d. jones,daniel.jones.50@mail.test,5557843358,1995-12-04,28 oak st,50,abbrev
1589,charles,nguyen,charles nguyen,charles.nguyen.2254@mail.test,5558888523,1982-11-16,104 oak st,2254,near_collision
1590,thomas,murphy,thomas murphy,thomas.murphy.2261@mail.test,5552723694,1980-09-11,49 cedar ln,2261,none
1591,charles,silva,charles silva,charles.silva.1561@mail.test,5557506726,1970-02-16,31 oak st,1561,near_collision
1592,michael,mueller,michael mueller,michael.mueller.1549@mail.test,5553206066,1961-11-06,98 pine ct,1549,none
1593,william,nguyen,william nguyen,william.nguyen.2292@mail.test,5558207131,1987-04-12,162 elm way,2292,none
1594,katherine,jones,katherine jones,katherine.jones.2759@mail.test,5559438576,1967-06-05,95 cedar ln,2759,none
1595,daniel,smith,daniel smith,daniel.smith.1467@mail.test,5552902145,1959-09-04,60 oak st,1467,none
1596,robert,murphy,robert murphy,robert.mueller.3159@mail.test,5555018350,1950-02-13,154 elm way,3159,household_nonmatch
1597,greta,jones,greta jones,greta.jones.3087@mail.test,5559970139,1954-04-26,4 oak st,3087,none
1598, .,patel, . patel,HANS.PATEL.415@MAIL.TEST,5555421885,1972-10-26,158 maple ave,415,abbrev
1599,daniel,garcia,daniel garcia,daniel.garcia.3603@mail.test,5559265775,1963-11-16,24 pine ct,3603,none
1600,ann,johnson,ann johnson,ann.johnson.3143@mail.test,5559003542,1983-11-02,175 pine ct,3143,none
1601,laura,kim,laura kim,laura.mueller.1977@mail.test,5556176938,1988-07-01,158 maple ave,1977,household_nonmatch
1602,robert,nguyen,robert nguyen,robert.nguyen.1686@mail.test,5552349796,1954-09-24,113 pine ct,1686,none
1603,patricia,kim,patricia kim,patricia.kim.2508@mail.test,5551343506,1989-09-27,121 maple ave,2508,near_collision
1604,jose,jones,jose jones,jose.jones.1197@mail.test,5552785096,1987-05-08,148 maple ave,1197,none
1605,katheriye,brown,katheriye brown,katherine.silva.285@mail.test,5558502858,1966-12-06,116 cedar ln,285,typo
1606,james,johnson,james johnson,james.johnson.1443@mail.test,5555153654,1974-06-04,64 pine ct,1443,none
1607,charles,nguyzn,charles nguyzn,charles.nguyen.1701@mail.test,5557341102,1992-03-21,136 oak st,1701,typo
1608,robert,mueller,robert mueller,robert.mueller.762@mail.test,5557356497,1976-03-18,84 oak st,762,none
1609,michael,mueller,michael mueller,michael.mueller.2394@mail.test,5553722913,1962-01-04,30 maple ave,2394,near_collision
1610,james,kim,james kim,james.kim.273@mail.test,5557289939,1957-02-08,11 birch rd,273,none
1611,ann,garcia,ann garcia,ann.garcia.432@mail.test,5551698711,1990-04-18,139 birch rd,432,none
1612,jennifer,smith,jennifer smith,jennifer.smith.2305@mail.test,5555941004,1968-09-04,56 birch rd,2305,none
1613,kate,silva,kate silva,katherine.silva.1072@mail.test,5557816841,1956-12-14,58 oak st,1072,abbrev
1614,  Robert  ,garcia,  Robert   garcia,ROBERT.GARCIA.2075@MAIL.TEST,5554834439,1963-01-15,69 oak st,2075,case_noise
1615, Michael ,nguyen, Michael  nguyen,,,1987-08-21,40 maple ave,47,case_noise
1616,katherine,silva,katherine silva,katherine.silva.1021@mail.test,5555213069,1960-02-09,115 birch rd,1021,none
1617,elizabeth,smith,elizabeth smith,elizabeth.smith.3178@mail.test,5557704295,1959-09-20,162 pine ct,3178,none
1618,jennifer,kim,jennifer kim,jennifer.obrien.1000@mail.test,5554692335,1998-09-18,122 maple ave,1000,household_nonmatch
1619,laura,van dyke,laura van dyke,laura.vandyke.756@mail.test,5554449758,1998-09-04,119 maple ave,756,near_collision
1620,katherine,murphy,katherine murphy,katherin.murphy.1062@mail.test,5557851775,1968-11-24,81 birch rd,1062,typo
1621,david,obrien,david obrien,david.obrien.449@mail.test,5552354555,1979-08-05,1 oak st,449,near_collision
1622,jennifer,van dyke,jennifer van dyke,jennifer.vandyke.980@mail.test,5556154012,1973-05-09,163 pine ct,980,none
1623,michael,mueller,michael mueller,michael.mueller.2092@mail.test,5552400646,1957-04-01,118 oak st,2092,none
1624, Jose ,smith, Jose  smith,JOSE.SMITH.1241@MAIL.TEST,5551912920,1990-07-13,103 birch rd,1241,case_noise
1625,suan,mueller,suan mueller,susan.mueller.171@mail.test,5559022587,1965-08-16,59 maple ave,171,typo
1626,thomas,murphy,thomas murphy,thomas.murphy.2635@mail.test,5555102565,1960-11-06,34 pine ct,2635,near_collision
1627,ann,nguyen,ann nguyen,ann.nguyen.305@mail.test,5552530423,1969-06-16,45 elm way,305,none
1628,sofia,van dyke,sofia van dyke,sofia.vandyke.198@mail.test,5554923049,1991-02-10,152 pine ct,198,near_collision
1629,susan,jones,susan jones,susan.jones.3062@mail.test,5555452041,1969-07-26,19 cedar ln,3062,none
1630,sofia,patel,sofia patel,sofia.garcia.638@mail.test,5556484007,1978-03-04,128 maple ave,638,household_nonmatch
1631,jose,smith,jose smith,,5557246488,1993-05-01,100 elm way,1242,missing
1632,david,garcia,david garcia,david.garcia.255@mail.test,5558157336,1988-07-14,40 oak st,255,near_collision
1633,sofia,nguyen,sofia nguyen,sofia.nguyen.1886@mail.test,5559438831,1979-08-06,80 pine ct,1886,none
1634,charles,van dyke,charles van dyke,charles.mueller.873@mail.test,,,152 pine ct,873,missing
1635,elizabeth,smith,elizabeth smith,elizabeth.smith.224@mail.test,5551773282,1988-10-20,190 cedar ln,224,near_collision
1636,hans,van dyke,hans van dyke,hans.vandyke.2159@mail.test,5552424665,1982-03-25,62 cedar ln,2159,near_collision
1637,patricia,murphy,patricia murphy,patricia.murphy.925@mail.test,5556301507,1954-01-15,146 maple ave,925,none
1638,jose,silva,jose silva,jose.silva.2828@mail.test,5556542119,1986-09-21,72 oak st,2828,none
1639,jose,silva,jose silva,jose.silva.1979@mail.test,5552592462,1979-11-08,15 maple ave,1979,near_collision
1640,micahel,mueller,micahel mueller,michael.mueller.662@mail.test,5557493279,1960-11-14,138 elm way,662,typo
1641,laura,brown,laura brown,laura.brown.1160@mail.test,5556539947,1951-04-04,179 oak st,1160,none
1642,william,garcia,william garcia,william.garcia.3598@mail.test,5551039644,1957-06-17,76 pine ct,3598,none
1643,daniel,garcia,daniel garcia,daniel.garcia.1070@mail.test,5553348663,1993-08-12,194 elm way,1070,none
1644,susan,nguyen,susan nguyen,susan.nguyen.2753@mail.test,5557116103,1995-08-18,54 elm way,2753,none
1645,margaret,silva,margaret silva,margaret.silva.1164@mail.test,5554802746,1993-04-21,72 maple ave,1164,none
1646,james,van dyke,james van dyke,james.vandyke.3472@mail.test,5554487728,1955-02-16,13 cedar ln,3472,none
1647,charles,murphy,charles murphy,chrles.murphy.60@mail.test,5553714800,1966-03-03,147 birch rd,60,typo
1648,thomas,mueller,thomas mueller,thomas.mueller.2942@mail.test,5557176966,1995-01-13,188 cedar ln,2942,none
1649,william,smith,william smith,william.smith.330@mail.test,5552900367,1998-05-10,66 pine ct,330,none
1650,patricia,murphy,patricia murphy,patricia.murphy.3245@mail.test,5558102267,1977-07-18,38 cedar ln,3245,near_collision
1651,patricia,kowalski,patricia kowalski,patricia.kowalski.3063@mail.test,5555291387,1995-11-09,151 elm way,3063,near_collision
1652,susan,silva,susan silva,susan.silva.1341@mail.test,5551440795,1991-11-10,72 cedar ln,1341,none
1653,jose,brown,jose brown,joseb.rown.1682@mail.test,5558989248,1963-05-24,194 elm way,1682,typo
1654,hans,kim,hans kim,hans.kim.272@mail.test,5557461661,1972-03-14,50 cedar ln,272,none
1655,katherine,kowalski,katherine kowalski,katherine.kowalski.3198@mail.test,5555887798,1955-04-21,8 oak st,3198,near_collision
1656,bob,garcia,bob garcia,robert.garcia.216@mail.test,5557822268,1980-01-26,131 birch rd,216,abbrev
1657,sofia,van dyke,"van dyke, sofia",sofia.vandyke.1731@mail.test,5559290568,1977-04-14,67 elm way,1731,reorder
1658, David ,patel, David  patel,DAVID.PATEL.309@MAIL.TEST,5553279553,1993-03-13,112 cedar ln,309,case_noise
1659,ann,silva,ann silva,ann.silva.1220@mail.test,5557178160,1972-09-08,10 oak st,1220,near_collision
1660,william,jones,william jones,william.nguyen.5@mail.test,5556599612,1976-04-27,158 cedar ln,5,household_nonmatch
1661,hans,murphy,hans murphy,hans.murphy.2883@mail.test,5555263664,1995-04-19,11 pine ct,2883,none
1662,david,johnson,david johnson,david.johnson.1847@mail.test,5551236478,1988-09-11,11 oak st,1847,near_collision
1663,william,jønes,william jønes,wliliam.jones.4@mail.test,5555627058,1963-06-11,126 birch rd,4,translit
1664,jennifer,nguyen,jennifer nguyen,jennifer.garcia.227@mail.test,5552960427,1956-01-27,196 birch rd,227,household_nonmatch
1665,jennifer,johnson,jennifer johnson,jennifer.johnson.2545@mail.test,5553294249,1984-05-14,58 oak st,2545,near_collision
1666,susan,silva,susan silva,susan.silva.1240@mail.test,5551562087,1973-03-20,135 maple ave,1240,none
1667,laura,smith,laura smith,laura.smith.2243@mail.test,5557542630,1974-07-21,8 maple ave,2243,none
1668,ann,kim,ann kim,ann.kim.2671@mail.test,5551842584,1970-08-17,44 maple ave,2671,none
1669, Ann ,silva, Ann  silva,ANN.SILVA.112@MAIL.TEST,5558273881,1962-04-24,24 birch rd,112,case_noise
1670,elizabeth,mueller,elizabeth mueller,elizabeth.muelley.994@mail.test,5555731780,1983-03-21,184 cedar ln,994,typo
1671,hans,murphy,hans murphy,hans.murphy.3158@mail.test,5557248296,1993-05-21,73 oak st,3158,none
1672,michael,mueller,michael mueller,michael.mueller.2943@mail.test,5558802127,1982-03-15,174 birch rd,2943,near_collision
1673,hans,jones,hans jones,hans.jones.398@mail.test,5551280910,1974-05-02,102 oak st,398,near_collision
1674,daniel,mueller,daniel mueller,daniel.mueller.2081@mail.test,5556727650,1955-02-02,174 elm way,2081,none
1675,charles,obrien,charles obrien,charles.obrien.1661@mail.test,5551348268,1960-05-07,28 oak st,1661,none
1676,charles,johnson,charles johnson,charles.johnson.2193@mail.test,5555277643,1968-07-21,26 birch rd,2193,none
1677,daniel,van dyke,daniel van dyke,daniel.vandyke.3453@mail.test,5555958750,1997-07-26,173 oak st,3453,none
1678,jennifer,brown,jennifer brown,jennifer.brown.2168@mail.test,5557300532,1957-12-18,134 oak st,2168,none
1679,thomas,van dyke,thomas van dyke,thomas.vandyke.1866@mail.test,5553391885,1966-01-22,82 oak st,1866,none
1680,james,mueller,james mueller,james.mueller.3621@mail.test,5552827347,1960-07-16,94 oak st,3621,none
1681,greta,van dyke,greta van dyke,greta.vandyke.1678@mail.test,5558475837,1969-02-06,178 elm way,1678,none
1682,patricia,patel,"patel, patricia",patricia.patel.466@mail.test,5559061743,1954-02-23,81 cedar ln,466,reorder
1683,ann,murphy,ann murphy,ann.murphy.1130@mail.test,5553173300,1984-03-18,191 elm way,1130,near_collision
1684,katherine,kowalski,katherine kowalski,katherine.kowalski.2803@mail.test,5558862656,1976-09-05,129 birch rd,2803,near_collision
1685,patricia,mueller,patricia mueller,patricia.mueller.84@mail.test,5553426761,1987-10-14,33 oak st,84,none
1686,katherine,murphy,katherine murphy,katherine.murphy.3371@mail.test,5556981436,1994-05-15,118 cedar ln,3371,near_collision
1687,katherine,kowalski,katherine kowalski,katherine.kowalski.2767@mail.test,5557448022,1996-06-01,99 oak st,2767,none
1688,katherine,nguyen,katherine nguyen,katherine.nguyen.3246@mail.test,5554523695,1984-08-26,90 cedar ln,3246,near_collision
1689,jennifer,smith,jennifer smith,jennifer.smith.1557@mail.test,5557770666,1987-05-24,193 oak st,1557,none
1690,greta,kowalski,greta kowalski,greta.kowalski.1162@mail.test,5552518447,1987-10-25,16 oak st,1162,none
1691,robert,silva,robert silva,robert.silva.2347@mail.test,5553715151,1960-01-17,176 pine ct,2347,none
1692,susan,silva,susan silva,susan.silva.2413@mail.test,5555622222,1959-12-12,158 cedar ln,2413,none
1693,joe,kowalski,joe kowalski,jose.vandyke.996@mail.test,5552676556,1960-05-17,23 maple ave,996,typo
1694,charles,nguyen,charles nguyen,charles.nguyen.1702@mail.test,5551256319,1986-12-02,13 maple ave,1702,near_collision
1695,michael,murphy,"murphy, michael",michael.murphy.58@mail.test,5553128954,1994-06-24,14 elm way,58,reorder
1696,charles,jønes,charles jønes,charles.jones.102@mail.test,5558590484,,70 oak st,102,missing
1697,robert,jones,robert jones,robert.jones.2791@mail.test,5554611648,1950-01-04,13 maple ave,2791,near_collision
1698,sue,garcia,sue garcia,susan.garcia.284@mail.test,5557315309,1965-02-25,139 elm way,284,abbrev
1699,laura,murphy,laura murphy,laura.murphy.1247@mail.test,5559597924,1994-07-25,124 birch rd,1247,none
1700,hans,brown,hans brown,hans.brown.837@mail.test,5558207202,1979-04-02,65 cedar ln,837,none
1701,hans,jones,hans jones,hans.jones.2948@mail.test,5551293884,1986-06-11,138 cedar ln,2948,none
1702,g.,brown,g. brown,,,1967-04-03,164 cedar ln,38,abbrev
1703,david,jones,david jones,david.patel.2839@mail.test,5557516610,1980-10-16,154 birch rd,2839,household_nonmatch
1704,william,kim,william kim,william.kim.2002@mail.test,5558358892,1990-10-20,73 oak st,2002,none
1705,ann,obrien,ann obrien,ann.obrien.367@mail.test,5552991174,1954-06-22,148 birch rd,367,near_collision
1706,thomas,nguyen,thomas nguyen,thomas.nguyen.2850@mail.test,5552307613,1983-03-10,120 oak st,2850,none
1707,thomas,murphy,thomas murphy,thomas.murphy.167@mail.test,5552070937,1967-10-16,17 maple ave,167,none
1708,katherine,mueller,katherine mueller,katherine.mueller.846@mail.test,5559664481,1975-09-24,99 oak st,846,near_collision
1709,patricia,smith,patricia smith,patricia.smith.1026@mail.test,5554205651,1995-12-04,196 pine ct,1026,none
1710,greta,patel,greta patel,,,,73 birch rd,734,missing
1711,laura,mueller,laura mueller,laura.mueller.3312@mail.test,5554674232,1986-12-07,6 oak st,3312,none
1712,d.,garcia,d. garcia,david.garcia.605@mail.test,5552429723,1977-12-19,182 oak st,605,abbrev
1713,greta,patel,greta patel,greta.patel.2279@mail.test,5554436723,1975-09-27,3 elm way,2279,none
1714,laura,murphy,laura murphy,laura.garcia.212@mail.test,5553530108,1998-06-10,154 pine ct,212,household_nonmatch
1715,margaret,jones,margaret jones,margaret.jones.3141@mail.test,5555699037,1983-02-07,144 birch rd,3141,none
1716,hans,jones,hans jones,hans.jones.1753@mail.test,5554105033,1968-07-19,137 birch rd,1753,none
1717,sofia,kowalski,sofia kowalski,sofia.johnson.1237@mail.test,5551048167,1987-09-15,74 maple ave,1237,household_nonmatch
1718,jose,brown,jose brown,jose.brown.3467@mail.test,5551554120,1980-05-07,126 oak st,3467,none
1719,sofia,patel,sofia patel,sofia.patel.1952@mail.test,5558104778,1963-05-27,5 cedar ln,1952,near_collision
1720,katherine,johnson,katherine johnson,katherine.johnson.1856@mail.test,5558583960,1966-06-12,164 maple ave,1856,none
1721,katherine,patel,katherine patel,katherine.patel.2042@mail.test,5552350371,1956-05-20,39 oak st,2042,none
1722,greta,kim,greta kim,greta.kim.3322@mail.test,5559127247,1950-07-03,146 oak st,3322,none
1723,robert,patel,robert patel,robert.patel.3197@mail.test,5559193532,1981-06-19,139 elm way,3197,none
1724, Daniel ,jones, Daniel  jones,,5555627058,,126 birch rd,17,missing
1725,laura,patel,laura patel,laura.patel.2387@mail.test,5554105670,1950-05-06,46 elm way,2387,near_collision
1726,david,johonsn,david johonsn,david.johnson.94@mail.test,5555644463,1955-11-14,63 cedar ln,94,typo
1727,hans,jones,hans jones,hans.jones.2673@mail.test,5559903794,1986-12-01,69 maple ave,2673,near_collision
1728,robert,mueller,robert mueller,robert.mueller.2600@mail.test,5551872721,1988-04-13,190 birch rd,2600,none
1729,michael,van dyke,michael van dyke,michael.vandyke.3189@mail.test,5554595196,1969-12-12,84 cedar ln,3189,none
1730,hans,jones,hans jones,hans.jones.3241@mail.test,5552338927,1991-06-23,57 birch rd,3241,none
1731,laura,kowalski,laura kowalski,laura.kowalski.2488@mail.test,5553661871,1971-09-11,186 cedar ln,2488,none
1732,ann,ngueyn,ann ngueyn,ann.nguyen.1404@mail.test,5555805848,1961-07-24,167 pine ct,1404,typo
1733, Patricia ,patel, Patricia  patel,PATRICIA.PATEL.2411@MAIL.TEST,5553327045,1966-10-03,182 maple ave,2411,case_noise
1734,greta,mueller,greta mueller,greta.mueller.2994@mail.test,5553904838,1971-02-27,163 pine ct,2994,near_collision
1735,william,brown,william brown,william.brown.1606@mail.test,5557490474,1962-02-17,184 oak st,1606,near_collision
1736,susan,kowalski,susan kowalski,susan.kowalski.2172@mail.test,5555765459,1951-04-26,118 cedar ln,2172,none
1737,susan,garcia,susan garcia,susan.garcia.2726@mail.test,5555741358,1954-07-25,61 pine ct,2726,none
1738,jennifer,nguyen,jennifer nguyen,jennifer.smith.288@mail.test,5551812702,1969-03-02,83 elm way,288,household_nonmatch
1739,james,brown,james brown,james.brown.672@mail.test,5554837927,1990-05-01,22 oak st,672,none
1740,margaret,obrien,margaret obrien,margaret.obrien.3028@mail.test,5557886148,1966-06-14,170 elm way,3028,none
1741,hans,kowalski,hans kowalski,hans.kowalski.196@mail.test,5556378103,1970-10-10,96 birch rd,196,near_collision
1742,patricia,patel,patricia patel,patricia.patel.2731@mail.test,5551975786,1986-07-09,139 oak st,2731,none
1743,hans,brown,hans brown,hans.brown.542@mail.test,5557397592,1971-01-19,39 pine ct,542,none
1744,william,jones,william jones,william.jones.1871@mail.test,5555042369,1951-09-11,101 oak st,1871,none
1745, J. ,jones, J.  jones,JAMES.JONES.240@MAIL.TEST,5559915734,1996-01-16,125 elm way,240,case_noise
1746,charles,murphy,charles murphy,charles.patel.244@mail.test,5555188510,1980-10-06,99 cedar ln,244,household_nonmatch
1747,elizabeth,km,elizabeth km,elizabeth.murphy.1820@mail.test,5559316737,1952-08-01,132 birch rd,1820,typo
1748,daniel,smith,daniel smith,daniel.smith.333@mail.test,5557624963,1983-02-04,81 cedar ln,333,none
1749,katherine,patel,"patel, katherine",katherine.patel.37@mail.test,5556484007,1988-02-13,128 maple ave,37,reorder
1750,jose,kowalski,jose kowalski,jose.kowalski.1267@mail.test,5553602760,1979-01-23,23 pine ct,1267,none
1751,susan,mueller,susan mueller,susan.silva.3555@mail.test,,1957-06-21,149 pine ct,3555,household_nonmatch
1752,daniel,smith,daniel smith,daniel.smith.118@mail.test,5554154490,1979-11-02,78 pine ct,118,none
1753,daniel,kowalski,daniel kowalski,daniel.kowalski.2571@mail.test,5552289960,1966-03-03,49 pine ct,2571,none
1754,margaret,smith,margaret smith,margaret.smith.3242@mail.test,5559182449,1994-07-21,125 pine ct,3242,near_collision
1755,elizabeth,obrien,elizabeth obrien,elizabeth.obrien.3348@mail.test,5552047170,1959-09-07,59 cedar ln,3348,none
1756,william,jones,william jones,william.jones.547@mjil.test,5558987496,1998-05-04,157 cedar ln,547,typo
1757,william,smith,william smith,william.smith.590@mail.test,5557012677,1959-11-10,92 pine ct,590,none
1758,james,kowalski,james kowalski,james.kowalski.603@mail.test,5559383891,1995-09-13,124 oak st,603,none
1759,elizabeth,nguyen,elizabeth nguyen,elizabeth.nguyen.2240@mail.test,5556944074,1961-08-05,68 maple ave,2240,none
1760,patricia,jones,patricia jones,patricia.jones.2675@mail.test,5555503165,1951-01-16,165 maple ave,2675,none
1761,michael,patel,michael patel,michael.patel.136@mail.test,5554984429,1990-03-07,2 cedar ln,136,none
1762,daniel,mueller,daniel mueller,daniel.mueller.713@mail.test,5557800306,,51 oak st,713,missing
1763,william,jones,william jones,william.nguyen.5@mail.test,5556599612,,158 cedar ln,5,missing
1764,margaret,kim,margaret kim,margaret.kim.970@mail.test,5556587246,1953-09-16,25 pine ct,970,none
1765,ann,silva,ann silva,ann.silva.1929@mail.test,5556073663,1996-01-13,199 birch rd,1929,none
1766,margaret,brown,margaret brown,margaret.brown.681@mail.test,5553774578,1957-05-09,162 birch rd,681,near_collision
1767,daniel,jones,daniel jones,daniel.jones.50@mail.test,5557843358,1995-12-04,28 oak st,50,near_collision
1768, Susan ,murphy, Susan  murphy,SUSAN.MURPHY.427@MAIL.TEST,5554078713,1988-08-27,182 maple ave,427,case_noise
1769,sofia,obrien,sofia obrien,sofia.obrien.2111@mail.test,5554005336,1968-11-23,114 elm way,2111,none
1770,katherine,mueller,"mueller, katherine",katherine.mueller.3015@mail.test,5553358018,1983-11-20,11 cedar ln,3015,reorder
1771,margaret,garcia,margaret garcia,margaret.garcia.1541@mail.test,5551756506,1986-04-09,138 cedar ln,1541,near_collision
1772,susan,obrien,susan obrien,susan.obrien.920@mail.test,5555515878,1975-03-01,151 birch rd,920,none
1773,david,smith,david smith,david.smith.959@mail.test,5555729644,1981-03-18,96 birch rd,959,near_collision
1774,katherine,kowalski,katherine kowalski,katherine.nguyen.2384@mail.test,5559974248,1996-05-13,147 cedar ln,2384,household_nonmatch
1775,william,murphy,william murphy,william.murphy.417@mail.test,5557582821,1996-06-05,195 birch rd,417,near_collision
1776,robert,jones,robert jones,robert.garcia.80@mail.test,5555627058,1970-12-21,126 birch rd,80,household_nonmatch
1777,katherine,johnson,katherine johnson,katherine.johnson.3251@mail.test,5551932166,1997-08-25,1 elm way,3251,none
1778,james,kim,james kim,james.kim.2489@mail.test,5551629477,1964-02-12,114 pine ct,2489,none
1779,elizabeth,murphy,elizabeth murphy,elizabeth.murphy.3647@mail.test,5552904458,1996-09-18,74 birch rd,3647,none
1780,robert,jones,robert jones,robert.jones.1745@mail.test,5558005675,1981-01-03,84 cedar ln,1745,none
1781,michael,obrien,michael obrien,michael.murphy.632@mail.test,5553864893,1992-06-21,118 oak st,632,household_nonmatch
1782,michael,murphy,michael murphy,michael.murphy.1420@mail.test,5551985250,1962-01-05,115 birch rd,1420,near_collision
1783,charles,murphy,charles murphy,charles.murphy.1414@mail.test,5555454931,1990-06-25,52 cedar ln,1414,none
1784,jennifer,obrien,jennifer obrien,jennifer.obrien.209@mail.test,5551555234,1974-11-06,125 oak st,209,none
1785,david,silva,david silva,david.silva.1514@mail.test,5555824581,1964-07-15,61 pine ct,1514,near_collision
1786,m.,patle,m. patle,michael.patel.136@mail.test,5554984429,1990-03-07,2 cedar ln,136,typo
1787,daniel,mueller,daniel mueller,daniel.mueller.984@mail.test,5557893857,1981-04-10,196 elm way,984,none
1788,charles,brown,"brown, charles",charles.brown.1662@mail.test,5553025250,1980-11-20,152 birch rd,1662,reorder
1789,ann,jones,ann jones,ann.jones.2757@mail.test,5557583916,1974-04-07,121 elm way,2757,none
1790,daniel,jones,daniel jones,daniel.jones.723@mail.test,5557995135,1983-11-10,167 elm way,723,near_collision
1791,susan,van dyke,susan van dyke,susan.vandyke.1359@mail.test,5554012763,1959-08-11,155 pine ct,1359,none
1792,thomas,van dyke,thomas van dyke,thomas.vandyke.1779@mail.test,5559592922,1966-06-24,27 oak st,1779,none
1793,ann,obrien,ann obrien,ann.obrien.2885@mail.test,5555966584,1974-12-22,170 maple ave,2885,none
1794,daniel,silva,daniel silva,daniel.kowalski.2538@mail.test,,1988-10-14,88 maple ave,2538,missing
1795,elizabeth,kim,elizabeth kim,elizabeth.jones.879@mail.test,5556075750,1976-01-19,146 birch rd,879,household_nonmatch
1796,jennifer,smith,jennifer smith,jennifer.smith.3536@mail.test,5554423832,1986-05-07,111 maple ave,3536,none
1797,margaret,silva,margaret silva,margaret.silva.128@mail.test,5556297641,1966-12-01,57 birch rd,128,none
1798, Charles ,kowalski, Charles  kowalski,CHARLES.KOWALSKI.395@MAIL.TEST,5553260362,1971-01-09,144 maple ave,395,case_noise
1799,robert,patel,robert patel,robert.patel.318@mail.test,,1991-06-04,47 maple ave,318,missing
1800,susan,van dyke,susan van dyke,susan.vandyke.2782@mail.test,5553509670,1988-01-07,192 birch rd,2782,none
1801,ann,patel,ann patel,ann.patel.2510@mail.test,5559352293,1967-05-02,163 maple ave,2510,near_collision
1802,william,silva,william silva,william.kowalski.2874@mail.test,5552073053,1959-08-18,14 pine ct,2874,household_nonmatch
1803,laura,van dyke,laura van dyke,laura.vandyke.2889@mail.test,5559033602,1956-06-03,183 pine ct,2889,near_collision
1804,rmbert,nguyen,rmbert nguyen,robert.nguyen.215@mail.test,5557357545,,50 pine ct,215,typo
1805,michael,brown,michael brown,michael.brown.1262@mail.test,5551560618,1982-05-03,107 elm way,1262,none
1806,laura,nguyen,laura nguyen,laura.nguyen.847@mail.test,5557243422,1964-10-12,127 birch rd,847,none
1807,sue,jøhnsøn,sue jøhnsøn,susan.johnson.76@mail.test,5558799018,1961-04-15,15 maple ave,76,translit
1808,elizabeth,nguyen,elizabeth nguyen,elizabeth.nguyen.3121@mail.test,5554022532,1969-08-17,166 oak st,3121,none
1809,michael,jones,michael jones,michael.jones.1966@mail.test,5554501179,1977-07-23,111 maple ave,1966,near_collision
1810,daniel,johnson,"johnson, daniel",daniel.johnson.283@mail.test,5559105273,1985-12-23,71 birch rd,283,reorder
1811, William ,mueller, William  mueller,WILLIAM.MUELLER.518@MAIL.TEST,5556568727,1982-11-02,84 birch rd,518,case_noise
1812,hans,patel,hans patel,hans.kim.1962@mail.test,5558626309,1960-05-20,115 elm way,1962,household_nonmatch
1813,elizabeth,smith,elizabeth smith,elizabeth.smith.2587@mail.test,5557134773,1996-12-02,140 pine ct,2587,near_collision
1814,ann,van dyke,ann van dyke,ann.vandyke.1845@mail.test,5552438437,1963-09-01,110 maple ave,1845,none
1815,sofia,brown,sofia brown,sofia.brown.92@mail.test,5554821363,1994-09-19,3 maple ave,92,near_collision
1816,susan,van dyke,susan van dyke,susan.vandyke.705@mail.test,,1978-03-16,152 pine ct,705,household_nonmatch
1817,patricia,jøhnsøn,patricia jøhnsøn,patricia.johnson.180@mail.test,5557891477,1962-11-12,98 birch rd,180,translit
1818,jennifer,obrwen,jennifer obrwen,jennifer.obrien.249@mail.test,5559475227,1961-12-06,191 elm way,249,typo
1819,larua,obrien,larua obrien,laura.obrien.834@mail.test,5551589892,1977-04-02,72 elm way,834,typo
1820,greta,jones,greta jones,greta.jones.1552@mail.test,5557148322,1986-04-22,162 birch rd,1552,none
1821,james,murphy,james murphy,james.murphy.1313@mail.test,5552115814,1968-03-27,69 cedar ln,1313,near_collision
1822,daniel,kim,daniel kim,daniel.kim.2713@mail.test,5556389388,1957-03-14,2 cedar ln,2713,near_collision
1823,susan,mueller,susan mueller,susan.mueller.2131@mail.test,5552926422,1983-04-21,146 cedar ln,2131,none
1824,susan,kim,susan kim,susan.kim.2681@mail.test,5556870503,1976-06-02,12 pine ct,2681,none
1825,david,garcia,david garcia,david.garcia.1771@mail.test,5551966217,1980-01-20,68 birch rd,1771,none
1826,susan,smith,susan smith,susan.smith.1382@mail.test,5556846770,1997-11-27,33 pine ct,1382,near_collision
1827,daniel,obrien,daniel obrien,daniel.obrien.1992@mail.test,5553904221,1985-09-03,185 elm way,1992,none
1828,sfia,kim,"kim, sfia",sofia.kim.677@mail.test,5557770693,1993-10-04,10 birch rd,677,reorder
1829,william,kowalski,william kowalski,william.kowalski.555@mail.test,5558751441,1952-12-25,90 maple ave,555,none
1830,david,kim,david kim,david.kim.2954@mail.test,5558810188,1956-02-02,1 elm way,2954,none
1831, Hans ,garcia, Hans  garcia,HANS.GARCIA.239@MAIL.TEST,,,68 pine ct,239,missing
1832, Jose ,brown, Jose  brown,JOSE.VANDYKE.41@MeIL.TEST,5558078369,1960-04-24,149 maple ave,41,typo
1833,william,mueller,william mueller,william.mueller.1283@mail.test,5557203730,1966-07-26,80 cedar ln,1283,none
1834,patricia,silva,patricia silva,patricia.silva.683@mail.test,5554026975,,141 pine ct,683,missing
1835,james,van dyke,james van dyke,james.kowalski.3170@mail.test,5556947041,1956-04-22,152 maple ave,3170,household_nonmatch
1836,susan,garcia,susan garcia,susan.garcia.702@mail.test,5558819218,1966-06-01,104 maple ave,702,near_collision
1837,robert,jones,robert jones,robert.jones.1001@mail.test,5559510021,1986-02-04,24 oak st,1001,none
1838,hans,jones,hans jones,hans.jones.397@mail.test,5555407007,1983-03-15,71 maple ave,397,near_collision
1839,michael,van dyke,michael van dyke,michael.vandyke.372@mail.test,5552900537,1988-04-23,56 cedar ln,372,none
1840,greta,murphy,greta murphy,greta.murphy.260@mail.test,5553217069,1977-09-10,137 cedar ln,260,none
1841,james,silva,"silva, james",james.silva.1830@mail.test,5557739256,1971-05-04,111 birch rd,1830,reorder
1842,jennifer,obrien,jennifer obrien,jennifer.obrien.2082@mail.test,5555791435,1985-07-16,25 maple ave,2082,none
1843,charles,kowalski,charles kowalski,charles.kowalski.2263@mail.test,5553497415,1951-04-14,3 pine ct,2263,none
1844,william,silva,william silva,william.silva.1787@mail.test,5553113759,1979-10-20,37 pine ct,1787,none
1845,jose,kim,jose kim,jose.kim.3164@mail.test,5557999064,1952-03-17,59 elm way,3164,near_collision
1846,hans,brown,hans brown,,,1950-09-11,160 oak st,703,missing
1847,hans,silva,hans silva,hans.silva.2434@mail.test,5552762080,1953-10-20,24 pine ct,2434,none
1848,margaret,jones,margaret jones,margaret.jones.3313@mail.test,5557581003,1986-02-22,103 pine ct,3313,none
1849,david,smith,david smith,david.johnson.1844@mail.test,5551826694,1974-02-11,9 pine ct,1844,household_nonmatch
1850,hans,nguyen,hans nguyen,hans.nguyen.1492@mail.test,5556991230,1950-11-18,152 cedar ln,1492,near_collision
1851,laura,nguyen,laura nguyen,laura.nguyen.187@mail.test,5558575318,1996-05-27,172 pine ct,187,none
1852,daniel,murphy,daniel murphy,dsniel.murphy1.1@maxl.test,5552309139,1977-03-21,114 maple ave,11,typo
1853,daniel,murphy,daniel murphy,daniel.murphy.11@mail.test,5552309139,1977-03-21,114 maple ave,11,none
1854,jose,jones,jose jones,jose.jones.2015@mail.test,5556901581,1952-07-07,198 elm way,2015,none
1855,james,nguyen,james nguyen,james.nguyen.832@mail.test,5555534511,1959-11-07,157 elm way,832,none
1856, James ,van dyke, James  van dyke,JAMES.VANDYKE.364@MAIL.TEST,5558368593,1954-01-14,127 cedar ln,364,case_noise
1857,robert,van dyke,robert van dyke,robert.vandyke.574@mail.test,5555129027,1972-02-23,47 birch rd,574,none
1858,margaret,obrien,margaret obrien,margaret.obrien.3146@mail.test,5551332675,1959-07-22,2 cedar ln,3146,none
1859,sofia,silva,sofia silva,sofia.silva.152@mail.test,5559139819,1996-03-12,93 cedar ln,152,near_collision
1860,j.,nguyen,j. nguyen,jose.kowalski.125@mail.test,5553683787,1965-04-18,184 pine ct,125,abbrev
1861,elizabeth,kowalski,"kowalski, elizabeth",elizabeth.kowalski.7@mail.test,5558842053,1983-05-18,102 elm way,7,reorder
1862,margaret,jones,margaret jones,margaret.jnoes.698@mail.test,5551313274,1970-08-07,4 birch rd,698,typo
1863,susan,johnson,susan johnson,susan.johnson.3556@mail.test,5558340671,1965-06-27,43 maple ave,3556,none
1864,charles,van dyke,charles van dyke,charles.vandyke.2145@mail.test,5558147128,1977-11-14,156 elm way,2145,near_collision
1865,charles,jones,charles jones,charles.mueller.3018@mail.test,,1989-12-27,34 cedar ln,3018,household_nonmatch
1866,sofia,obrien,sofia obrien,sofia.obrien.3166@mail.test,5552632398,1968-08-13,188 maple ave,3166,none
1867,charles,jones,charles jones,charles.jones.1921@mail.test,5551082586,1962-01-01,104 elm way,1921,none
1868,william,kowalski,william kowalski,william.kowalski.2152@mail.test,5557073418,1972-10-21,136 pine ct,2152,none
1869,william,murphy,william murphy,william.murphy.3412@mail.test,5555571974,1989-11-20,7 oak st,3412,none
1870,jose,johnson,jose johnson,jose.johnson.2226@mail.test,5554083179,1952-07-17,193 elm way,2226,near_collision
1871,katherine,nguyen,katherine nguyen,katherine.nguyen.1907@mail.test,5556536043,1965-02-16,84 elm way,1907,none
1872,willijm,mueller,willijm mueller,william.mueller.650@mail.test,5559407422,1950-07-27,181 oak st,650,typo
1873,james,kowalski,james kowalski,james.vandyke.2038@mail.test,5559383891,1971-11-06,124 oak st,2038,household_nonmatch
1874,patricia,mueller,patricia mueller,patricia.mueller.1102@mail.test,5555083709,1998-04-17,196 pine ct,1102,none
1875,hans,nguyen,hans nguyen,hans.nguyen.732@mail.test,5555336237,1972-07-13,73 maple ave,732,none
1876,william,jones,william jones,william.garcia.2336@mail.test,,1980-02-14,126 birch rd,2336,household_nonmatch
1877,charles,brown,charles brown,charles.brown.1853@mail.test,5559083546,1959-09-13,196 cedar ln,1853,near_collision
1878,elizabeth,smith,elizabeth smith,elizafeth.murphy.166@wail.test,5552182966,1992-09-18,100 cedar ln,166,typo
1879,thomas,mueller,thomas mueller,thomas.mueller.1703@mail.test,5558054079,1993-08-26,61 birch rd,1703,none
1880,greta,van dyke,greta van dyke,greta.vandyke.576@mail.test,5557271076,1966-09-24,137 elm way,576,translit
1881,james,van dyke,james van dyke,james.vandyke.2955@mail.test,5556950741,1958-03-21,3 oak st,2955,none
1882,patricia,obrien,patricia obrien,patricia.obrien.654@mail.test,5552450313,1997-10-05,59 maple ave,654,none
1883,robert,jones,robert jones,robert.jones.63@ail.test,5555084950,1982-06-06,144 birch rd,63,typo
1884,elizabeth,johnson,elizabeth johnson,elizabeth.johnson.2580@mail.test,5554044295,1978-01-08,81 pine ct,2580,none
1885,susan,kim,susan kim,susan.kim.2358@mail.test,5556933235,1964-09-06,119 pine ct,2358,none
1886,greta,brown,greta brown,greta.brown.1538@mail.test,5552968400,1957-08-01,155 oak st,1538,none
1887,jose,murphy,jose murphy,jose.obrien.2005@mail.test,5559700624,1995-02-05,75 cedar ln,2005,household_nonmatch
1888,dave,kim,dave kim,,5554097895,,174 cedar ln,16,missing
1889,greta,garcia,greta garcia,greta.garcia.2061@mail.test,5557525152,1964-10-10,21 elm way,2061,none
1890,daniel,nguyen,daniel nguyen,daniel.nguyen.1008@mail.test,5559118846,1975-02-18,115 birch rd,1008,none
1891,elizabeth,obrien,elizabeth obrien,elizabeth.obrien.3340@mail.test,5554052577,1953-10-18,143 birch rd,3340,none
1892,laura,mueller,laura mueller,laura.mueller.3316@mail.test,5556237512,1974-06-07,149 pine ct,3316,none
1893,sofia,silva,sofia silva,sofia.silva.817@mail.test,5558070058,1977-10-18,94 pine ct,817,none
1894,william,nguyen,william nguyen,william.nguyen.2979@mail.test,5559182745,1960-07-13,15 pine ct,2979,none
1895,robert,jones,robert jones,robert.jones.623@mail.test,5559748767,1951-11-13,13 elm way,623,none
1896,greta,patel,greta patel,greta.patel.1599@mail.test,5553082639,1965-10-20,71 oak st,1599,none
1897,ann,johnson,ann johnson,ann.johnson.2454@mail.test,5558293652,1970-07-26,178 maple ave,2454,none
1898, Susan ,murphy, Susan  murphy,SUSAN.MURPHY.6@MAIL.TEST,5556757453,,169 cedar ln,6,missing
1899,thomas,nguyen,thomas nguyen,thomas.patel.3177@mail.test,5554381433,1977-02-25,91 elm way,3177,household_nonmatch
1900,thomas,patel,thomas patel,thomas.patel.2933@mail.test,5556382719,1995-02-24,183 cedar ln,2933,near_collision
1901,robert,jønes,robert jønes,robert.jones.63@mail.test,5555084950,1982-06-06,144 birch rd,63,translit
1902,elizabeth,murphy,elizabeth murphy,elizabeth.murphy.3278@mail.test,5553002670,1963-06-13,60 oak st,3278,none
1903,susan,silva,susan silva,susan.silva.1066@mail.test,5555894209,1965-12-09,38 oak st,1066,near_collision
1904,jennifer,murphy,jennifer murphy,,,1970-06-26,147 birch rd,217,missing
1905,thomas,mueller,thomas mueller,thomas.mueller.321@mail.test,5551400418,1973-11-13,159 elm way,321,none
1906,michael,patel,michael patel,michael.patel.3045@mail.test,5552481229,1986-05-27,35 pine ct,3045,none
1907,margaret,brown,margaret brown,margaret.brown.678@mail.test,5556194512,1963-12-15,87 birch rd,678,none
1908, Jose ,køwalski, Jose  køwalski,JOSE.KOWALSKI.720@MAIL.TEST,5553046759,1950-11-17,135 cedar ln,720,translit
1909, Daniel ,brwn, Daniel  brwn,DANIEL.BROWN.1411@MAIL.TEST,5555819000,1959-01-27,16 cedar ln,1411,case_noise
1910,robert,garcia,robert garcia,robert.kim.858@mail.test,5556638484,1975-07-07,7 pine ct,858,household_nonmatch
1911,william,patel,william patel,william.patel.2475@mail.test,5554406240,1975-09-21,2 elm way,2475,none
1912,jennifer,jønes,jennifer jønes,jennifer.brown.2213@mail.test,5558795581,1973-04-11,194 oak st,2213,household_nonmatch
1913,elizabeth,obrien,elizabeth obrien,elizabeth.obrien.3498@mail.test,5558547368,1986-11-06,157 pine ct,3498,none
1914,greta,brown,greta brown,greta.brown.658@mail.test,5559353677,1998-06-18,79 elm way,658,none
1915,sofia,patel,sofia patel,sofia.patel.1287@mail.test,5556929866,1957-04-04,12 birch rd,1287,none
1916,jennifer,brown,jennifer brown,jennifer.brown.1726@mail.test,5559397135,1967-09-15,186 oak st,1726,near_collision
1917,hans,brown,hans brown,hans.brown.159@mail.test,5557898031,1976-09-23,113 maple ave,159,near_collision
1918,sofia,obrien,sofia obrien,sofia.obrien.101@mail.test,5554541025,1956-11-24,105 oak st,101,none
1919,patricia,van dyke,patricia van dyke,patricia.vandyke.3404@mail.test,5554646557,1954-02-18,57 elm way,3404,near_collision
1920,james,patel,james patel,james.patel.1385@mail.test,5559501032,1975-04-10,144 oak st,1385,none
1921,hans,mueller,hans mueller,hans.mueller.120@mail.test,5554330882,1970-08-22,183 cedar ln,120,none
1922, Margaret ,silva, Margaret  silva,MARGARET.SILVA.262@MAIL.TEST,5555659926,1968-03-06,104 maple ave,262,case_noise
1923,thomas,brown,"brown, thomas",thomas.brown.584@mail.test,5552428103,1973-01-05,199 cedar ln,584,reorder
1924,hans,nguyen,hans nguyen,hans.kowalski.1282@mail.test,5556317419,1967-11-14,5 cedar ln,1282,household_nonmatch
1925,daniel,patel,daniel patel,daniel.patel.194@mail.test,5551678056,1964-09-21,70 pine ct,194,near_collision
1926,laura,silva,laura silva,laura.silva.2622@mail.test,5558181714,1962-11-04,20 oak st,2622,none
1927,laura,patel,laura patel,laura.patel.728@mail.test,5553876929,1981-09-11,47 birch rd,728,none
1928,jose,patel,jose patel,jose.patel.2143@mail.test,5559143587,1995-11-03,108 maple ave,2143,none
1929,ann,van dyke,ann van dyke,ann.vandyke.2401@mail.test,5559232007,1989-10-24,158 elm way,2401,none
1930,charles,jones,charles jones,charles.jones.20@mail.test,5553075901,1961-03-06,18 cedar ln,20,near_collision
1931,thomas,johnson,thomas johnson,thomas.johnson.3394@mail.test,5551412114,1990-01-10,166 pine ct,3394,none
1932,charles,garcia,charles garcia,charles.garcia.1350@mail.test,5555610510,1987-07-25,113 pine ct,1350,none
1933, Greta ,brown, Greta  brown,GRETA.BROWN.38@MAIL.TEST,5558231613,1967-04-03,164 cedar ln,38,case_noise
1934,james,obrien,james obrien,james.obrien.771@mail.test,5559175284,,71 birch rd,771,missing
1935,robert,van dyke,"van dyke, robert",robert.vandyke.855@mail.test,5557302535,1964-07-12,142 maple ave,855,reorder
1936,sofia,patel,sofia patel,sofia.johnson.1936@mail.test,5556189998,1960-04-10,66 birch rd,1936,household_nonmatch
1937,susan,mueller,susan mueller,susan.kowalski.2640@mail.test,5556464481,1986-04-20,142 elm way,2640,household_nonmatch
1938,thomas,nguyen,thomas nguyen,thomas.vandyke.1064@mail.test,5551318744,1990-07-05,52 birch rd,1064,household_nonmatch
1939,jose,kim,jose kim,jose.kim.1033@mail.test,5553567664,1972-08-06,91 elm way,1033,near_collision
1940,l.,garcia,l. garcia,laura.garcia.54@mail.test,5553219179,1953-05-21,183 elm way,54,abbrev
1941,patricia,mueller,patricia mueller,patricia.mueller.1102@mail.etst,5555083709,1998-04-17,196 pine ct,1102,typo
1942,laura,silva,laura silva,laura.silva.3363@mail.test,5552801480,1966-02-11,106 oak st,3363,none
1943,patricia,van dyke,patricia van dyke,patricia.vandyke.2024@mail.test,5556020949,1998-03-23,56 cedar ln,2024,none
1944,ann,silva,ann silva,ann.silva.1960@mail.test,5553206008,1966-08-04,123 cedar ln,1960,near_collision
1945,david,van dyke,david van dyke,david.vandyke.365@mail.test,5554939285,1968-12-26,30 pine ct,365,none
1946, Daniel ,smith, Daniel  smith,DANIEL.SMITH.1@MIAL.TEST,5552182966,1989-02-13,100 cedar ln,1,case_noise
1947,susan,van dyke,susan van dyke,susan.vandyke.1244@mail.test,5556824887,1988-05-06,43 pine ct,1244,none
1948,susan,mueller,susan mueller,susan.mueller.3326@mail.test,5558439798,1985-01-04,146 oak st,3326,none
1949, Charles ,kowalski, Charles  kowalski,CHARLES.KOWALSKI.395@MAIL.TEST,5553260362,1971-01-09,144 maple ave,395,case_noise
1950,hans,smrth,hans smrth,,,1981-12-03,126 oak st,2001,missing
1951,michael,mueller,michael mueller,michael.mueller.2192@mail.test,5551622680,1997-10-24,49 maple ave,2192,none
1952,michael,jones,michael jones,michael.jones.2357@mail.test,5559356149,1992-05-08,181 maple ave,2357,none
1953,elizabeth,obrnen,elizabeth obrnen,elizabeth.obrien.156@mail.test,5553864893,1977-02-22,118 oak st,156,typo
1954,daniel,patel,daniel patel,daniel.patel.1056@mail.test,5558309368,1966-02-17,16 pine ct,1056,none
1955,charles,kim,charles kim,carles.kim.1808@mail.test,5553827327,1994-03-23,29 oak st,1808,typo
1956,daniel,smith,daniel smith,daniel.smith.543@mail.test,5556666246,1982-09-19,103 maple ave,543,none
1957,elizabeth,obrien,elizabeth obrien,elizabeth.obrien.3094@mail.test,5552915770,1991-10-25,96 oak st,3094,none
1958,daniel,obrien,daniel obrien,daniel.obrien.1073@mail.test,5557228312,1951-04-16,134 cedar ln,1073,none
1959,susan,mueller,susan mueller,susan.mueller.1146@mail.test,5555002488,1969-07-08,134 oak st,1146,none
1960,j.,smith,j. smith,james.vandyke.35@mail.test,5552182966,,100 cedar ln,35,abbrev
1961,greta,mueller,greta mueller,greta.garcia.2778@mail.test,5555867018,1968-01-19,112 cedar ln,2778,household_nonmatch
1962,patricia,patel,patricia patel,patricia.patel.743@mail.test,5554961038,1963-09-19,20 oak st,743,none
1963,william,obrien,william obrien,william.mueller.1156@mail.test,5554436914,1953-02-02,177 oak st,1156,household_nonmatch
1964,charles,kim,charles kim,charles.kim.2056@mail.test,5556469934,1954-10-04,55 oak st,2056,none
1965,elizabeth,nuyen,elizabeth nuyen,elizabeth.johnson.742@mail.test,5553683787,1971-06-23,184 pine ct,742,typo
1966,charles,murphy,"murphy, charles",charles.murphy.767@mail.test,5559700624,1983-03-25,75 cedar ln,767,reorder
1967,jennifer,patel,jennifer patel,jennifer.patel.282@mail.test,5553937969,1960-11-26,159 pine ct,282,translit
1968,robert,murphy,robert murphy,robert.murphy.2706@mail.test,5559381674,1961-09-07,7 maple ave,2706,none
1969,hans,nguyen,hans nguyen,hans.nguyen.1563@mail.test,5555188032,1966-10-04,144 pine ct,1563,none
1970,david,obrien,david obrien,david.smith.3219@mail.test,5558057761,1992-11-11,25 oak st,3219,household_nonmatch
1971,jennifer,obrien,jennifer obrien,jennifer.obrien.249@mail.test,5559475227,1961-12-06,191 elm way,249,none
1972,s.,silva,s. silva,sofia.silva.151@mail.test,5556981298,1968-04-21,41 pine ct,151,abbrev
1973,h.,van dyke,h. van dyke,hans.vandyke.506@mail.test,5553191793,1980-04-13,134 maple ave,506,abbrev
1974,elizabeth,kim,elizabeth kim,elizabeth.kowalski.1194@mail.test,5554692335,1955-02-22,122 maple ave,1194,household_nonmatch
1975,margaret,silva,margaret silva,margaret.silva.3493@mail.test,5553602213,1953-05-15,36 cedar ln,3493,none
1976,katherine,johnson,katherine johnson,katherine.kim.615@mail.test,5552184542,1973-11-13,132 elm way,615,household_nonmatch
1977,robert,obrien,robert obrien,robert.obrien.1842@mail.test,5556099952,1988-10-16,130 pine ct,1842,near_collision
1978,laura,jones,laura jones,laura.jones.2564@mail.test,5556805161,1990-06-01,154 birch rd,2564,near_collision
1979,daniel,smith,daniel smith,daniel.smith.2009@mail.test,5554951534,1994-11-14,125 maple ave,2009,none
1980,jose,van dyke,"van dyke, jose",jose.vandyke.1530@mail.test,5551114595,1959-02-03,61 elm way,1530,reorder
1981,william,jones,william jones,william.jones.842@mail.test,5552563999,1975-11-20,146 oak st,842,none
1982,william,garcia,william garcia,william.garcia.3388@mail.test,5555918827,1985-05-06,18 oak st,3388,near_collision
1983,greta,padel,greta padel,greta.johnson.2399@mail.test,5554961038,1985-10-06,20 oak st,2399,household_nonmatch
1984,thomas,jones,thomas jones,thomas.vandyke.1127@mail.test,5559119233,1953-01-25,151 elm way,1127,household_nonmatch
1985,thomas,murphy,thomas murphy,thomas.murphy.1996@mail.test,5554009368,1967-10-25,109 pine ct,1996,none
1986,greta,silva,greta silva,greta.silva.1032@mail.test,5553023954,1966-06-17,2 maple ave,1032,near_collision
1987,michael,kim,michael kim,michael.kim.394@mail.test,5556462981,1980-05-19,39 birch rd,394,none
1988,r.,kim,r. kim,robert.kim.421@mail.test,5559519642,1964-06-04,66 pine ct,421,abbrev
1989,william,silva,william silva,william.garcia.3470@mail.test,5558673748,1985-08-03,194 birch rd,3470,household_nonmatch
1990,robert,johnson,robert johnson,robert.garcia.2088@mail.test,5552945502,1953-07-18,122 pine ct,2088,household_nonmatch
1991,j.,simth,j. simth,james.vandyke35@mail.test,5552182966,1964-04-18,100 cedar ln,35,typo
1992,jennifer,obrein,jennifer obrein,jennifer.obrien.209@mail.test,5551555234,1974-11-06,125 oak st,209,typo
1993,wililam,kowalski,wililam kowalski,william.kowalski.1769@mail.test,5557032083,1954-03-23,152 oak st,1769,typo
1994,elizabeth,murphy,elizabeth murphy,elizabeth.murphy.725@mail.test,5556980914,1953-11-23,84 birch rd,725,none
1995,charles,van dyke,charles van dyke,charles.vandyke.731@mail.test,5551437376,1969-10-21,34 pine ct,731,none
1996,james,garcia,james garcia,james.garcia.2653@mail.test,5553932678,1953-03-24,52 pine ct,2653,none
1997,david,murphy,david murphy,david.murphy.1879@mail.test,5552069344,1966-01-17,158 cedar ln,1879,none
1998,sofia,obrien,sofia obrien,sofia.obrien.412@mail.test,5554736345,1952-10-03,162 birch rd,412,none
1999,charles,garcia,charles garcia,charles.garcia.183@mail.test,5555609751,1965-02-26,187 elm way,183,near_collision
2000,patricia,brown,patricia brown,patricia.silva.3362@mail.test,5553793476,1994-10-16,146 birch rd,3362,household_nonmatch
2001,david,smith,david smith,david.smith.958@mail.test,5555355468,1962-10-18,49 pine ct,958,near_collision
2002,patricia,kim,patricia kim,patricia.kim.275@mail.test,5559565887,1967-01-20,48 elm way,275,near_collision
2003,a.,van dyke,a. van dyke,ann.vandyke.2400@mail.test,5555493832,1988-02-14,152 elm way,2400,abbrev
2004,kate,patel,kate patel,katherine.patel.426@mail.test,5558964149,1992-12-05,27 elm way,426,abbrev
2005,thomas,johnson,thomas johnson,thomas.johnson.3047@mail.test,5551210194,1983-05-06,26 oak st,3047,near_collision
2006,daniel,garcia,daniel garcia,daniel.garcia.2084@mail.test,5557479722,1998-05-11,62 cedar ln,2084,near_collision
2007,margaret,van dyke,margaret van dyke,margaret.vandyke.2236@mail.test,5556589845,1956-09-12,15 birch rd,2236,none
2008,thomas,garcia,thomas garcia,thomas.garcia.2787@mail.test,5554954320,1998-11-10,79 birch rd,2787,none
2009,thomas,garcia,thomas garcia,thomas.garcia.800@mail.test,5554596153,1984-02-05,138 elm way,800,none
2010,katherine,kim,katherine kim,katherine.kim.3455@mail.test,5555744338,1973-08-22,108 cedar ln,3455,none
2011,daniel,jones,"jones, daniel",daniel.jones.724@mail.test,5551493493,1968-06-14,23 cedar ln,724,reorder
2012, Michael ,garcia, Michael  garcia,MICHAEL.GARCIA.2379@MAIL.TEST,5557928732,1974-11-05,196 oak st,2379,case_noise
2013,laura,patel,laura patel,,5559137520,1980-06-03,152 cedar ln,1822,missing
2014,james,nguen,james nguen,james.nguyen.1723@mail.test,5555976690,1989-06-15,190 oak st,1723,typo
2015,margaret,mueller,margaret mueller,margaret.mueller.2220@mail.test,5557846097,1960-09-01,35 pine ct,2220,none
2016,daniel,van dyke,daniel van dyke,daniel.vandyke.872mail.test,5555505100,1981-04-03,43 maple ave,872,typo
2017,charles,van dyke,charles van dyke,charles.vandyke.452@mail.test,5551001631,1968-03-18,11 pine ct,452,translit
2018,daniel,vanndyke,daniel vanndyke,daniel.vandyke.872@mail.test,5555505100,1981-04-03,43 maple ave,872,typo
2019,laura,patel,laura patel,laura.patel.3022@mail.test,5553090692,1967-01-24,154 pine ct,3022,none
2020,james,nguyen,james nguyen,james.nguyen.981@mail.test,5558030934,1961-02-14,135 pine ct,981,none
2021,susan,garcia,susan garcia,susan.garcia.2853@mail.test,5558096032,1991-04-14,72 maple ave,2853,none
2022,sue,kowalski,sue kowalski,susan.kowalski.1896@mail.test,5554532774,1985-11-20,60 maple ave,1896,abbrev
2023,laura,van dyke,laura van dyke,laura.vandyke.1229@mail.test,5554253039,1970-03-04,159 elm way,1229,near_collision
2024,laura,garcia,laura garcia,laura.garcia.1173@mail.test,5557090564,1976-02-02,117 elm way,1173,none
2025,greta,johnson,greta johnson,greta.johnson.1372@mail.test,5554309013,1989-08-06,101 pine ct,1372,none
2026,james,silva,james silva,james.silva.2882@mail.test,5559204587,1979-01-05,89 maple ave,2882,none
2027,david,johnson,david johnson,david.johnson.94@mail.test,5555644463,1955-11-14,63 cedar ln,94,none
2028,laura,kim,laura kim,laura.kim.2436@mail.test,5551750565,1957-10-25,4 elm way,2436,none
2029,ann,brown,ann brown,ann.brown.25@mail.test,5558078369,1989-09-19,149 maple ave,25,near_collision
2030,james,mueller,james mueller,james.mueller.1579@mail.test,5553218663,1992-06-05,140 cedar ln,1579,none
2031, Michael ,nguyen, Michael  nguyen,MICHAEL.NGUYEN.47@MAIL.TEST,,,40 maple ave,47,missing
2032,ann,jønes,ann jønes,ann.jones.293@mail.test,5559479970,1969-03-15,4 cedar ln,293,translit
2033,hans,obrien,hans obrien,hans.obrien.2151@mail.test,5552097272,1951-11-01,150 oak st,2151,none
2034,william,kowalski,william kowalski,william.kowalski.164@mail.test,5554311462,1982-04-24,37 elm way,164,none
2035,greta,silva,greta silva,greta.brown.604@mail.test,5553962792,1982-05-26,88 maple ave,604,household_nonmatch
2036,susan,van dyke,susan van dyke,susan.vandyke.2956@mail.test,5556253838,1958-09-11,46 maple ave,2956,none
2037,susan,jones,susan jones,susan.jones.3471@mail.test,5551741370,1996-05-01,148 cedar ln,3471,none
2038,hans,kim,hans kim,hans.kim.2893@mail.test,5557962295,1996-07-03,73 maple ave,2893,none
2039,william,kim,william kim,william.kim.2603@mail.test,5554380853,1988-02-01,37 cedar ln,2603,none
2040,jennfer,silva,jennfer silva,jennifer.silva.274@mail.test,5558673748,1990-06-19,194 birch rd,274,typo
2041,greta,nguyen,greta nguyen,greta.nguyen.1263@mail.test,5558889417,1960-11-03,152 cedar ln,1263,none
2042,ann,murphy,ann murphy,ann.murphy.796@mail.test,5558807897,1968-05-12,166 oak st,796,none
2043,katherine,jones,katherine jones,katherine.jones.988@mail.test,5552643177,1953-12-06,132 elm way,988,none
2044,robert,kim,robert kim,robert.kim.286@mail.test,5551060427,1993-04-09,194 maple ave,286,none
2045, Robert ,garcia,"garcia,  Robert ",ROBERT.GARCIA.2075@MAIL.TEST,5554834439,1963-01-15,69 oak st,2075,reorder
2046,daniel,silva,daniel silva,daniel.silva.2132@mail.test,5558310298,1955-09-09,148 maple ave,2132,none
2047,laura,murphy,laura murphy,laura.garcia.212@mail.test,,1998-06-10,154 pine ct,212,missing
2048,hns,jones,hns jones,hans.jones.854@mail.test,5553176128,1987-12-01,110 birch rd,854,typo
2049,james,murphy,james murphy,james.murphy.1337@mail.test,5554302555,1991-02-20,133 oak st,1337,none
2050,margaret,jones,margaret jones,margaret.jones.1108@mail.test,5552172136,1969-09-17,43 elm way,1108,none
2051,margaret,nguyen,margaret nguyen,margaret.nguyen.146@mail.test,5557479682,1981-05-16,58 cedar ln,146,none
2052,robert,kim,"kim, robert",robert.kim.515@mail.test,5558404650,1994-10-11,179 elm way,515,reorder
2053,jose,jones,jose jones,jose.jones.2218@mail.test,5552070604,1952-06-09,169 elm way,2218,near_collision
2054,ann,jones,ann jones,ann.jones.710@mail.test,5557323096,1975-08-08,57 oak st,710,near_collision
2055,daniel,garcia,daniel garcia,daniel.garcia.126@mail.test,5558728552,1979-10-16,133 birch rd,126,none
2056,david,jones,david jones,david.jones.2756@mail.test,5555815701,1963-09-14,145 pine ct,2756,none
2057,laura,silva,laura silva,laura.silva.3584@mail.test,5556666153,1972-05-22,116 birch rd,3584,none
2058, Laura ,kowalski, Laura  kowalski,LAURA.KOWALSKI.525@MAIL.TEST,5557955711,1978-07-02,77 maple ave,525,case_noise
2059,david,garcia,david garcia,david.garcia.403@mail.test,5557809242,1980-01-02,126 birch rd,403,none
2060,greta,kowalski,greta kowalski,greta.kowalski.3116@mail.test,5556929946,1966-11-25,81 pine ct,3116,none
2061,laura,johnson,laura johnson,laura.johnson.2112@mail.test,5553511281,1977-12-08,75 pine ct,2112,none
2062,charles,nguyen,"nguyen, charles",charles.nguyen.1702@mail.test,5551256319,1986-12-02,13 maple ave,1702,reorder
2063,sofia,murphy,sofia murphy,sofia.murphy.1002@mail.test,5555567235,1992-06-08,112 pine ct,1002,none
2064,robert,jones,robert jones,robert.jones.907@mail.test,5553651445,1992-08-27,130 maple ave,907,none
2065,w.,van dyke,w. van dyke,william.vandyke.264@mail.test,5551111711,1997-12-17,41 cedar ln,264,abbrev
2066,charles,nguyen,charles nguyen,charles.nguyen.3527@mail.test,5553833165,1976-11-05,128 birch rd,3527,none
2067,ann,patel,ann patel,ann.patel.2060@mail.test,5555433307,1966-01-06,6 pine ct,2060,none
2068,david,kowalski,david kowalski,david.kowalski.2074@mail.test,5556612975,1950-01-26,52 pine ct,2074,none
2069,patricia,kowalski,patricia kowalski,patricia.kowalski.295@mail.test,5558247753,1971-10-06,72 maple ave,295,none
2070,liz,jones,liz jones,elizabetr.jones.271@mail.test,5552908222,1954-05-16,131 maple ave,271,abbrev
2071,charles,van dyke,charles van dyke,charles.vandyke.492@mail.test,5553452276,1975-08-27,3 maple ave,492,near_collision
2072,m.,nguyen,m. nguyen,margaret.nguyen.1729@mail.test,5555422075,1952-04-26,84 pine ct,1729,abbrev
2073,katherine,johnson,katherine johnson,katherine.johnson.1024@mail.test,5552209986,1955-01-02,113 cedar ln,1024,near_collision
2074,jose,kim,jose kim,jose.obrien.2337@mail.test,5556306061,1981-11-06,132 pine ct,2337,household_nonmatch
2075,william,brown,william brown,william.brown.2638@mail.test,5558558351,1984-12-12,175 oak st,2638,near_collision
2076,james,smith,james smith,james.smith.1007@mail.test,5555163839,1967-12-25,118 elm way,1007,none
2077,ann,jones,ann jones,ann.jones.3234@mail.test,5559555898,1989-01-09,123 oak st,3234,near_collision
2078,michael,garcia,michael garcia,michael.garcia.2379@mail.test,5557928732,1974-11-05,196 oak st,2379,none
2079,james,obrien,james obrien,james.obrien.1495@mail.test,5556898142,1952-09-25,30 birch rd,1495,near_collision
2080,margaret,kim,margaret kim,margaret.kim.352@mail.test,5552527282,1961-10-12,170 pine ct,352,none
2081,ann,nguyen,ann nguyen,ann.nguyen.2497@mail.test,5559602868,1961-05-06,123 maple ave,2497,none
2082,michael,van dyke,michael van dyke,michael.vandyke.3609@mail.test,5553023739,1997-05-20,99 pine ct,3609,none
2083,james,van dyke,james van dyke,james.vandyke.3232@mail.test,5558861039,1958-04-08,78 birch rd,3232,none
2084,thomas,smith,thomas smith,,5551594494,,198 maple ave,1932,missing
2085,laura,kim,laura kim,laura.mueller.3053@mail.test,5557770693,1955-12-11,10 birch rd,3053,household_nonmatch
2086,charles,murphy,charles murphy,charles.brown.3222@mail.test,5554604716,1955-01-21,82 maple ave,3222,household_nonmatch
2087,hans,garcia,hans garcia,hans.garcia.1161@mail.test,5557972800,1976-04-09,29 oak st,1161,none
2088,robert,patel,robert patel,robert.patel.438@mail.test,5559149774,1963-01-06,9 birch rd,438,none
2089, .,nguyen, . nguyen,MICHAEL.NGUYEN.47@MAIL.TEST,,,40 maple ave,47,abbrev
2090,robert,garcia,robert garcia,robert.garcia.2321@mail.test,5556011978,1958-09-21,55 maple ave,2321,near_collision
2091,ann,kowalski,ann kowalski,ann.kowalski.2949@mail.test,5557779322,1993-09-09,59 pine ct,2949,near_collision
2092,ann,kim,ann kim,ann.kim.3456@mail.test,5553560137,1995-05-20,168 maple ave,3456,none
2093,patricia,obrien,patricia obrien,patricia.obrien.1828@mail.test,5558366130,1989-06-25,34 pine ct,1828,none
2094,charles,garcía,charles garcía,charles.garcia.354@mail.test,5555039441,1984-08-14,180 elm way,354,translit
2095,susan,kowalski,susan kowalski,susan.kowalski.2011@mail.test,5554326438,1969-09-14,171 maple ave,2011,none
2096,michael,kowalski,"kowalski, michael",michael.kowalski.730@mail.test,5558167631,1950-10-01,165 pine ct,730,reorder
2097,greta,johnson,greta johnson,greta.johnson.3269@mail.test,5556057547,1975-03-26,60 oak st,3269,near_collision
2098,sofia,silva,sofia silva,sofia.silva.151@mail.test,5556981298,1968-04-21,41 pine ct,151,near_collision
2099,daniel,mueller,daniel mueller,daniel.mueller.2429@mail.test,5559428228,1980-05-24,94 elm way,2429,none
2100, Charles ,kim,"kim,  Charles ",,5559234602,,99 elm way,148,reorder
2101,elizabeth,patel,elizabeth patel,elizabeth.patel.405@mail.test,5556659810,1957-06-15,175 oak st,405,none
2102,margaret,obrien,"obrien, margaret",margaret.obrien.173@mail.test,5559137540,1987-01-18,78 elm way,173,reorder
2103,michael,brown,"brown, michael",michael.brown.719@mail.test,5558954353,1987-04-10,172 oak st,719,reorder
2104,charles,kim,charles kim,charles.kim.3634@mail.test,5558618872,1988-03-24,155 cedar ln,3634,none
2105, David ,johnson, David  johnson,DAVID.JOHNSON.94@MAIL.TEST,5555644463,1955-11-14,63 cedar ln,94,case_noise
2106,william,murphy,william murphy,william.murphy.3060@mail.test,5553037849,1968-11-25,56 cedar ln,3060,none
2107,patricia,obrien,patricia obrien,patricia.obrien.2691@mail.test,5553655647,1975-12-19,171 birch rd,2691,none
2108,david,kim,david kim,david.kim.3123@mail.test,5551493342,1956-12-12,155 birch rd,3123,none
2109,elizabeth,mueller,elizabeth mueller,elizabeth.mueller.1655@mail.test,5554269957,1972-11-01,179 oak st,1655,near_collision
2110,daniel,murphy,daniel murphy,daniel.murphy.849@mail.test,5554610707,1977-02-06,88 birch rd,849,none
2111,susan,silva,susan silva,susan.jones.1057@mail.test,5557774867,1970-12-24,157 pine ct,1057,household_nonmatch
2112,robert,obrien,robert obrien,robert.obrien.2621@mail.test,5554072604,1981-01-12,132 cedar ln,2621,none
2113,katherine,van dyke,katherine van dyke,katherine.vandyke.3482@mail.test,5557802568,1966-04-03,149 oak st,3482,near_collision
2114,patricia,mueller,patricia mueller,patricia.obrien.2585@mail.test,5552662611,1980-03-18,138 cedar ln,2585,household_nonmatch
2115,robert,obrien,robert obrien,robert.obrien.234@mail.test,5558676722,1952-09-07,149 cedar ln,234,none
2116,sofia,smith,sofia smith,sofia.jones.2969@mail.test,5551102245,1976-09-07,45 elm way,2969,household_nonmatch
2117,laura,brown,laura brown,laura.brown.346@mail.test,5555369696,1958-05-26,150 maple ave,346,none
2118,l.,obrien,l. obrien,elizabeth.obrein.335@mail.test,5554436914,1955-07-23,177 oak st,335,typo
2119,laura,kim,laura kim,laura.kim.2716@mail.test,5558204950,1985-11-06,167 oak st,2716,none
2120,sofia,kim,sofia kim,sofia.kim.1915@mail.test,5555034078,1984-09-05,104 birch rd,1915,none
2121,hans,obrien,hans obrien,hans.obrien.2528@mail.test,5551296030,1952-03-17,18 birch rd,2528,near_collision
2122,jennifer,silva,jennifer silva,jennifer.silva.2003@mail.test,5552146573,1984-11-16,148 maple ave,2003,none
2123,hans,nguyen,hans nguyen,hans.nguyen.1028@mail.test,5553474374,1994-04-04,25 birch rd,1028,none
2124,katherine,kim,katherine kim,katherine.kim.1754@mail.test,5555588664,1982-08-06,28 elm way,1754,none
2125,greta,brown,"brown, greta",greta.brown.0@mail.test,5558502858,1961-01-09,116 cedar ln,0,reorder
2126,william,mueller,william mueller,william.mueller.2816@mail.test,5556524266,1984-06-07,146 oak st,2816,near_collision
2127,ann,brown,ann brown,ann.brown.376@mail.test,5552945223,1986-06-06,137 cedar ln,376,none
2128,elizabeth,kim,elizabeth kim,elizabeth.kim.716@mail.test,5555860289,1975-01-14,52 maple ave,716,none
2129,laura,nguyen,"nguyen, laura",laura.nguyen.187@mail.test,5558575318,1996-05-27,172 pine ct,187,reorder
2130,ann,garcia,ann garcia,ann.garcia.2380@mail.test,5552171279,1981-02-08,170 birch rd,2380,none
2131,ann,kim,ann kim,ann.kim.536@mail.test,5552215499,1972-10-08,154 maple ave,536,none
2132,elizabeth,brown,elizabeth brown,elizabeth.brown.2536@mail.test,5558227417,1990-12-01,188 elm way,2536,none
2133,daniel,patel,daniel patel,daniel.patel.1629@mail.test,5551291558,1982-11-18,183 pine ct,1629,near_collision
2134,susan,murphy,susan murphy,susan.murphy.1371@mail.test,5554554559,1991-03-27,193 oak st,1371,translit
2135,daniel,patel,daniel patel,daniel.patel.1402@mail.test,5552558625,1952-01-08,13 maple ave,1402,none
2136,michael,mueller,michael mueller,michael.mueller.1011@mail.test,5552362542,1980-03-20,172 oak st,1011,household_nonmatch
2137,daniel,murphy,daniel murphy,daniel.murphy.553@mail.test,5557285985,1973-09-15,98 pine ct,553,near_collision
2138,elizabeth,køwalski,elizabeth køwalski,,5558652441,1961-01-13,39 elm way,360,translit
2139,charles,garcia,charles garcia,charles.garcia.354@mail.test,5555039441,1984-08-14,180 elm way,354,none
2140,david,smith,david smith,david.nguyen.1574@mail.test,5551473699,1994-12-19,185 pine ct,1574,household_nonmatch
2141,michael,smith,michael smith,michael.smith.737@mail.test,5558030431,1961-12-21,92 maple ave,737,none
2142,charles,brown,charles brown,charles.brown.1525@mail.test,5551120829,1961-11-03,174 oak st,1525,near_collision
2143,jose,brøwn,jose brøwn,,,1963-05-24,194 elm way,1682,translit
2144,elizabeth,van dyke,elizabeth van dyke,elizabeth.vandyke.1454@mail.test,5557048063,1969-04-11,76 elm way,1454,none
2145,greta,silva,greta silva,greta.silva.1824@mail.test,5554991896,1961-12-25,83 oak st,1824,none
2146,daniel,kowalski,daniel kowalski,daniel.kowalski.3184@mail.test,5552297293,1951-05-14,46 elm way,3184,none
2147,hans,nguyen,hans nguyen,,5553474374,1994-04-04,25 birch rd,1028,missing
2148,michael,jones,michael jones,michael.jones.1252@mail.test,5551208553,1989-03-26,19 maple ave,1252,none
2149,elizabeth,kowalski,elizabeth kowalski,elizabeth.kowalski.7@mail.test,5558842053,1983-05-18,102 elm way,7,none
2150,ann,silva,ann silva,ann.silva.1519@mail.test,5554265795,1991-02-12,64 cedar ln,1519,none
2151,daniel,mueller,"mueller, daniel",daniel.mueller.537@mail.test,5553903272,1953-03-04,129 maple ave,537,reorder
2152,elizabeth,jones,"jones, elizabeth",elizabeth.jones.174@mail.test,5551479601,1959-06-12,120 elm way,174,reorder
2153,william,nguyen,william nguyen,william.nguyen.560@mail.test,5551318744,1990-12-16,52 birch rd,560,none
2154,susan,johnson,susan johnson,susan.johnson.1169@mail.test,5557132847,1960-01-09,88 birch rd,1169,none
2155,william,johnson,william johnson,william.johnson.2247@mail.test,5559587292,1955-10-24,131 elm way,2247,none
2156,laura,johnson,"johnson, laura",laura.johnson.902@mail.test,5558655493,1978-12-04,91 pine ct,902,reorder
2157,laura,garcia,laura garcia,laura.garcia.1507@mail.test,5554501598,1995-09-06,93 cedar ln,1507,none
2158,susan,johnson,susan johnson,susan.johnson.76@mail.test,5558799018,1961-04-15,15 maple ave,76,none
2159,sofia,garcia,sofia garcia,sofia.garcia.2973@mail.test,5554966784,1988-08-10,15 oak st,2973,near_collision
2160,susan,smith,susan smith,susan.smith.3099@mail.test,5558621146,1981-04-08,97 oak st,3099,none
2161,katherine,obrien,katherine obrien,katherine.obrien.338@mail.test,5554998059,,150 cedar ln,338,missing
2162,  William  ,jønes,  William   jønes,WLILIAM.JONES.4@MAIL.TEST,5555627058,1963-06-11,126 birch rd,4,case_noise
2163,elizabeth,murphy,elizabeth murphy,elizabeth.murphy.2608@mail.test,5555423643,1961-06-22,93 oak st,2608,none
2164,charles,mueller,charles mueller,charles.mueller.2373@mail.test,5559194860,1976-08-25,127 cedar ln,2373,near_collision
2165,thomas,murphy,thomas murphy,thomas.murphy.1077@mail.test,5553439574,1957-10-25,100 elm way,1077,none
2166,patricia,mueller,patricia mueller,patricia.mueller.1837@mail.test,5551432696,1975-08-25,191 pine ct,1837,none
2167,michael,brown,michael brown,michael.brown.2256@mail.test,5552486879,1986-12-18,37 oak st,2256,none
2168,s.,garcia,s. garcia,sofia.garcia.777@mail.test,5553826976,1950-02-08,96 pine ct,777,abbrev
2169,david,kowalski,david kowalski,david.kowalski.3618@mail.test,5555781550,1982-09-09,32 cedar ln,3618,none
2170,greta,patel,greta patel,greta.patel.939@mail.test,5554207303,1962-08-11,147 birch rd,939,none
2171,robert,kim,robert kim,robert.kim.1505@mail.test,5555557593,1978-06-02,37 pine ct,1505,none
2172,susan,silva,susan silva,susan.silva.3385@mail.test,5558127678,1992-06-15,78 cedar ln,3385,none
2173, William ,jones, William  jones,WILLIAM.NGUYEN.5@MAIL.TEST,5556599612,1976-04-27,158 cedar ln,5,case_noise
2174,hans,silva,hans silva,hans.silva.3376@mail.test,5553478440,1957-09-13,116 oak st,3376,near_collision
2175,ann,brown,ann brown,ann.brown.2614@mail.test,5556610030,1983-01-16,117 elm way,2614,none
2176,charles,murphy,charles murphy,charles.murphy.767@mail.test,5559700624,1983-03-25,75 cedar ln,767,translit
2177,david,nguyen,david nguyen,david.nguyen.1405@mail.test,5557914489,1961-03-14,7 elm way,1405,none
2178,thomas,murphy,thomas murphy,thomas.murphy.908@mail.test,5555215280,1983-01-13,43 cedar ln,908,none
2179,robert,jones,robert jones,robert.kowalski.1730@mail.test,5552276875,1973-11-03,13 cedar ln,1730,household_nonmatch
2180,katherine,brown,katherine brown,,5558502858,1992-07-27,116 cedar ln,21,missing
2181,hans,kim,hans kim,hans.kim.607@mail.test,5559552605,1975-03-15,143 cedar ln,607,near_collision
2182,elizabeth,smith,elizabeth smith,elizabeth.smith.280@mail.test,5553929325,1959-03-15,2 maple ave,280,none
2183,jennifer,patel,jennifer patel,jennifer.patel.1248@mail.test,5551022085,1951-07-11,75 birch rd,1248,none
2184,james,kowalski,james kowalski,james.kowalski.2425@mail.test,5554272606,1954-08-17,153 maple ave,2425,none
2185,greta,garcia,greta garcia,greta.garcia.2688@mail.test,5553902249,1986-12-25,113 maple ave,2688,none
2186,jose,nguyen,jose nguyen,jose.nguyen.2572@mail.test,5557736849,1967-06-06,28 cedar ln,2572,none
2187,patricia,silva,patricia silva,patricia.silva.339@mail.test,5556686531,1989-05-05,102 maple ave,339,none
2188,greta,kim,greta kim,greta.silva.1027@mail.test,5559519642,1975-11-17,66 pine ct,1027,household_nonmatch
2189,micheal,kim,micheal kim,michaelgkim.480@mail.test,5552002270,1964-07-01,74 oak st,480,typo
2190,jose,johnson,jose johnson,jose.johnson.389@mail.test,5555247826,1969-09-17,32 maple ave,389,none
2191,michael,kowalski,michael kowalski,michael.johnson.1988@mail.test,5552436980,1953-10-18,180 pine ct,1988,household_nonmatch
2192,jose,brown,jose brown,jose.brown.246@mail.test,5553896657,1991-01-04,164 elm way,246,near_collision
2193,katherine,jones,katherine jones,katherine.jones.3319@mail.test,5557108436,1976-07-24,24 pine ct,3319,near_collision
2194,katherine,van dyke,katherine van dyke,katherine.kowalski.2773@mail.test,5552203965,1989-05-18,7 cedar ln,2773,household_nonmatch
2195,charles,murphy,charles murphy,charles.vandyke.1448@mail.test,5555546631,1956-02-13,92 oak st,1448,household_nonmatch
2196,michael,kim,michael kim,michael.kim.1175@mail.test,5558761640,1984-03-02,170 maple ave,1175,none
2197,jose,brown,jose brown,jose.brown.3254@mail.test,5554179043,1951-09-12,20 birch rd,3254,none
2198,patricia,kim,patricia kim,patricia.kim.2747@mail.test,5552192783,1957-05-21,15 pine ct,2747,none
2199,susan,johnson,susan johnson,susan.johnson.3110@mail.test,5551366434,1971-04-12,134 birch rd,3110,none
2200,michael,smith,michael smith,michael.smith.3328@mail.test,5553863799,1986-06-23,194 pine ct,3328,none
2201,jennifer,patel,jennifer patel,jennifer.patel.1392@mail.test,5551858271,1994-04-24,72 pine ct,1392,none
2202,jennifer,kim,jennifer kim,jennifer.kim.2567@mail.test,5557545584,1985-10-26,93 oak st,2567,none
2203,elizabeth,kim,elizabeth kim,elizabeth.kim.528@mail.test,5556176938,1982-04-06,158 maple ave,528,near_collision
2204,katherine,smith,katherine smith,katherine.smith.784@mail.test,5556005547,1988-08-15,131 birch rd,784,none
2205,jennifer,brown,jennifer brown,jennifer.brown.3228@mail.test,5558502858,1988-10-12,116 cedar ln,3228,household_nonmatch
2206,robert,van dyke,robert van dyke,robert.vandyke.1999@mail.test,5556643430,1988-05-21,22 maple ave,1999,none
2207,jose,mueller,jose mueller,jose.mueller.551@mail.test,5551024369,1974-12-14,161 elm way,551,none
2208, Margaret ,patel, Margaret  patel,MARGARET.PATEL.1115@MAIL.TEST,5551757674,1998-04-19,133 birch rd,1115,case_noise
2209,susan,van dyke,susan van dyke,susan.tandyke.705@mail.test,,1978-03-16,152 pine ct,705,typo
2210,laura,patel,laura patel,laura.patel.2386@mail.test,5555630999,1989-11-19,126 maple ave,2386,near_collision
2211,robert,murphy,robert murphy,robert.murphy.1137@mail.test,5551899499,1985-02-26,21 oak st,1137,near_collision
2212,jennifer,garcia,jennifer garcia,jennifer.garcia.748@mail.test,5556791576,,53 birch rd,748,missing
2213,katherine,kim,katherine kim,katherine.kim.665@mail.test,5551847348,1951-11-23,120 oak st,665,none
2214,sofia,obrien,sofia obrien,sofia.obrien.1899@mail.test,5553816757,1969-12-24,14 birch rd,1899,none
2215, Margaret ,johnson, Margaret  johnson,MARGARET.JOHNSON.210@MAIL.TEST,5558139085,1993-08-10,185 elm way,210,case_noise
2216,ann,johnson,ann johnson,ann.johnson.2176@mail.test,5555399059,1962-06-13,39 cedar ln,2176,none
2217, Greta ,van dyke, Greta  van dyke,GRETA.VANDYKE.446@MAIL.TEST,5552094487,1973-11-02,6 pine ct,446,case_noise
2218,elizabeth,joens,elizabeth joens,elizabeth.jones.545@mail.test,5558557917,1998-08-14,146 pine ct,545,typo
2219,ann,kim,ann kim,,5553158459,1989-05-24,50 birch rd,893,missing
2220,elizabeth,johnson,elizabeth johnson,elizabeth.johnson.3583@mail.test,5551553370,1955-03-01,71 elm way,3583,none
2221,greta,patel,greta patel,greta.obrien.3522@mail.test,5558506750,1978-09-09,8 pine ct,3522,household_nonmatch
2222,robert,silva,robert silva,robert.silva.3500@mail.test,5558335037,1990-11-20,107 elm way,3500,none
2223,jim,murphy,jim murphy,james.murphy.1113@mail.test,5553227510,1977-09-25,88 birch rd,1113,abbrev
2224,robert,jønes,robert jønes,robert.jones.1745@mail.test,5558005675,1981-01-03,84 cedar ln,1745,translit
2225,ann,murphy,ann murphy,ann.kim.546@mail.test,5558482205,,115 elm way,546,missing
2226,sofia,nguyen,sofia nguyen,sofia.nguyen.3268@mail.test,5553692027,1976-03-17,190 maple ave,3268,none
2227,sofia,obrien,sofia obrien,sofia.obrien.3548@mail.test,5555959784,1975-12-01,42 oak st,3548,none
2228,margaret,garcia,margaret garcia,margaret.garcia.3286@mail.test,5552800870,1988-12-11,158 cedar ln,3286,none
2229,david,kim,david kim,david.kim.936@mail.test,5555866987,1982-08-25,155 pine ct,936,none
2230,david,silva,"silva, david",david.silva.116@mail.test,5557411263,1990-06-23,30 birch rd,116,reorder
2231,sofia,garca,sofia garca,sofia.brown.975@mail.test,5556508562,1975-04-11,138 elm way,975,typo
2232,jose,køwalski,jose køwalski,jose.kowalski.721@mail.test,5553826305,1951-05-17,35 birch rd,721,translit
2233, Hans ,kowalski, Hans  kowalski,HANS.KOWALSKI.196@MAIL.TEST,5556378103,1970-10-10,96 birch rd,196,case_noise
2234,eliabeth,kim,"kim, eliabeth",elizabeth.kim.123@mail.test,5552915524,1968-02-12,82 birch rd,123,reorder
2235,laura,patel,laura patel,laura.patel.906@mail.test,5555049849,1993-05-02,94 maple ave,906,none
2236,ann,jones,ann jones,ann.jones.1367@mail.test,5553592180,1997-11-09,73 maple ave,1367,none
2237,hans,patel,hans patel,hans.patel.414@mail.test,5551627188,1954-09-02,100 maple ave,414,near_collision
2238,patricia,smith,patricia smith,patricia.smith.2298@mail.test,5554040495,1975-11-15,125 oak st,2298,none
2239,thomas,smith,thomas smith,thomas.smith.316@mail.test,5558990231,1958-02-07,168 maple ave,316,none
2240,robert,garcia,robert garcia,robert.mueller.1138@mail.test,5551972942,1979-08-23,34 oak st,1138,household_nonmatch
2241,jose,jones,jose jones,jose.jones.2198@mail.test,5551284955,1989-11-23,14 oak st,2198,none
2242,charles,patel,charles patel,charles.patel.483@mail.test,5559320981,1958-03-12,179 birch rd,483,none
2243,greta,kim,greta kim,greta.kim.1792@mail.test,5551075495,1965-06-25,48 oak st,1792,none
2244,mike,murpyh,mike murpyh,michael.kim.53@mail.test,5559554935,1985-01-26,32 elm way,53,typo
2245,laura,johnson,laura johnson,laura.johnson.2030@mail.test,5559554786,1972-06-22,79 cedar ln,2030,none
2246,daved,van dyke,daved van dyke,david.vandyke.359@mail.test,5554933621,1955-01-15,15 pine ct,359,typo
2247,elizabeth,obrien,"obrien, elizabeth",elizabeth.obrien.156@mail.test,5553864893,1977-02-22,118 oak st,156,reorder
2248,patricia,smith,patricia smith,patricia.smith.3037@mail.test,5552781638,1955-11-13,53 oak st,3037,none
2249,james,kim,james kim,james.kim.2335@mail.test,5553789074,1965-10-13,148 pine ct,2335,none
2250,ann,brown,ann brown,ann.brown.1441@mail.test,5558112209,1988-11-03,70 cedar ln,1441,none
2251,sofia,jhonson,sofia jhonson,sofia.johnson.45@mail.test,5551494654,1989-06-18,177 maple ave,45,typo
2252,h.,kowalski,h. kowalski,hans.kowalski.197@mail.test,5553797164,1961-12-05,180 maple ave,197,abbrev
2253,elizabeth,jones,elizabeth jones,,5552466904,1978-08-25,96 birch rd,2206,missing
2254,jose,obrien,jose obrien,jose.obrien.3096@mail.test,5555801336,1979-07-22,101 oak st,3096,none
2255,sofia,murphy,sofia murphy,sofia.murphy.75@mail.test,5553530108,1993-11-11,154 pine ct,75,near_collision
2256,katherine,smith,katherine smith,katherine.johnson.3372@mail.test,5557418715,1992-07-02,87 elm way,3372,household_nonmatch
2257,hans,mueller,hans mueller,hans.mueller.2106@mail.test,5552551349,1964-09-10,141 cedar ln,2106,near_collision
2258,katherine,jhnson,katherine jhnson,katherine.johnson.1025@mail.test,5559382606,1988-05-17,197 oak st,1025,typo
2259,elizabeth,murphy,elizabeth murphy,elizabeth.murphy.941@mail.test,5554506140,1995-06-10,86 birch rd,941,none
2260,robert,kim,robert kim,robert.kim.611@mail.test,5559172569,1963-08-05,139 elm way,611,none
2261,william,smith,william smith,william.smith.103@mail.test,5553104406,1968-07-21,98 elm way,103,none
2262,thomas,murphy,thomas murphy,thomas.murphy.3046@mail.test,5552924569,1988-07-10,27 oak st,3046,none
2263,greta,johnson,greta johnson,greta.johnson.2326@mail.test,5556318451,1974-01-19,142 oak st,2326,near_collision
2264,trish,van dyke,trish van dyke,patricia.vandyke.1440@mail.test,5554236234,1965-03-21,111 elm way,1440,abbrev
2265,daniel,murphy,daniel murphy,,,1977-03-21,114 maple ave,11,missing
2266,michael,jones,michael jones,michael.jones.1512@mail.test,5552884180,1963-03-20,57 oak st,1512,none
2267,daniel,johnson,daniel johnson,daniel.johnson.1506@mail.test,5553522292,1951-12-17,40 birch rd,1506,none
2268,thomas,brown,thomas brown,thomas.brown.3423@mail.test,5553642543,1966-03-04,94 pine ct,3423,none
2269,daniel,jones,daniel jones,daniel.jones.289@mail.test,5557238960,1988-06-02,72 birch rd,289,none
2270,ann,silva,ann silva,ann.silva.112@mail.test,5558273881,1962-04-24,24 birch rd,112,near_collision
2271,sofia,garcia,sofia garcia,sofia.garcia.1793@mail.test,5552777945,1966-07-02,113 cedar ln,1793,none
2272,michael,obrien,michael obrien,michael.obrien.887@mail.test,5556914782,1983-10-21,146 birch rd,887,none
2273,susan,kowalski,susan kowalski,susan.kowalski.1299@mail.test,5555412398,1992-01-07,45 maple ave,1299,none
2274,laura,obrien,laura obrien,laura.obrien.1193@mail.test,5554450889,1950-05-07,148 birch rd,1193,none
2275,michael,patel,michael patel,michael.patel.95@mail.test,5558761205,1995-04-20,91 cedar ln,95,none
2276,david,johonsn,david johonsn,,5555644463,1955-11-14,63 cedar ln,94,missing
2277,patricia,van dyke,patricia van dyke,patricia.vandyke.1440@mail.test,5554236234,1965-03-21,111 elm way,1440,near_collision
2278,michael,bown,michael bown,michael.brown.1262@mail.test,5551560618,1982-05-03,107 elm way,1262,typo
2279,daniel,smith,daniel smith,daniel.smith.1609@mail.test,5559343102,1965-10-21,24 cedar ln,1609,none
2280,hans,kim,hans kim,hans.kim.161@mail.test,5559427623,1963-12-25,37 birch rd,161,none
2281,greta,brown,greta brown,,,1967-04-03,164 cedar ln,38,missing
2282,shsan,nguyen,shsan nguyen,susan.nguyen.2809@mail.test,5557281858,1986-10-12,168 maple ave,2809,typo
2283,jose,murphy,"murphy, jose",jose.murphy.548@mail.test,5551008015,1984-07-07,19 birch rd,548,reorder
2284,thmoas,murphy,thmoas murphy,thomas.murphy.712@mail.test,5557230471,1987-05-07,128 maple ave,712,typo
2285,greta,van dyke,greta van dyke,greta.vandyke.3595@mail.test,5558834260,1965-03-02,44 birch rd,3595,none
2286,  Daniel  ,jones,  Daniel   jones,DANIEL.OBRIEN.17@MAIL.TEST,5555627058,1994-12-05,126 birch rd,17,case_noise
2287,trish,van dyke,trish van dyke,patircia.vandyke.1440@mail.test,5554236234,1965-03-21,111 elm way,1440,typo
2288,sofia,smith,sofia smith,sofia.smith.1672@mail.test,5551102245,1963-12-10,45 elm way,1672,near_collision
2289,michael,obrien,michael obrien,michael.obrien.3190@mail.test,5551702921,1955-10-22,15 elm way,3190,none
2290,patricia,obrien,patricia obrien,patricia.obrien.1764@mail.test,5555328806,1988-09-05,124 maple ave,1764,none
2291,margaret,brown,margaret brown,margaret.brown.1233@mail.test,5556844357,1956-09-01,58 pine ct,1233,near_collision
2292,david,johnson,david johnson,david.johnson.2229@mail.test,5556178630,1986-01-13,82 cedar ln,2229,none
2293,bill,garcia,bill garcia,william.garcia.1585@mail.test,5552954774,1994-11-11,7 pine ct,1585,abbrev
2294,hans,silva,hans silva,hans.silva.2180@mail.test,5555916945,1985-01-06,44 elm way,2180,none
2295,greta,smith,greta smith,greta.smith.2591@mail.test,5558397715,1978-05-16,1 elm way,2591,none
2296,susan,brown,susan brown,susan.brown.3041@mail.test,5558972539,1988-08-23,74 pine ct,3041,none
2297,margaret,kim,margaret kim,margaret.kim.1150@mail.test,5559316737,1955-03-22,132 birch rd,1150,none
2298,susan,nguyen,susan nguyen,susan.nguyen.591@mail.test,5552387915,1971-12-17,73 birch rd,591,none
2299,margaret,smith,margaret smith,margaret.smith.386@mail.test,5558023413,,20 oak st,386,missing
2300,david,silva,david silva,david.silva.870@mail.test,5559722805,1953-06-09,61 oak st,870,none
2301,david,brown,david brown,david.jones.3627@mail.test,5555019678,1977-10-06,88 maple ave,3627,household_nonmatch
2302,margaret,johnson,margaret johnson,margaret.johnson.3111@mail.test,5555204364,1998-09-02,81 birch rd,3111,none
2303,james,kim,james kim,james.kim.1937@mail.test,5551257647,1984-09-20,17 pine ct,1937,near_collision
2304, Margaret ,brown, Margaret  brown,MARGARET.BROWN.2725@MAIL.TEST,5558659221,1961-06-18,38 birch rd,2725,case_noise
2305,michael,brown,michael brown,michael.brown.3439@mail.test,5554021708,1987-03-27,125 elm way,3439,none
2306,margaret,johnson,margaret johnson,margaret.johnson.292@mail.test,5551751758,1974-06-18,43 birch rd,292,none
2307,jose,smith,jose smith,jose.smith.1983@mail.test,5557112580,1966-04-11,103 pine ct,1983,none
2308,hans,murphy,hans murphy,hans.murphy.2798@mail.test,5559767842,1969-10-07,62 cedar ln,2798,none
2309,jose,van dyke,jose van dyke,jose.vandyke.917@mail.test,5555045789,1993-10-08,100 cedar ln,917,none
2310,margaret,obrien,margaret obrien,margaret.obrien.593@mail.test,5555602435,1984-01-22,65 birch rd,593,none
2311,thomas,kim,thomas kim,thomas.kim.1048@mail.test,5554943514,1953-03-01,101 maple ave,1048,none
2312,elizabeth,van dyke,elizabeth van dyke,elizabeth.vandyke.693@mail.test,5553277472,1964-11-23,153 oak st,693,none
2313,jose,patel,jose patel,jose.patel.3317@mail.test,5551390806,1977-02-25,85 birch rd,3317,none
2314,sofia,patel,sofia patel,sofia.patel.124@mail.test,5553070955,1974-03-14,160 elm way,124,none
2315,susan,km,susan km,susan.kim.1410@mail.test,5556213932,1961-06-15,75 cedar ln,1410,typo
2316,jose,kowalski,"kowalski, jose",jose.vandyke.996@mail.test,5552676556,1960-05-17,23 maple ave,996,reorder
2317, Michael ,nguyen, Michael  nguyen,,5558866618,1987-08-21,40 maple ave,47,missing
2318,jennifer,jones,jennifer jones,jennifer.jones.1981@mail.test,5556251048,1970-02-27,9 oak st,1981,none
2319,charles,silva,charles silva,charles.silva.3462@mail.test,5557377026,1994-03-08,23 oak st,3462,none
2320,ann,nguyen,ann nguyen,ann.nguyen.1534@mail.test,5559312419,1958-09-19,160 maple ave,1534,none
2321,ann,johnson,ann johnson,ann.johnson.2654@mail.test,5551730233,1972-10-01,130 pine ct,2654,none
2322,hans,murphy,hans murphy,hans.murphy.2169@mail.test,5553914451,1979-03-04,98 elm way,2169,none
2323,james,johnson,james johnson,james.nguyen.494@mail.test,5555616450,1954-12-25,58 maple ave,494,household_nonmatch
2324,sudan,van dyke,sudan van dyke,susan.vanydke.534@mail.test,5551829592,1953-06-16,44 maple ave,534,typo
2325,katherine,jones,katherine jones,katherine.garcia.3633@mail.test,5559229848,1957-08-03,38 birch rd,3633,household_nonmatch
2326,greta,kim,greta kim,greta.kim.2515@mail.test,5556504632,1967-06-27,78 elm way,2515,near_collision
2327,jennifer,patel,jennifer patel,jennifer.patel.2021@mail.test,5558238727,1991-02-21,142 birch rd,2021,none
2328,robert,kowalski,robert kowalski,robert.kowalski.1206@mail.test,5559322846,1983-01-06,101 oak st,1206,none
2329,patricia,patel,"patel, patricia",patricia.patel.743@mail.test,5554961038,1963-09-19,20 oak st,743,reorder
2330,william,murphy,william murphy,william.murphy.2069@mail.test,5553659759,1986-12-04,11 pine ct,2069,none
2331,david,patel,david patel,david.patel.2992@mail.test,5553960798,1988-01-03,140 elm way,2992,none
2332,charles,kim,charles kim,charles.kim.2355@mail.test,5552381305,1996-11-04,73 elm way,2355,none
2333,michael,patle,michael patle,michael.patel.347@mail.test,5558506750,1964-03-26,8 pine ct,347,typo
2334,greta,smith,greta smith,greta.nguyen.2202@mail.test,5551473699,1976-07-10,185 pine ct,2202,household_nonmatch
2335,patricia,brown,patricia brown,patricia.brown.1986@mail.test,5559395195,1960-04-26,186 pine ct,1986,none
2336,laura,smith,laura smith,,,1981-07-04,8 maple ave,298,missing
2337,thomas,silva,thomas silva,thomas.silva.1901@mail.test,5552438590,1984-08-17,51 pine ct,1901,none
2338,greta,patel,greta patel,greta.patel.2543@mail.test,5552200458,1974-04-27,171 birch rd,2543,none
2339,robert,silva,robert silva,robert.jones.3350@mail.test,5557061691,1964-10-13,90 pine ct,3350,household_nonmatch
2340,margaret,silna,margaret silna,margaret.silva.1397@mail.test,5555539988,1962-04-08,124 pine ct,1397,typo
2341,thomas,smith,thomas smith,thomas.smith.1932@mail.test,5551594494,1984-09-04,198 maple ave,1932,near_collision
2342, Ann ,kim, Ann  kim,ANN.KIM.1881@MAIL.TEST,5554516107,1973-02-08,101 oak st,1881,case_noise
2343,liz,kowalski,liz kowalski,elizabeth.kowalski.361@mail.test,5557182224,1995-09-26,171 pine ct,361,abbrev
2344,jennifer,brown,jennifer brown,jennifer.brown.2752@mail.test,,1971-04-18,28 cedar ln,2752,missing
2345,james,garcia,james garcia,james.garcia.2617@mail.test,5552907714,1998-10-03,160 elm way,2617,none
2346,hans,silva,hans silva,hans.silva.165@mail.test,5553959722,1983-07-12,187 pine ct,165,none
2347,james,obrien,james obrien,james.obrien.1294@mail.test,5552186452,1975-03-05,13 pine ct,1294,none
2348,david,smith,david smith,david.smith.1391@mail.test,5558103226,1961-01-06,58 elm way,1391,none
2349,patricia,obrien,patricia obrien,patricia.obrien.379@mail.test,5551171585,1993-10-27,56 birch rd,379,none
2350,margaret,kim,margaret kim,margaret.kim.3569@mail.test,5551931987,1969-06-02,154 pine ct,3569,none
2351,margaret,kowalski,margaret kowalski,margaret.smith.1821@mail.test,,1976-05-04,144 maple ave,1821,household_nonmatch
2352,sofia,smith,sofia smith,sofia.smith.2520@mail.test,5555185584,1991-08-23,9 elm way,2520,none
2353,jennifer,jones,jennifer jones,jennifer.jones.1627@mail.test,5557547233,1960-02-18,193 pine ct,1627,none
2354,patricia,mseller,patricia mseller,patricia.obrien.2958@mail.test,5554330882,1980-01-10,183 cedar ln,2958,household_nonmatch
2355,thomas,van dyke,thomas van dyke,thomas.vandyke.500@mail.test,5554173089,1959-11-26,53 oak st,500,translit
2356,james,kim,james kim,james.kim.3083@mail.test,5553512768,1975-01-08,143 elm way,3083,none
2357,margaret,jones,margaret jones,margaret.jones.312@mail.test,5555516756,1970-05-17,174 cedar ln,312,none
2358,daniel,brown,daniel brown,daniel.brown.3599@mail.test,5555518011,1958-10-24,53 birch rd,3599,none
2359,thomas,murphy,thomas murphy,thomas.murphy.1500@mail.test,5551437289,1965-10-14,34 birch rd,1500,near_collision
2360,jennifer,johnson,jennifer johnson,jennifer.johnson.1683@mail.test,5556437577,1967-03-23,173 cedar ln,1683,none
2361,daniel,mueller,daniel mueller,daniel.murphy.3349@mail.test,5551400418,1998-01-23,159 elm way,3349,household_nonmatch
2362,robert,obrien,robert obrien,robert.obrien.3608@mail.test,5559242677,1987-01-19,144 elm way,3608,none
2363,david,smith,david smith,david.smith.1076@mail.test,5558891210,1955-11-09,84 elm way,1076,none
2364,william,johsnon,william johsnon,william.brown.15@mail.test,5552184542,1955-08-20,132 elm way,15,typo
2365,susan,jones,susan jones,susan.jone.686@mail.test,5551681193,1991-01-11,8 birch rd,686,typo
2366,suan,mueller,suan mueller,susa.nmueller.171@mail.test,5559022587,1965-08-16,59 maple ave,171,typo
2367,elizabeth,jones,elizabeth jones,elizabeth.jones.174@mail.test,5551479601,1959-06-12,120 elm way,174,none
2368,michael,obrien,michael obrien,michael.obrien.229@mail.test,5559915676,1951-09-13,107 elm way,229,none
2369,charles,garcia,charles garcia,charles.jones.1485@mail.test,5552716282,1973-05-16,68 pine ct,1485,household_nonmatch
2370,greta,brown,greta brown,greta.brown.684@mail.test,5555523248,1964-02-24,136 birch rd,684,none
2371,hans,brown,hans brown,hans.brown.1810@mail.test,5552998398,1994-07-13,156 elm way,1810,none
2372,laura,murphy,laura murphy,laura.murphy.785@mail.test,5552432884,1991-12-16,182 pine ct,785,none
2373,michael,kowalski,michael kowalski,michael.kowalski.862@mail.test,5557317782,1969-05-08,94 cedar ln,862,none
2374,thomas,brown,thomas brown,thomas.mueller.456@mail.test,5558502858,1969-08-21,116 cedar ln,456,household_nonmatch
2375,charles,silva,charles silva,charles.silva.1520@mail.test,5555524653,1997-06-13,47 oak st,1520,none
2376,susan,garcia,susan garcia,susan.garcia.552@mail.test,5554453805,1985-03-26,153 oak st,552,none
2377,  Daniel  ,jones,  Daniel   jones,,,1994-12-05,126 birch rd,17,missing
2378,david,kowalski,david kowalski,david.kowalski.2789@mail.test,5553849317,1968-05-10,18 cedar ln,2789,none
2379,mrgaret,murphy,mrgaret murphy,margaret.murphy.104@mail.test,5559717026,1997-04-11,91 cedar ln,104,typo
2380,elizabeth,mueller,elizabeth mueller,elizabeth.mueller.1418@mail.test,5555723054,1973-05-05,69 elm way,1418,none
2381,william,smith,"smith, william",william.smith.330@mail.test,5552900367,1998-05-10,66 pine ct,330,reorder
2382,james,silva,james silva,james.silva.2769@mail.test,5557832010,1993-06-27,88 oak st,2769,none
2383,susan,van dyke,susan van dyke,susan.vandyke.1288@mail.test,5555310017,1958-10-05,63 oak st,1288,none
2384,robert,kim,robert kim,robert.kim.421@mail.test,5559519642,1964-06-04,66 pine ct,421,none
2385,elizabeth,johnson,elizabeth johnson,elizabeth.johnson.1213@mail.test,5555595102,1955-11-16,99 elm way,1213,none
2386, David ,silva, David  silva,DAVID.SILVA.473@MAIL.TEST,5554023716,1970-10-23,74 elm way,473,case_noise
2387,jose,smith,jose smith,jose.smith.1068@mail.test,5556975383,1998-10-09,185 cedar ln,1068,translit
2388,sofia,patel,sofia patel,sofia.patel.1306@mail.test,5551083963,1998-08-13,45 cedar ln,1306,near_collision
2389,daniel,smith,daniel smith,daniel.smith.3161@mail.test,5554330679,1966-04-23,54 maple ave,3161,none
2390,sofia,jones,sofia jones,sofia.jones.189@mail.test,5553556360,1968-12-22,189 cedar ln,189,none
2391,c.,van dyke,c. van dyke,charles.vandyke.44@mail.test,5551577907,1961-07-26,74 cedar ln,44,abbrev
2392,patricia,johnson,"johnson, patricia",patricia.johnson.324@mail.test,5558911806,1998-05-09,84 oak st,324,reorder
2393,charles,patel,charles patel,charles.patel.2431@mail.test,5553394145,1967-01-18,106 maple ave,2431,near_collision
2394,thomas,van dyke,thomas van dyke,thomas.vandyke.2861@mail.test,5558993485,1963-06-15,44 elm way,2861,none
2395,james,silva,james silva,james.kowalski.424@mail.test,,,88 maple ave,424,missing
2396,jose,mueller,jose mueller,jose.mueller.2586@mail.test,5554462824,1992-08-20,160 birch rd,2586,none
2397,patricia,johnson,patricia johnson,patricia.johnson.1873@mail.test,5559988726,1973-07-26,13 pine ct,1873,none
2398,michael,mueller,michael mueller,michael.mueller.1091@mail.test,5554985423,1997-09-24,124 pine ct,1091,near_collision
2399,charles,johnson,charles johnson,charles.johnson.2022@mail.test,5559527172,1985-05-09,22 pine ct,2022,none
2400,ann,obrien,ann obrien,ann.obrien.922@mail.test,5554971987,1959-11-10,173 oak st,922,near_collision
2401,katherine,garcia,katherine garcia,katherine.garcia.3055@mail.test,5557037454,1991-03-15,58 maple ave,3055,none
2402,hans,silva,hans silva,hans.silva.1293@mail.test,5559414791,1960-04-21,67 maple ave,1293,none
2403,j.,kim,j. kim,joje.kim.1463@mail.test,5555614859,1956-07-10,5 birch rd,1463,typo
2404,patricia,obrein,patricia obrein,patricia.obrien.1828@mail.test,5558366130,1989-06-25,34 pine ct,1828,typo
2405,william,smith,william smith,william.smith.2328@mail.test,5557946490,1988-02-20,34 cedar ln,2328,none
2406,charles,obrien,charles obrien,charles.obrien.2795@mail.test,5559793208,1950-10-08,137 birch rd,2795,none
2407,susan,nguyen,susan nguyen,susan.nguyen.1571@mail.test,5553972535,1952-06-12,100 elm way,1571,near_collision
2408,jennifer,johnson,jennifer johnson,jennifer.johnson.1665@mail.test,5559603704,1998-07-23,108 birch rd,1665,none
2409,robert,kim,robert kim,robert.kim.319@mail.test,5556075750,1974-07-12,146 birch rd,319,translit
2410,david,kowalski,david kowalski,david.kowalski.2141@mail.test,5557777082,1951-04-06,155 elm way,2141,none
2411,laura,patel,laura patel,laura.patel.208@mail.test,5553978557,1966-08-17,23 cedar ln,208,none
2412,robert,brown,"brown, robert",robert.brown.206@mail.test,5551042513,1952-01-21,130 pine ct,206,reorder
2413,thomas,obrien,thomas obrien,thomas.obrien.14@mail.test,,,95 maple ave,14,missing
2414,david,garcia,david garcia,david.garcia.2945@mail.test,5557145211,1988-10-25,94 maple ave,2945,none
2415,robert,brown,robert brown,robert.brown.3272@mail.test,5555914076,1985-07-10,187 birch rd,3272,near_collision
2416, .,brown,"brown,  .",GRETA.BROWN.810@MAIL.TEST,5558745500,1993-02-03,123 elm way,810,reorder
2417,thomas,johnson,thomas johnson,thomas.patel.2888@mail.test,5551781105,1984-11-02,137 cedar ln,2888,household_nonmatch
2418,laura,kowalski,laura kowalski,laura.kowalski.1456@mail.test,5554260029,1990-10-26,78 cedar ln,1456,none
2419,greta,johnson,greta johnson,greta.johnson.213@mail.test,5554328212,1971-04-08,59 elm way,213,none
2420,william,van dyke,william van dyke,william.vandyke.264@mail.test,5551111711,1997-12-17,41 cedar ln,264,none
2421,sofia,mueller,sofia mueller,sofia.mueller.70@mail.test,5554042292,1957-10-22,101 oak st,70,near_collision
2422,laura,smith,laura smith,laura.smith.3257@mail.test,5554878694,1956-02-07,79 maple ave,3257,none
2423,charles,kowalski,charles kowalski,charles.kowalski.1776@mail.test,5551009771,1988-01-07,179 maple ave,1776,none
2424,david,brown,david brown,david.brown.2282@mail.test,5556417814,1978-12-25,87 cedar ln,2282,near_collision
2425,laura,smith,laura smith,laura.smith.1968@mail.test,5554894926,1950-06-09,106 elm way,1968,none
2426,elizabeth,kowalski,elizabeth kowalski,,5558652441,1961-01-13,39 elm way,360,missing
2427,james,kim,james kim,james.kim.2110@mail.test,5551447265,1953-06-21,52 pine ct,2110,none
2428, Greta ,brown, Greta  brown,GRETA.BROWN.810@MAIL.TEST,5558745500,1993-02-03,123 elm way,810,case_noise
2429,laura,kowalski,laura kowalski,laura.kowalski.2142@mail.test,5552886332,1998-05-11,95 pine ct,2142,none
2430,elizabeth,jones,elizabeth jones,elizabeth.jones.271@mail.test,5552908222,1954-05-16,131 maple ave,271,none
2431,daniel,kim,"kim, daniel",daniel.kim.119@mail.test,5554893261,1986-11-19,167 elm way,119,reorder
2432,susan,smith,susan smith,susan.smith.396@mail.test,5559295842,1975-09-07,129 oak st,396,none
2433,jose,kim,jose kim,jose.kim.978@mail.test,5557963216,1997-11-25,173 oak st,978,near_collision
2434,james,kowalski,james kowalski,james.kowalski.205@mail.test,5553216726,1954-02-15,77 birch rd,205,none
2435,robert,murphy,robert murphy,robert.murphy.2390@mail.test,5553694798,1958-02-20,3 oak st,2390,near_collision
2436,daniel,johnson,daniel johnson,daniel.johnson.283@mail.test,5559105273,1985-12-23,71 birch rd,283,none
2437,charles,garcia,charles garcia,charles.garcia.3182@mail.test,5556021166,1956-11-23,53 oak st,3182,near_collision
2438,david,garcia,david garcia,david.garcia.1942@mail.test,5552185270,1986-09-18,12 cedar ln,1942,none
2439,jose,kowalski,jose kowalski,jose.kowalski.1349@mail.test,5552436980,1951-08-20,180 pine ct,1349,none
2440,hans,johnson,hans johnson,hans.johnson.2417@mail.test,5555746693,1991-01-18,22 pine ct,2417,none
2441,william,kim,william kim,william.kim.169@mail.test,5557971350,1954-04-24,8 cedar ln,169,none
2442,patricia,van dyke,patricia van dyke,patricia.vandyke.1944@mail.test,5553965369,1985-12-20,130 elm way,1944,translit
2443,patricia,nguyen,patricia nguyen,patricia.smith.1566@mail.test,5551933886,1980-01-01,7 pine ct,1566,household_nonmatch
2444,laura,smith,laura smith,laura.smith.765@mail.test,,1959-09-02,153 birch rd,765,missing
2445,ann,jones,ann jones,ann.jones.3233@mail.test,5554864235,1961-11-04,162 pine ct,3233,near_collision
2446, David ,kim, David  kim,DAVID.KIM.673@MAIL.TEST,5555648106,1992-03-02,185 pine ct,673,case_noise
2447,patricia,brown,patricia brown,patricia.brown.300@mail.test,5555033098,1988-05-24,22 maple ave,300,none
2448,greta,nguyen,greta nguyen,greta.silva.1455@mail.test,5555805848,1984-05-26,167 pine ct,1455,household_nonmatch
2449,laura,garcia,laura garcia,laura.garcia.3666@mail.test,5551507874,1987-11-21,152 maple ave,3666,near_collision
2450,jose,patel,jose patel,jose.patel.437@mail.test,,1994-10-12,169 birch rd,437,translit
2451,l.,brown,l. brown,laura.brown.346@mail.test,5555369696,1958-05-26,150 maple ave,346,abbrev
2452,charles,van dyke,charles van dyke,charles.vandyke.2525@mail.test,5558920326,1950-11-17,116 cedar ln,2525,none
2453,patricia,patel,patricia patel,patricia.patel.614@mail.test,5553585051,1964-03-10,172 maple ave,614,none
2454,william,obrien,william obrien,william.obrien.1610@mail.test,5556897612,1974-07-04,7 elm way,1610,none
2455,elizabeth,johnson,elizabeth johnson,elizabeth.johnson.1304@mail.test,5556388439,1988-01-23,134 pine ct,1304,near_collision
2456,susan,silva,susan silva,susan.brown.508@mail.test,5559139819,1961-02-24,93 cedar ln,508,household_nonmatch
2457,thomas,kowalski,thomas kowalski,thomas.kowalski.2981@mail.test,5557394132,1992-05-25,160 birch rd,2981,none
2458,robert,patel,robert patel,robert.obrien.2349@mail.test,5559320981,1956-07-13,179 birch rd,2349,household_nonmatch
2459,jose,silva,jose silva,jose.silva.2487@mail.test,5557650643,1973-07-11,149 oak st,2487,near_collision
2460,elizabeth,jones,elizabeth jones,elizabeth.jones.3194@mail.test,5558948822,1964-08-10,134 elm way,3194,none
2461,elizabeth,jones,"jones, elizabeth",elizabeth.jones.174@mail.test,5551479601,1959-06-12,120 elm way,174,reorder
2462,patricia,silva,patricia silva,patricia.silva.243@mail.test,5551726238,1997-03-18,107 maple ave,243,translit
2463,jennifer,mueller,jennifer mueller,jennifer.mueller.2013@mail.test,5558253811,1976-12-06,63 birch rd,2013,none
2464,thoams,kim,thoams kim,thomas.kim.65@mail.test,5551494913,1985-07-15,95 birch rd,65,typo
2465,katherine,murphy,katherine murphy,katherine.murphy.1768@mail.test,5555749514,1961-11-09,103 maple ave,1768,none
2466,jose,van dyke,jose van dyke,jose.vandyke.1529@mail.test,5554664673,1974-07-05,98 birch rd,1529,near_collision
2467,margaret,silva,margaret silva,margaret.islva.128@mail.test,5556297641,1966-12-01,57 birch rd,128,typo
2468,greta,garcaa,greta garcaa,greta.garcia.1452@mail.test,5556997130,1954-03-26,20 elm way,1452,typo
2469,patricia,mueller,patricia mueller,patricia.mueller.2738@mail.test,5552034445,1989-05-04,111 maple ave,2738,none
2470,charles,jones,charles jones,charles.jones.1409@mail.test,5557998902,1992-04-13,33 elm way,1409,none
2471,james,van dyke,james van dyke,james.vandyke.404@mail.test,5556654059,1973-11-14,188 maple ave,404,none
2472,daniel,murphy,daniel murphy,daniel.murphy.554@mail.test,5555577683,1976-10-06,125 elm way,554,near_collision
2473,jose,mseller,jose mseller,jose.nguyen.2805@mail.test,5554330882,1961-01-27,183 cedar ln,2805,household_nonmatch
2474,david,mueller,david mueller,david.mueller.1839@mail.test,5551792525,1966-05-20,121 birch rd,1839,none
2475,james,mueller,james mueller,james.mueller.757@mail.test,5557858826,1991-05-04,134 oak st,757,none
2476,thomas,johnson,thomas johnson,thomas.johnson.2857@mail.test,5552203746,1997-05-08,155 elm way,2857,none
2477,jennifer,brown,jennifer brown,jennifer.brown.3451@mail.test,5556075642,1956-05-05,73 maple ave,3451,none
2478,margaret,silva,margaret silva,margaret.silva.262@mail.test,5555659926,1968-03-06,104 maple ave,262,near_collision
2479,bill,kim,bill kim,william.kim.2516@mail.test,5558602544,1958-06-11,31 elm way,2516,abbrev
2480,patricia,johnson,patricia johnson,patricia.johnson.821@mail.test,5552945502,1952-07-07,122 pine ct,821,none
2481,jose,johnqon,jose johnqon,jose.johnson.389@mail.test,5555247826,1969-09-17,32 maple ave,389,typo
2482,david,smith,david smith,david.kowalski.3078@mail.test,5554154490,1984-02-24,78 pine ct,3078,household_nonmatch
2483,greta,nguyen,greta nguyen,greta.nguyen.401@mail.test,5555660699,1979-12-25,176 cedar ln,401,none
2484,ann,patel,ann patel,ann.patel.2170@mail.test,5555723323,1970-07-22,34 cedar ln,2170,none
2485,margaret,kim,margaret kim,margaret.kim.2034@mail.test,5557352777,1988-03-06,190 oak st,2034,none
2486,margaret,garcia,margaret garcia,margaret.garcia.1177@mail.test,5558890488,1993-06-25,12 cedar ln,1177,none
2487,jennifer,mruphy,jennifer mruphy,jennifer.garcia.2866@mail.test,5553217069,1997-05-20,137 cedar ln,2866,household_nonmatch
2488,michael,jones,michael jones,michael.jones.2523@mail.test,5554614156,1972-09-09,92 oak st,2523,none
2489,patricia,van dyke,patricia van dyke,patricia.mueller.2718@mail.test,5554939285,1989-10-11,30 pine ct,2718,household_nonmatch
2490,susan,nguyen,susan nguyen,susan.nguyen.2809@mail.test,5557281858,1986-10-12,168 maple ave,2809,none
2491,hans,mueller,hans mueller,hans.mueller.620@mail.test,5555898462,1976-11-26,83 oak st,620,none
2492,daniel,nguyen,daniel nguyen,daniel.nguyen.1502@mail.test,5558478051,1961-04-02,95 cedar ln,1502,none
2493,katherine,jones,katherine jones,katherine.jones.3281@mail.test,5558998973,1967-03-09,112 oak st,3281,none
2494,jennifer,nguyen,jennifer nguyen,jennifer.garcia.227@mial.test,5552960427,1956-01-27,196 birch rd,227,typo
2495,elizabeth,kim,elizabeth kim,elizabeth.kim.3468@mail.test,5552742387,1991-02-17,10 pine ct,3468,none
2496, Kate ,mueller, Kate  mueller,KATHERINE.MUELLER.439@MAIL.TEST,5553524870,1997-09-03,52 cedar ln,439,case_noise
2497,elizabeth,silva,elizabeth silva,elizabeth.vandyke.634@mail.test,5553959722,1981-09-26,187 pine ct,634,household_nonmatch
2498,elizabeth,brown,elizabeth brown,elizabeth.brown.3496@mail.test,5558087959,1984-02-23,23 elm way,3496,none
2499,james,patel,james patel,james.patel.2563@mail.test,5557690132,1953-07-26,80 elm way,2563,none
2500,ann,murphy,ann murphy,ann.murphy.1738@mail.test,5555533360,1993-01-15,197 maple ave,1738,none
2501,james,obrien,james obrien,james.obrien.1494@mail.test,5556056091,1967-03-13,126 pine ct,1494,near_collision
2502,ann,ngyen,ann ngyen,ann.nguyen.137@mail.test,5559069832,1998-04-22,173 pine ct,137,typo
2503,katherine,brown,katherine brown,katherine.brown.1379@mail.test,5553804766,1974-06-21,33 maple ave,1379,none
2504,ann,obrien,ann obrien,ann.obrien.2606@mail.test,5555177105,1975-10-19,148 cedar ln,2606,none
2505,thomas,jones,thomas jones,thomas.jones.3008@mail.test,5552662960,1978-01-16,165 pine ct,3008,none
2506,margaret,nguyen,margaret nguyen,margaret.nguyen.779@mail.test,5557501432,1996-06-07,76 pine ct,779,none
2507,hans,brown,hans brown,hans.brown.1268@mail.test,5557916068,1998-04-11,191 birch rd,1268,none
2508,michael,silva,michael silva,michael.silva.838@mail.test,5554468260,1991-05-07,138 elm way,838,none
2509,katherine,patel,katherine patel,katherine.patel.37@mail.test,5556484007,1988-02-13,128 maple ave,37,translit
2510,w.,garcia,w. garcia,william.garcia.626@mail.test,5552773094,1983-02-02,15 elm way,626,abbrev
2511,greta,jones,greta jones,,5557148322,,162 birch rd,1552,missing
2512,margaret,nguyen,margaret nguyen,margaret.nguyen.1659@mail.test,5558291824,1996-07-17,160 pine ct,1659,near_collision
2513,jennifer,kowalski,jennifer kowalski,jennifer.kowalski.2144@mail.test,5556464192,1991-09-15,178 elm way,2144,none
2514,margaret,kowalski,margaret kowalski,margaret.kowalski.896@mail.test,5554732712,1966-02-18,96 maple ave,896,near_collision
2515,jennifer,nguyen,jennifer nguyen,jennifer.nguyen.1735@mail.test,5557153717,1956-02-07,157 cedar ln,1735,none
2516, Elizabeth ,kowalski, Elizabeth  kowalski,,5558842053,1983-05-18,102 elm way,7,case_noise
2517,patricia,van dyke,"van dyke, patricia",patricia.vandyke.3405@mail.test,5552042462,1958-04-17,49 elm way,3405,reorder
2518,elizabeth,obrien,elizabeth obrien,elizabeth.obrien.3413@mail.test,5558198620,1965-03-02,95 elm way,3413,none
2519,katherine,nguyen,katherine nguyen,katherine.nguyen.1103@mail.test,5557631287,1951-11-07,196 pine ct,1103,none
2520,hans,nguyen,hans nguyen,hns.nguyen.1493@mail.test,5552738769,1979-12-14,8 elm way,1493,typo
2521,katherine,kowalski,katherine kowalski,katherine.nguyen.2544@mail.test,5559974248,1969-07-03,147 cedar ln,2544,household_nonmatch
2522,margaret,garcia,margaret garcia,margaret.garcia.1955@mail.test,5557899371,1959-01-15,61 elm way,1955,none
2523,sofia,patel,sofia patel,sofia.patel.775@mail.test,5553673091,1980-11-10,185 pine ct,775,none
2524,michael,brown,michael brown,michael.brown.1589@mail.test,5559872749,1963-07-03,76 cedar ln,1589,none
2525,ann,jones,ann jones,ann.jones.2784@mail.test,5556443669,1958-12-23,195 elm way,2784,none
2526,laura,garcia,laura garcia,laura.garcia.54@mail.test,5553219179,1953-05-21,183 elm way,54,none
2527,william,jones,william jones,william.jones.373@mail.test,5559119233,1995-06-25,151 elm way,373,none
2528,ann,van dyke,ann van dyke,ann.vandyke.2937@mail.test,5558400475,1988-04-11,119 maple ave,2937,near_collision
2529,c.,van dyke,c. van dyke,charles.vandyke.731@mail.test,5551437376,1969-10-21,34 pine ct,731,abbrev
2530,jennifer,patel,jennifer patel,jennifer.patel.2596@mail.test,5556917618,1997-05-08,140 cedar ln,2596,none
2531, C. ,van dyke, C.  van dyke,CHARLES.VANDYKE.44@MAIL.TEST,5551577907,1961-07-26,74 cedar ln,44,case_noise
2532,thomas,brown,thomas brown,thomas.brown.1815@mail.test,5555102131,1975-02-19,126 elm way,1815,none
2533,michael,jones,michael jones,michael.jones.3549@mail.test,5554597886,1968-05-18,94 elm way,3549,near_collision
2534,susan,van dyke,susan van dyke,susan.vandyke.3565@mail.test,5554025459,1961-06-22,139 oak st,3565,none
2535,william,murphy,william murphy,william.murphy.127@mail.test,5558115053,1952-10-15,96 pine ct,127,none
2536,elizabeth,silva,elizabeth silva,elizabeth.silva.983@mail.tdst,5557437424,1974-02-01,111 oak st,983,typo
2537,greta,kim,greta kim,greta.kim.267@mail.test,5551510786,,112 pine ct,267,missing
2538,robert,nguyen,robert nguyen,robert.nguyen.1578@mail.test,5559415355,1953-03-14,173 maple ave,1578,none
2539, Katherine ,kowalski, Katherine  kowalski,KATHERINE.KOWALSKI.108@MAIL.TEST,5552493419,1976-08-24,98 maple ave,108,case_noise
2540,margaret,smtih,margaret smtih,margaret.smith.2972@mail.test,5557806104,1994-01-23,195 pine ct,2972,typo
2541,thomas,murphy,thomas murphy,thomas.murphy.1920@mail.test,,,66 elm way,1920,missing
2542,david,patel,david patel,david.patel.1818@mail.test,5552722706,1968-07-15,27 oak st,1818,none
2543,jennifer,kim,jennifer kim,jennifer.kim.942@mail.test,5554489120,1966-02-04,134 birch rd,942,none
2544,susan,murphy,susan murphy,susan.murphy.459@mail.test,5552794281,1986-03-24,122 cedar ln,459,near_collision
2545,david,kim,david kim,david.kim.2197@mail.test,5558964915,1980-09-17,168 birch rd,2197,none
2546,robert,van dyke,robert van dyke,robert.vandyke.2051@mail.test,5558042071,1975-03-09,5 pine ct,2051,none
2547,william,brown,william brown,william.brown.797@mail.test,5553309688,1964-08-18,83 elm way,797,none
2548,james,silva,james silva,james.silva.3292@mail.test,5559623439,1959-01-04,113 pine ct,3292,none
2549,william,mueller,william mueller,william.mueller.1377@mail.test,5556773937,1984-02-03,39 oak st,1377,near_collision
2550,dave,silva,dave silva,david.silva.116@mail.test,5557411263,1990-06-23,30 birch rd,116,abbrev
2551,ann,mueller,ann mueller,ann.mueller.2017@mail.test,5552126593,1971-06-07,63 birch rd,2017,near_collision
2552,michael,patel,michael patel,michael.patel.2549@mail.test,5555977361,1970-01-20,48 oak st,2549,none
2553, Katherine ,kowalski, Katherine  kowalski,,5552493419,1976-08-24,98 maple ave,108,case_noise
2554,jose,mueller,jose mueller,jose.mueller.1591@mail.test,5552390255,1969-06-10,188 birch rd,1591,none
2555,hans,johnson,hans johnson,hans.johnson.3480@mail.test,5555349933,1997-11-24,45 pine ct,3480,none
2556, Joe ,brown, Joe  brown,JOSE.VANDYKE.41@MeIL.TEST,5558078369,1960-04-24,149 maple ave,41,typo
2557,greta,garcia,greta garcia,greta.kim.1417@mal.test,5558819218,1968-11-13,104 maple ave,1417,typo
2558,charles,jones,charles jones,charles.jones.219@mail.test,5556826993,1976-03-25,168 oak st,219,none
2559,david,murphy,david murphy,david.murphy.1023@mail.test,5559561604,1973-05-18,135 birch rd,1023,none
2560,ann,obrien,ann obrien,ann.obrien.571@mail.test,5559755221,1962-02-22,167 maple ave,571,near_collision
2561, Jose ,brown, Jose  brown,JOSE.BROWN.115@MAIL.TEST,5551542417,1986-06-07,78 maple ave,115,case_noise
2562,thomas,silva,thomas silva,thomas.silva.3364@mail.test,5555375388,1975-07-08,130 elm way,3364,none
2563,hans,brown,"brown, hans",hans.brown.247@mail.test,5557825374,1991-01-13,161 birch rd,247,reorder
2564,ann,jones,ann jones,ann.jones.416@mail.test,5557462327,1996-05-02,171 cedar ln,416,none
2565,sofia,mueller,sofia mueller,sofia.mueller.2184@mail.test,5553907590,1981-12-26,34 birch rd,2184,none
2566,jose,smith,jose smith,jose.smith.478@mail.test,5552001291,1955-01-15,160 birch rd,478,none
2567,david,murphy,david murphy,david.murphy.2059@mail.test,5559347918,1958-02-14,170 birch rd,2059,none
2568,greta,kowalski,greta kowalski,greta.kowalski.320@mail.test,5551834570,1979-03-10,67 maple ave,320,none
2569, Margaret ,kim, Margaret  kim,MARGARET.KIM.352@MAIL.TEST,,,170 pine ct,352,missing
2570,michael,nguyen,michael nguyen,michael.nguyen.1636@mail.test,5557620088,1993-09-02,154 elm way,1636,none
2571,elizabeth,brown,"brown, elizabeth",elizabeth.murphy.486@mail.test,5557355294,1985-10-05,177 maple ave,486,reorder
2572,michael,smith,michael smith,michael.smith.2771@mail.test,5553767311,1982-01-02,186 birch rd,2771,none
2573,michael,murphy,michael murphy,michael.murphy.1123@mail.test,5554029223,1991-07-10,78 birch rd,1123,none
2574,wllixm,kowalski,wllixm kowalski,william.kowalski.30@mail.test,5557671626,1993-11-15,139 cedar ln,30,typo
2575,jose,murphy,jose murphy,jose.murphy.2599@mail.test,5555233195,1966-01-23,120 oak st,2599,near_collision
2576,michael,van dyke,michael van dyke,michael.vandyke.2079@mail.test,5554129840,1983-12-26,89 pine ct,2079,none
2577,elizabeth,van dyke,elizabeth van dyke,elizabeth.vandyke.3315@mail.test,5556847272,1979-06-21,15 oak st,3315,near_collision
2578,james,jones,james jones,james.kowalski.2710@mail.test,5555201974,1950-11-23,171 oak st,2710,household_nonmatch
2579,william,garcia,william garcia,william.garcia.3615@mail.test,5559902560,1994-06-25,27 cedar ln,3615,near_collision
2580,james,patel,james patel,james.patel.2448@mail.test,5559741633,1987-09-03,114 elm way,2448,none
2581,hans,silva,hans silva,hans.silva.1476@mail.test,5554016991,1977-11-14,156 cedar ln,1476,none
2582,patricia,silva,patricia silva,patricia.silva.683@mail.test,5554026975,1985-06-11,141 pine ct,683,none
2583,patricia,obrien,"obrien, patricia",patricia.obrien.947@mail.test,5557300207,1983-12-26,139 cedar ln,947,reorder
2584,william,jones,william jones,william.jones.1042@mail.test,5555963587,,30 oak st,1042,missing
2585,kate,brown,kate brown,katherine.patel.8@mail.test,5558502858,1978-12-11,116 cedar ln,8,abbrev
2586,william,johnson,william johnson,william.johnson.3030@mail.test,5559018258,1970-01-07,25 oak st,3030,none
2587,charles,brown,charles brown,chmrles.brown.2250@mail.test,5551637228,1992-07-06,152 pine ct,2250,typo
2588,margaret,nguyen,margaret nguyen,margaret.nguyen.718@mail.test,5558890365,1952-03-12,68 elm way,718,none
2589,charles,kowalski,charles kowalski,charles.kowalski.563@mail.test,5555123811,1976-12-15,129 oak st,563,none
2590,robert,garcia,robert garcia,robert.garcia.1545@mail.test,5553028183,1960-06-08,103 birch rd,1545,none
2591,jose,brown,jose brown,jose.brown.115@mail.test,5551542417,1986-06-07,78 maple ave,115,none
2592,robert,smith,robert smith,robert.smith.1499@mail.test,5557119116,1990-09-18,47 birch rd,1499,none
2593,jennifer,kowalski,jennifer kowalski,jennifer.kowalski.1257@mail.test,5557698797,1979-04-22,6 cedar ln,1257,none
2594,l.,obrien,l. obrien,laura.obrien.186@mail.test,5557323149,1984-12-17,12 birch rd,186,abbrev
2595,susan,obrien,susan obrien,susan.obrien.2849@mail.test,5559868419,1985-10-06,32 birch rd,2849,none
2596,daniel,brown,daniel brown,daniel.brown.1823@mail.test,5553350347,1997-03-22,1 oak st,1823,none
2597,jose,van dyke,jose van dyke,jose.vandyke.2818@mail.test,5553382429,1956-01-22,168 birch rd,2818,none
2598, Mararet ,kim, Mararet  kim,MARGARET.KIM.352@MAIL.TEST,,,170 pine ct,352,typo
2599,margaret,brown,margaret brown,mwrgaret.brown.681@mail.test,5553774578,1957-05-09,162 birch rd,681,typo
2600,elizabeth,patel,elizabeth patel,elizabeth.patel.2905@mail.test,5557798995,1982-05-09,187 birch rd,2905,none
2601,robert,jones,robert jones,robert.jones.617@mail.test,5559479970,1960-04-10,4 cedar ln,617,household_nonmatch
2602,jennifer,obrien,"obrien, jennifer",jennifer.obrien.209@mail.test,5551555234,1974-11-06,125 oak st,209,reorder
2603,s.,kowalski,s. kowalski,sofia.kowalski.1461@mail.test,5558319066,1987-09-22,150 cedar ln,1461,abbrev
2604,daniel,mueller,daniel mueller,daniel.mueller.2732@mail.test,5558567414,1970-12-10,48 cedar ln,2732,none
2605,katherine,johnson,katherine johnson,katherine.johnson.1373@mail.test,5555788054,1950-12-16,26 oak st,1373,none
2606,margaret,johnson,margaret johnson,margaret.johnson.211@mail.test,5556935419,1956-04-25,63 elm way,211,near_collision
2607,greta,kim,greta kim,greta.kim.268@mail.test,5559290730,1961-07-02,169 pine ct,268,near_collision
2608,daniel,brown,daniel brown,daniel.nguyen.1370@mail.test,5558078369,1958-01-26,149 maple ave,1370,household_nonmatch
2609,william,patel,william patel,williqm.patel.163@mail.test,5551664681,1994-06-09,121 birch rd,163,typo
2610,daniel,garcia,daniel garcia,daniel.garcia.185@mail.test,5551005910,1962-05-25,51 elm way,185,none
2611,michael,obrien,michael obrien,michael.obrien.3334@mail.test,5551251213,1957-09-05,1 oak st,3334,none
2612,greta,obrien,"obrien, greta",greta.obrien.1055@mail.test,5559218450,1996-05-04,111 birch rd,1055,reorder
2613,david,patel,"patel, david",david.patel.533@mail.test,5554544337,1954-03-11,20 birch rd,533,reorder
2614,susan,jones,susan jones,susan.jones.331@mil.test,5555044106,1964-10-17,30 elm way,331,typo
2615,laura,obrien,laura obrien,,5557150107,1982-04-12,123 cedar ln,1719,missing
2616,susan,johnson,susan johnson,susan.johnson.1773@mail.test,5552089305,1996-06-13,126 birch rd,1773,none
2617,jose,jones,jose jones,jose.jones.2461@mail.test,5557759909,1995-05-14,133 oak st,2461,none
2618,susan,smith,susan smith,susan.smith.1381@mail.test,5554314051,1951-09-06,55 pine ct,1381,near_collision
2619,robert,brown,robert brown,robert.brown.3641@mail.test,5551441819,1977-01-25,124 elm way,3641,none
2620,daniel,van dyke,daniel van dyke,daniel.vandyke.2682@mail.test,5551111711,1983-07-18,41 cedar ln,2682,household_nonmatch
2621, Thomas ,brown, Thomas  brown,THOMAS.VANDYKE.597@MAIL.TEST,5557898031,1990-03-14,113 maple ave,597,case_noise
2622,daniel,jones,daniel jones,daniel.jones.2117@mail.test,5557540887,1968-09-18,43 pine ct,2117,none
2623,margaret,nguyen,margaret nguyen,margaret.nguyen.2296@mail.test,5555930302,1981-10-12,145 cedar ln,2296,near_collision
2624,katherine,mueller,katherine mueller,katherine.mueller.287@mail.test,5554931353,1977-03-19,153 elm way,287,none
2625,thomas,kim,thomas kim,thomas.kim.65@mail.test,5551494913,1985-07-15,95 birch rd,65,none
2626,jennifer,mueller,jennifer mueller,jennifer.mueller.3587@mail.test,5555721463,1972-02-14,59 cedar ln,3587,none
2627,michael,van dyke,michael van dyke,michael.vandyke.2684@mail.test,5558595491,1962-01-10,113 elm way,2684,none
2628,robert,nguyen,robert nguyen,robert.jones.1292@mail.test,5558866618,1998-06-15,40 maple ave,1292,household_nonmatch
2629,robert,brown,robert brown,robert.brown.1437@mail.test,5557834016,1955-01-27,37 oak st,1437,none
2630,daniel,van dyke,daniel van dyke,daniel.vandyke.1399@mail.test,5558957389,1957-10-13,143 maple ave,1399,none
2631,laura,nguyen,laura nguyen,laura.nguyen.2924@mail.test,5551268832,1994-05-04,137 pine ct,2924,none
2632,david,jones,david jones,david.jones.2257@mail.test,5551551808,1959-11-17,56 elm way,2257,none
2633,michael,van dyke,michael van dyke,michael.vandyke.1965@mail.test,5559586959,1957-04-03,187 birch rd,1965,none
2634,daniel,silva,daniel silva,daniel.silva.3440@mail.test,5554487505,1990-01-20,61 maple ave,3440,none
2635,s.,garcia,s. garcia,sofia.garcia.777@mail.test,5553826976,1950-02-08,96 pine ct,777,abbrev
2636,hans,kowalski,hans kowalski,hans.kowalski.3442@mail.test,5556640588,1951-01-07,164 maple ave,3442,none
2637,william,mueller,william mueller,william.mueller.2676@mail.test,5557747427,1985-06-27,44 cedar ln,2676,near_collision
2638,margaret,kowalski,margaret kowalski,margaret.kowalski.2095@mail.test,5553821217,1959-08-18,68 elm way,2095,none
2639,katherine,smith,katherine smith,katherine.smith.3630@mail.test,5554686491,1983-02-22,25 oak st,3630,none
2640,liz,jones,liz jones,elizabeth.jones.575@mail.test,5554947472,1980-12-08,118 maple ave,575,abbrev
2641,patricia,obrien,patricia obrien,patricia.obrien.1036@mail.test,5559871989,1963-11-11,48 elm way,1036,none
2642,laura,mueller,laura mueller,laura.mueller.2187@mail.test,5553638535,1967-09-06,170 maple ave,2187,none
2643,michael,brown,michael brown,michael.brown.3643@mail.test,5553309629,1995-09-07,81 maple ave,3643,none
2644,patricia,jones,patricia jones,patricia.jones.77@mail.test,5558291357,1987-09-13,32 birch rd,77,none
2645,jennifer,kowalski,jennifer kowalski,jennifer.kowalski.1713@mail.test,5558587928,1966-08-12,93 elm way,1713,none
2646,daniel,mueller,daniel mueller,daniel.mueller.955@mail.test,5553891090,1969-03-17,198 maple ave,955,none
2647,sofia,nguyen,sofia nguyen,sofia.nguyen.3136@mail.test,5559768345,1981-10-05,178 maple ave,3136,none
2648,jose,kim,jose kim,jose.kim.1865@mail.test,5557262813,1969-06-21,30 birch rd,1865,none
2649,david,garcia,"garcia, david",david.garcia.605@mail.test,5552429723,1977-12-19,182 oak st,605,reorder
2650,daniel,murphy,daniel murphy,daniel.murphy.3115@mail.test,5554183781,1974-02-11,167 oak st,3115,none
2651,david,garcia,david garcia,david.garcia.1154@mail.test,5557775302,1954-01-10,70 maple ave,1154,none
2652,hans,jones,hans jones,hans.jones.854@mail.test,5553176128,1987-12-01,110 birch rd,854,none
2653,susan,kowalski,susan kowalski,susan.kowalski.1531@mail.test,5555375815,,41 cedar ln,1531,missing
2654,elizabeth,smith,elizabeth smith,elizabeth.smith.2588@mail.test,5551889009,1959-11-15,18 birch rd,2588,near_collision
2655,jennifer,van dyke,jennifer van dyke,jennifer.vandyke.1878@mail.test,5559281796,1989-11-10,53 oak st,1878,none
2656,william,smith,william smith,william.smith.462@mail.test,5556766378,1984-12-06,144 pine ct,462,none
2657,jose,silva,jose silva,jose.silva.2703@mail.test,5555269358,1990-07-15,1 pine ct,2703,near_collision
2658,robert,obrien,robert obrien,robert.obrien.2553@mail.test,5554604913,1956-10-11,62 birch rd,2553,none
2659,charles,mueller,charles mueller,,5556809004,,136 cedar ln,1536,missing
2660,david,bropn,david bropn,david.brown.1043@mail.test,5555791239,1967-10-05,187 maple ave,1043,typo
2661,daniel,silva,daniel silva,daniel.silva.2581@mail.test,5555693852,1970-04-03,152 birch rd,2581,none
2662,daniel,nguyen,"nguyen, daniel",,,1975-02-18,115 birch rd,1008,reorder
2663,laura,nguyen,laura nguyen,laura.nguyen.1559@mail.test,5556830619,1979-11-06,169 maple ave,1559,none
2664,william,jones,william jones,william.jones.1264@mail.test,5552329883,1990-02-22,60 maple ave,1264,none
2665,michael,smith,michael smith,michael.smith.2625@mail.test,5557845837,1951-01-10,49 birch rd,2625,none
2666,ann,garcia,ann garcia,ann.garcia.2494@mail.test,5553159131,1952-01-11,171 birch rd,2494,none
2667, James ,patel, James  patel,JAMES.PATEL.1250@MAIL.TEST,5558350176,1968-02-13,146 pine ct,1250,case_noise
2668,daniel,kim,daniel kim,daniel.kim.3515@mail.test,5559751178,1986-05-10,145 cedar ln,3515,none
2669,sfia,van dyke,sfia van dyke,sofia.vandyke.198@mail.test,,1991-02-10,152 pine ct,198,typo
2670, Ann ,jønes, Ann  jønes,,5559479970,,4 cedar ln,293,case_noise
2671,jose,garfia,jose garfia,jose.brown.1564@mail.test,5554847356,1996-12-02,43 birch rd,1564,household_nonmatch
2672,katherine,øbrien,katherine øbrien,katherine.obrien.110@mail.test,5558467005,1990-09-25,30 oak st,110,translit
2673,margaret,nguyen,margaret nguyen,margaret.nguyen.1388@mail.test,5555681994,1982-06-03,106 cedar ln,1388,none
2674,ann,silva,ann silva,ann.garcia.202@mail.test,5556981298,1963-09-15,41 pine ct,202,household_nonmatch
2675,jose,van dyke,jose van dyke,jose.vandyke.2014@mail.test,5555743321,1991-04-14,143 pine ct,2014,translit
2676,laura,jones,laura jones,laura.jones.3153@mail.test,5558231613,1974-03-21,114 pine ct,3153,none
2677,david,mueller,david mueller,david.mueller.2405@mail.test,5553145989,1996-05-12,172 oak st,2405,near_collision
2678,daniel,mueller,"mueller, daniel",daniel.mueller.537@mail.test,5553903272,1953-03-04,129 maple ave,537,reorder
2679,jose,jones,jose jones,jose.jones.2642@mail.test,5554359385,1970-03-04,172 birch rd,2642,none
2680,hans,jones,hans jones,hans.jones.2312@mail.test,5559733240,1965-10-14,99 cedar ln,2312,none
2681,laura,obrien,laura obrien,laura.obrien.807@mail.test,5556789807,1962-11-11,13 maple ave,807,none
2682,s.,johnfon,s. johnfon,,5551494654,1989-06-18,177 maple ave,45,typo
2683,hans,smith,hans smith,hans.smith.2026@mail.test,5554062843,1974-05-08,163 birch rd,2026,none
2684,david,mueller,david mueller,david.mueller.2404@mail.test,5553190309,1986-07-02,33 elm way,2404,near_collision
2685,susan,mueller,susan mueller,susan.mueller.2519@mail.test,5553250347,1976-11-21,180 cedar ln,2519,none
2686,daniel,mueller,daniel mueller,daniel.mueller.378@mail.test,5556886635,1973-05-08,59 pine ct,378,none
2687,ann,køwalski,ann køwalski,ann.kowalski.1645@mail.test,5553966744,1952-08-12,9 oak st,1645,translit
2688,michael,patel,michael patel,michael.patel.3195@mail.test,5556566686,1973-09-08,22 oak st,3195,none
2689,greta,murphy,greta murphy,greta.murphy.2163@mail.test,5556986466,1975-06-09,121 cedar ln,2163,none
2690,ann,obrien,ann obrien,ann.obrien.366@mail.test,5551412470,1962-03-27,127 birch rd,366,near_collision
2691,charles,johnson,charles johnson,charles.johnson.3589@mail.test,5559024849,1952-02-08,54 cedar ln,3589,none
2692,greta,nguyen,greta nguyen,greta.nguyen.1497@mail.test,5557653693,1969-01-23,15 elm way,1497,none
2693,jennifer,patel,jennifer patel,jennifer.vandyke.886@mail.test,5559149774,1997-01-06,9 birch rd,886,household_nonmatch
2694,katherine,mueller,katherine mueller,katherine.murphy.1772@mail.test,5552869804,1968-03-14,122 maple ave,1772,household_nonmatch
2695,margaret,obrien,margaret obrien,margaret.obrien.3169@mail.test,5552696078,1998-01-07,146 oak st,3169,none
2696,jennifer,obrien,jennifer obrien,jennifer.obrien.2010@mail.test,5558414855,1997-07-03,76 cedar ln,2010,none
2697,elizabeth,smith,elizabeth smith,elizabeth.smith.1231@mail.test,5551381338,1982-06-06,156 maple ave,1231,none
2698,charles,van dyke,charles van dyke,charles.vandyke.1053@mail.test,5556861863,1964-08-17,191 birch rd,1053,none
2699,patricia,padel,patricia padel,patricia.patel.743@mail.test,5554961038,1963-09-19,20 oak st,743,typo
2700, Thomas ,van dyke, Thomas  van dyke,THOMAS.VANDYKE.500@MAIL.TEST,5554173089,1959-11-26,53 oak st,500,case_noise
2701,susan,murphy,susan murphy,susan.murphy.459@mail.test,5552794281,1986-03-24,122 cedar ln,459,translit
2702,patricia,murphy,patricia murphy,patricia.murphy.643@mail.test,5552332764,1996-09-13,31 oak st,643,none
2703,thomas,smith,thomas smith,thomas.murphy.3523@mail.test,5558990231,1951-05-20,168 maple ave,3523,household_nonmatch
2704,michael,jones,michael jones,michael.jones.1967@mail.test,5559430190,1968-08-20,159 birch rd,1967,near_collision
2705,sofia,kim,sofia kim,sofia.kim.9@mail.test,5557088051,1996-02-16,127 elm way,9,none
2706,william,mueller,william mueller,william.mueller.350@mail.test,5559771037,1963-04-05,135 cedar ln,350,none
2707,m.,jones,m. jones,margaret.brown.40@mail.test,5556599612,1979-02-16,158 cedar ln,40,abbrev
2708,laura,kowalski,laura kowalski,laura.jones.3043@mail.test,5558862656,1998-03-13,129 birch rd,3043,household_nonmatch
2709,greta,johnson,greta johnson,greta.johnson.2210@mail.test,5554596981,1984-09-16,110 elm way,2210,near_collision
2710,robert,silva,robert silva,robert.silva.1755@mail.test,5556962690,1953-06-02,40 elm way,1755,none
2711,robert,køwalski,robert køwalski,robert.kowalski.1014@mail.test,5556762511,1975-04-05,97 cedar ln,1014,translit
2712,greta,kim,greta kim,greta.kim.2329@mail.test,5555306560,1995-12-17,67 cedar ln,2329,none
2713,hans,van dyke,hans van dyke,hans.vandyke.3343@mail.test,5556988004,1977-04-05,142 maple ave,3343,none
2714,jose,smith,jose smith,jose.smith.631@mail.test,5552947719,1962-11-15,89 pine ct,631,none
2715,thomas,mueller,thomas mueller,,5554404354,,148 maple ave,96,missing
2716,james,smith,james smith,james.vandyke.35@mail.test,5552182966,1964-04-18,100 cedar ln,35,household_nonmatch
2717,susan,kowalski,susan kowalski,susan.kim.1675@mail.test,5554260029,1977-04-19,78 cedar ln,1675,household_nonmatch
2718,hans,kim,hans kim,hans.kim.3049@mail.test,5556491812,1958-02-08,71 maple ave,3049,none
2719,jennifer,kowaslki,jennifer kowaslki,jennifer.garcia.1728@mail.test,5557671626,1960-11-12,139 cedar ln,1728,household_nonmatch
2720,michael,brown,michael brown,,,1971-08-06,108 elm way,33,missing
2721,elizabeth,nguyen,elizabeth nguyen,elizabeth.johnson.742@mail.test,5553683787,1971-06-23,184 pine ct,742,household_nonmatch
2722,charles,kim,charles kim,charles.kim.157@mail.test,5552239678,1958-07-03,112 birch rd,157,none
2723,c.,patel,c. patel,charles.patel.483@mail.test,5559320981,1958-03-12,179 birch rd,483,abbrev
2724, .,brown, . brown,JOSE.BROWN.115@MAIL.TEST,5551542417,1986-06-07,78 maple ave,115,abbrev
2725,ann,brown,ann brown,ann.brown.3460@mail.test,5555111010,1976-12-27,116 cedar ln,3460,none
2726,thomas,murphy,thomas murphy,thomas.murphy.3574@mail.test,5554783090,1969-03-04,122 elm way,3574,none
2727,ann,garcia,ann garcia,ann.garcia.2583@mail.test,5551115104,1958-12-06,99 cedar ln,2583,none
2728, Thomas ,obrien, Thomas  obrien,THOMAS.OBRIEN.2035@MAIL.TEST,5557530648,1985-09-25,147 birch rd,2035,case_noise
2729,ann,van dyke,ann van dyke,ann.vandyke.2259@mail.test,5559317704,1976-11-23,136 elm way,2259,none
2730,charles,murphy,charles murphy,charles.vandyke.1608@mail.test,5556757453,1953-10-27,169 cedar ln,1608,household_nonmatch
2731,elizabeth,smith,elizabeth smith,elizabeth.nguyen.843@mail.test,5551473699,1963-09-05,185 pine ct,843,household_nonmatch
2732,charles,garcia,charles garcia,charles.garcia.134@mail.test,5552593501,1983-01-07,91 elm way,134,none
2733,james,jones,james jones,james.jones.2967@mail.test,5555710898,1994-07-01,104 pine ct,2967,none
2734,susan,nguyen,susan nguyen,susan.nguyen.2678@mail.test,5558305924,1989-11-10,48 elm way,2678,none
2735,jennifer,kim,jennifer kim,jennifer.kim.2975@mail.test,5556224435,1982-08-17,76 maple ave,2975,translit
2736,c.,kim,c. kim,charles.vandyke.190@mail.test,5557971350,1994-04-06,8 cedar ln,190,abbrev
2737,patricia,smith,patricia smith,patricia.brown.2667@mail.test,5553540840,1957-01-18,72 birch rd,2667,household_nonmatch
2738,laura,silva,laura silva,laura.silva.1978@mail.test,5557005801,1978-03-21,39 oak st,1978,none
2739,william,silva,william silva,william.silva.1163@mail.test,5552328299,1984-09-11,56 maple ave,1163,none
2740,charles,murphy,charles murphy,charles.murphy.60@mail.test,5553714800,1966-03-03,147 birch rd,60,none
2741,robert,nguyen,robert nguyen,robert.nguyen.1348@mail.test,5551933886,1953-08-02,7 pine ct,1348,near_collision
2742,michael,patel,michael patel,michael.patel.3118@mail.test,5557668870,1988-07-26,163 elm way,3118,near_collision
2743,william,mueller,william mueller,william.mueller.2815@mail.test,5559481816,1987-12-16,194 pine ct,2815,near_collision
2744,laura,patel,laura patel,laura.patel.2333@mail.test,5557894825,1985-08-18,82 maple ave,2333,near_collision
2745,sofia,kim,sofia kim,sofia.kim.457@mail.test,5559520013,1961-12-17,185 oak st,457,none
2746,daniel,mueller,daniel mueller,daniel.silva.2477@mail.test,5558289883,1990-07-04,135 birch rd,2477,household_nonmatch
2747,hans,mueller,hans mueller,hans.mueller.2029@mail.test,5559101981,1988-06-10,6 oak st,2029,none
2748,thomas,patel,thomas patel,thomasfpatel.1207@mail.test,5556452456,1958-01-21,171 elm way,1207,typo
2749,margaret,silva,margaret silva,margaret.silva.263@mail.test,5558028322,1984-06-16,73 birch rd,263,near_collision
2750, Jose ,brown, Jose  brown,JOSE.VANDYKE.41@MAIL.TEST,5558078369,,149 maple ave,41,case_noise
2751,charles,brown,charles brown,charles.kim.2855@mail.test,5556343861,1954-01-20,57 elm way,2855,household_nonmatch
2752,greta,kowalski,greta kowalski,greta.kowalski.935@mail.test,5555280163,1956-03-18,62 elm way,935,none
2753,robert,brown,robert brown,robert.kowalski.2130@mail.test,5555531212,1996-11-04,63 cedar ln,2130,household_nonmatch
2754, Susan ,garcia, Susan  garcia,SUSAN.GARCIA.284@MAIL.TEST,5557315309,1965-02-25,139 elm way,284,case_noise
2755,hans,murphy,hans murphy,hans.murphy.3612@mail.test,5556029450,1978-04-13,123 maple ave,3612,none
2756,katherine,murphy,katherine murphy,katherine.murphy.3176@mail.test,5558686878,1991-05-11,7 cedar ln,3176,none
2757,hans,johnson,hans johnson,hans.johnson.753@mail.test,5555698211,1984-08-22,105 elm way,753,near_collision
2758,elizabeth,johnson,elizabeth johnson,elizabeth.johnson.3266@mail.test,5556954000,1993-04-09,189 oak st,3266,none
2759,michael,murphy,michael murphy,michael.murphy.1202@mail.test,5555732910,1991-05-15,64 elm way,1202,none
2760,katherine,patel,katherine patel,katherine.patel.2181@mail.test,5558444416,1964-08-23,47 maple ave,2181,none
2761,susan,murphy,susan murphy,susan.murphy.2912@mail.test,5556489256,1974-03-26,41 oak st,2912,near_collision
2762,david,mueller,david mueller,david.mueller.3075@mail.test,5552837029,1970-06-06,134 elm way,3075,none
2763,charles,silva,charles silva,charles.silva.2052@mail.test,5558080922,1962-10-16,95 cedar ln,2052,none
2764,elizabeth,murphy,elizabeth murphy,elizabeth.murphy.149@mail.test,5552227260,1993-08-22,88 pine ct,149,none
2765,jose,garcia,jose garcia,jose.johnson.1737@mail.test,5555925814,1979-01-11,119 birch rd,1737,household_nonmatch
2766,jose,nguyen,jose nguyen,jose.nguyen.2907@mail.test,5556482033,1991-08-03,156 pine ct,2907,near_collision
2767,daniel,van dyke,daniel van dyke,daniel.vandyke.3344@mail.test,5553085071,1950-02-14,25 maple ave,3344,none
2768,laura,nguyen,laura nguyen,laura.nguyen.2573@mail.test,5558120568,1972-05-16,93 elm way,2573,near_collision
2769,susan,kowalski,susan kowalski,susan.kowalski.2526@mail.test,5558152644,1971-06-23,95 birch rd,2526,none
2770,s.,jones,s. jones,susan.jones.59@mail.test,5557849627,1990-09-08,165 pine ct,59,abbrev
2771,jennifer,smith,jennifer smith,jennifer.kowalski.1567@mail.test,5557770666,1997-11-05,193 oak st,1567,household_nonmatch
2772,william,kowalski,william kowalski,william.kowalski.30@mail.test,5557671626,1993-11-15,139 cedar ln,30,near_collision
2773,william,van dyke,william van dyke,william.mueller.863@mail.test,5558918335,1980-11-16,192 oak st,863,household_nonmatch
2774, Thomas ,patel, Thomas  patel,THOMAS.PATEL.874@MAIL.TEST,5559820707,1978-06-13,38 elm way,874,case_noise
2775,jose,silva,jose silva,jose.silva.2486@mail.test,5553864353,1989-04-19,122 birch rd,2486,near_collision
2776,susan,kowalski,susan kowalski,susan.kowalski.410@mail.test,5559974248,1961-07-26,147 cedar ln,410,none
2777,hans,kowalski,hans kowalski,hans.kowalski.3516@mail.test,5552150402,1966-04-11,35 elm way,3516,near_collision
2778, Thomas ,brown, Thomas  brown,THOMAS.BROWN.179@MAIL.TEST,5552391288,1956-04-24,57 maple ave,179,case_noise
2779,patricia,kim,patricia kim,patricia.garcia.2566@mail.test,5559519642,1985-12-03,66 pine ct,2566,household_nonmatch
2780,ann,van dyke,ann van dyke,ann.jones.2694@mail.test,5553553361,1982-01-11,121 maple ave,2694,household_nonmatch
2781,thomas,brown,thomas brown,thomas.brown.3474@mail.test,5551167778,1978-04-03,26 maple ave,3474,near_collision
2782,hans,kim,hans kim,hnas.kim.272@mail.test,5557461661,1972-03-14,50 cedar ln,272,typo
2783,robert,garcia,robert garcia,robert.garcia.3448@mail.test,5554186746,1993-11-17,162 maple ave,3448,near_collision
2784,thomas,jones,thomas jones,thomas.jones.2491@mail.test,5554143037,1987-08-13,76 cedar ln,2491,none
2785,margaret,johnson,margaret johnson,margaret.johnson.2191@mail.test,5557163971,1996-02-18,87 pine ct,2191,none
2786, Laura ,murphy, Laura  murphy,LAURA.MURPHY.1060@MAIL.TEST,5554526591,1974-07-17,2 birch rd,1060,case_noise
2787,elizabeth,brown,elizabeth brown,elizabeth.brown.1633@mail.test,5556308380,1990-03-14,17 elm way,1633,none
2788,laura,patel,"patel, laura",laura.patel.1822@mail.test,5559137520,1980-06-03,152 cedar ln,1822,reorder
2789,katherine,brown,katherine brown,katherine.brown.2090@mail.test,5559976606,1967-07-12,99 birch rd,2090,none
2790,jennifer,johnson,jennifer johnson,jennifer.johnson.2777@mail.test,5558249086,1985-11-27,146 cedar ln,2777,none
2791,jennifer,van dyke,jennifer van dyke,jennifer.vandyke.2700@mail.test,5557011416,1951-11-19,186 elm way,2700,none
2792,william,jones,william jones,william.jones.1917@mail.test,5554740193,1998-09-11,114 birch rd,1917,near_collision
2793,katherine,patel,katherine patel,katherine.patel.2093@mail.test,5556027492,1986-06-16,51 maple ave,2093,none
2794,robert,garcia,robert garcia,robert.garcia.2322@mail.test,5552299461,1967-07-26,190 elm way,2322,near_collision
2795,laura,obrein,laura obrein,laura.obrien.1704@mail.test,5558773486,1978-08-04,90 maple ave,1704,typo
2796,laura,garcia,laura garcia,laura.garcia.2455@mail.test,5558768445,1966-03-04,69 oak st,2455,none
2797,thomas,mueller,thomas mueller,thomas.mueller.420@mail.test,5556782979,1979-01-06,123 birch rd,420,none
2798,robert,pjtel,"pjtel, robert",robert.patel.142@mail.test,5557286357,1998-03-09,3 birch rd,142,reorder
2799,hans,brown,hans brown,hans.smith.2468@mail.test,5558078369,1977-05-09,149 maple ave,2468,household_nonmatch
2800,michael,murphy,michael murphy,michael.murphy.1419@mail.test,5559091099,1994-05-13,5 elm way,1419,near_collision
2801, Jose ,garcia, Jose  garcia,,,1979-10-13,135 oak st,232,missing
2802,thomas,obrien,thomas obrien,thomas.obrien.14@mail.test,5555020630,,95 maple ave,14,missing
2803,greta,murphy,greta murphy,greta.murphy.1188@mail.test,5559851684,1961-07-24,39 oak st,1188,none
2804,ann,obrien,ann obrien,ann.obrien.921@mail.test,5555334277,1953-05-03,85 birch rd,921,near_collision
2805, Patricia ,silva, Patricia  silva,PATRICIA.SILVA.339@MAIL.TEST,5556686531,1989-05-05,102 maple ave,339,case_noise
2806,ann,garcia,ann garcia,ann.garcia.556@mail.test,5556761194,1950-05-11,173 elm way,556,none
2807,hans,johnson,hans johnson,hans.johnson.2727@mail.test,5554884046,1997-06-09,86 pine ct,2727,none
2808,michael,obrien,michael obrien,michael.obrien.1902@mail.test,5555604646,1990-01-05,132 pine ct,1902,none
2809,elizabeth,murphy,elizabeth murphy,elizabeth.murphy.960@mail.test,5552385527,1974-07-08,143 pine ct,960,none
2810,thomas,patel,thomas patel,thomas.patel.471@mail.test,5554259328,1953-12-10,106 maple ave,471,none
2811,thomas,silva,thomas silva,thomas.mueller.3107@mail.test,5553036508,1951-01-14,101 birch rd,3107,household_nonmatch
2812,michael,brown,michael brown,michael.brown.33@mail.test,5558304285,1971-08-06,108 elm way,33,none
2813,daniel,smith,daniel smith,daniel.smith.1@mial.test,5552182966,1989-02-13,100 cedar ln,1,typo
2814,hans,obrien,hans obrien,hans.obrien.349@mail.test,5559356660,1967-04-24,27 elm way,349,none
2815,david,murphy,david murphy,david.murphy.3368@mail.test,5557618524,1997-07-12,67 pine ct,3368,none
2816,susan,brown,susan brown,susan.brown.342@mail.test,5555531212,1986-05-10,63 cedar ln,342,none
2817,thomas,kowalski,thomas kowalski,thomas.kowalski.307@mail.test,5555206044,1978-10-08,59 cedar ln,307,none
2818,jose,brown,jose brown,,,1963-05-24,194 elm way,1682,missing
2819,william,brown,william brown,william.johnson.2641@mail.test,5553629291,1991-12-22,153 cedar ln,2641,household_nonmatch
2820,ann,silva,ann silva,ann.silva.2557@mail.test,5553994301,1979-01-08,168 elm way,2557,none
2821,jose,garcia,jose garcia,jose.garcia.482@mail.test,5559632932,1980-03-09,88 birch rd,482,none
2822,laura,mueller,laura mueller,laura.mueller.2155@mail.test,5558324170,1986-03-25,30 pine ct,2155,near_collision
2823,robert,patel,robert patel,robert.patel.3282@mail.test,5552886292,1959-07-27,198 oak st,3282,near_collision
2824,laura,obrien,laura obrien,laura.obrien.3293@mail.test,5559725369,1995-03-25,107 pine ct,3293,none
2825,michael,jones,michael jones,michael.jones.336@mail.test,5554206540,1978-04-15,48 elm way,336,none
2826,elizabeth,jones,elizabeth jones,elizabeth.jones.2205@mail.test,5555707573,1976-01-24,65 cedar ln,2205,near_collision
2827,c.,van dyke,c. van dyke,,,,74 cedar ln,44,missing
2828,susan,garcia,susan garcia,susan.garcia.750@mail.test,5554795574,1953-01-25,158 maple ave,750,near_collision
2829,james,kowalski,james kowalski,james.smith.512@mail.test,5558842053,1964-10-09,102 elm way,512,household_nonmatch
2830,d.,jones,d. jones,daniel.jones.724@mail.test,5551493493,1968-06-14,23 cedar ln,724,abbrev
2831,greta,johnson,greta johnson,greta.johnson.3632@mail.test,5556118972,1965-05-24,87 pine ct,3632,near_collision
2832,daniel,van dyke,daniel van dyke,daniel.vandyke.2367@mail.test,5552722211,1952-06-17,194 birch rd,2367,none
2833,michael,nguyen,michael nguyen,michael.nguyen.47@mail.test,5558866618,1987-08-21,40 maple ave,47,near_collision
2834,charles,jones,charles jones,charles.garcia.2705@mail.test,5559993683,1955-03-03,143 maple ave,2705,household_nonmatch
2835,sofia,murphy,sofia murphy,sofia.mueller.2096@mail.test,5552432884,1986-04-15,182 pine ct,2096,household_nonmatch
2836,susan,van dyke,susan van dyke,susan.vandyke.1798@mail.test,5554130566,1992-02-16,139 elm way,1798,none
2837,susan,smith,susan smith,susan.smith.1037@mail.test,5554617998,1967-11-19,5 cedar ln,1037,none
2838,william,garcia,william garcia,william.garcia.2512@mail.test,5555156607,1962-10-02,194 pine ct,2512,none
2839,william,obrien,william obrien,william.johnson.2485@mail.test,5555020630,1952-09-09,95 maple ave,2485,household_nonmatch
2840,jose,brown,jose brown,jose.brown.2977@mail.test,5556640412,1971-11-10,113 elm way,2977,near_collision
2841,daniel,brwn,daniel brwn,daniel.brown.1411@mail.test,5555819000,1959-01-27,16 cedar ln,1411,typo
2842, .,garcia, . garcia,JOSE.GARCIA.232@MAIL.TEST,5559910405,1979-10-13,135 oak st,232,typo
2843,michael,brown,michael brown,michael.brown.719@mail.test,5558954353,1987-04-10,172 oak st,719,none
2844,michael,brown,michael brown,michael.brown.1715@mail.test,5554540854,1954-11-07,195 pine ct,1715,none
2845,ann,jones,ann jones,ann.jones.3463@mail.test,5557324716,1972-02-20,59 maple ave,3463,none
2846,thomas,patel,thomas patel,thomas.patel.3204@mail.test,5557882530,1990-02-16,74 maple ave,3204,none
2847,margaret,smith,margaret smith,margaret.smith.2972@mail.test,5557806104,1994-01-23,195 pine ct,2972,none
2848,susan,mueller,susan mueller,susan.mueller.1290@mail.test,5556464481,1962-12-02,142 elm way,1290,none
2849,michael,brown,michael brown,michael.brown.33m@ail.test,,,108 elm way,33,missing
2850,david,jones,david jones,david.jones.2300@mail.test,5558737832,1987-07-05,127 pine ct,2300,none
2851,jose,garcia,jose garcia,jose.garcia.2447@mail.test,5556395211,1991-09-08,73 birch rd,2447,none
2852, Michael ,nguyen,"nguyen,  Michael ",MICHAEL.NGUYEN.47@MAIL.TEST,,,40 maple ave,47,reorder
2853,sofia,obrien,sofia obrien,sofia.obrien.3432@mail.test,5551705414,1951-05-05,95 elm way,3432,none
2854,thomas,kowalski,thomas kowalski,thomas.kowalski.2459@mail.test,5553433110,1965-03-04,76 oak st,2459,none
2855,jose,mueller,jose mueller,jose.mueller.624@mail.test,5556934785,1974-09-26,19 maple ave,624,none
2856,margaret,johnson,margaret johnson,margaret.johnson.2711@mail.test,5554155733,1954-04-24,82 maple ave,2711,none
2857,william,van dyke,william van dyke,william.vandyke.2674@mail.test,5559176427,1975-06-14,112 pine ct,2674,none
2858,robert,silva,robert silva,robert.silva.3301@mail.test,5558258540,1987-07-21,47 oak st,3301,near_collision
2859,jennifer,patel,jennifer patel,jennifer.patel.2165@mail.test,5552272323,1960-04-01,67 elm way,2165,none
2860,laura,kowalski,laura kowalski,laura.kowalski.1651@mail.test,5559682921,1976-01-15,23 birch rd,1651,none
2861,david,murphy,david murphy,david.murphy.3200@mail.test,5553413822,1982-02-02,16 oak st,3200,none
2862,william,brown,william brown,william.silva.2179@mail.test,5553156342,1974-07-24,110 cedar ln,2179,household_nonmatch
2863,elizabeth,mueller,elizabeth mueller,elizabeth.mueller.2316@mail.test,5555557412,1994-04-21,157 oak st,2316,none
2864,daniel,murphy,daniel murphy,daniel.murphy1.1@mail.test,5552309139,1977-03-21,114 maple ave,11,typo
2865,charles,garcia,charles garcia,charles.murphy.3508@mail.test,5552053144,1995-07-01,182 oak st,3508,household_nonmatch
2866,patricia,van dyke,patricia van dyke,patricia.vandyke.1387@mail.test,5555183841,1954-07-10,197 oak st,1387,none
2867,william,smith,william smith,william.nguyen.2854@mail.test,5553767311,1967-11-16,186 birch rd,2854,household_nonmatch
2868,laura,nguyen,laura nguyen,laura.nguyen.3346@mail.test,5557103525,1966-08-25,20 cedar ln,3346,none
2869,wiliam,jones,wiliam jones,william.jones.1618@mail.test,5557193309,1954-09-19,163 elm way,1618,typo
2870,greta,garcia,greta garcia,greta.garcia.3528@mail.test,5559256459,1968-08-10,192 pine ct,3528,none
2871,greta,van dyke,greta van dyke,greta.vandyke.1522@mail.test,5554950048,1983-04-01,40 cedar ln,1522,none
2872,hans,kowalski,hans kowalski,hans.vandyke.2478@mail.test,5555402033,1960-11-01,126 birch rd,2478,household_nonmatch
2873,greta,kowalski,greta kowalski,greta.kowalski.3560@mail.test,5559454454,1997-11-07,34 oak st,3560,none
2874,tom,johnson,tom johnson,thomas.johnson.1086@mail.test,5554456610,1980-12-08,115 cedar ln,1086,abbrev
2875,katherine,garcia,katherine garcia,katherine.garcia.2970@mail.test,5554636487,1952-04-12,58 oak st,2970,near_collision
2876,greta,brown,greta brown,greta.brown.1079@mail.test,5555781314,1991-09-13,78 cedar ln,1079,none
2877,james,johnson,james johnson,james.johnson.3248@mail.test,5555293232,1998-12-09,17 maple ave,3248,none
2878,patricia,kim,patricia kim,patricia.kim.276@mail.test,5556306061,1955-04-08,132 pine ct,276,near_collision
2879,daniel,obrien,daniel obrien,daniel.obrien.3353@mail.test,5556549849,1953-03-21,131 birch rd,3353,none
2880,margaret,garcia,margaret garcia,margaret.garcia.3220@mail.test,5557789523,1995-08-22,86 pine ct,3220,none
2881,robert,johnson,robert johnson,robert.johnson.2894@mail.test,5556501865,1966-02-19,93 pine ct,2894,none
2882,robert,nguyen,robert nguyen,robert.nguyen.3541@mail.test,5557236252,1962-05-03,29 birch rd,3541,none
2883,william,silva,william silva,william.mueller.3173@mail.test,5557774867,1991-03-03,157 pine ct,3173,household_nonmatch
2884,grena,silva,grena silva,greta.silva.358@mail.test,5553962792,1996-04-18,88 maple ave,358,typo
2885,s.,mueller,s. mueller,sofia.mueller.70@mail.test,5554042292,1957-10-22,101 oak st,70,abbrev
2886,robert,murphy,robert murphy,robert.murphy.22@mail.test,5559554935,1975-11-25,32 elm way,22,near_collision
2887,elizabeth,obrien,elizabeth obrien,elizabeth.obrien.335@mail.test,5554436914,1955-07-23,177 oak st,335,none
2888,laura,obrien,laura obrien,laura.obrien.2555@mail.test,5557833891,1992-08-20,82 maple ave,2555,none
2889,an,silva,an silva,ann.kim.600@mail.test,5553959722,1966-07-14,187 pine ct,600,typo
2890,william,patel,"patel, william",william.patel.1235@mail.test,5552470308,1980-07-10,112 cedar ln,1235,reorder
2891,robert,patel,robert patel,robert.patel.940@mail.test,5551273216,1998-07-26,187 birch rd,940,none
2892,patricia,smith,patricia smith,patricia.smith.2631@mail.test,5558577269,1993-10-15,3 maple ave,2631,none
2893,jose,garcia,jose garcia,jose.garcia.1993@mail.test,5553650868,,135 elm way,1993,missing
2894,katherine,nguyen,katherine nguyen,katherine.nguyen.3106@mail.test,5554590437,1968-02-26,174 maple ave,3106,near_collision
2895,margaret,obrien,margaret obrien,margaret.obrien.2842@mail.test,5557093748,1987-01-27,57 pine ct,2842,near_collision
2896,thomsa,kim,thomsa kim,thomas.kim.65@mail.tset,5551494913,1985-07-15,95 birch rd,65,typo
2897,thomas,silva,thomas silva,thomas.silva.3213@mail.test,5557388638,1987-12-13,85 elm way,3213,none
2898,sofia,brown,sofia brown,sofia.brown.2125@mail.test,5559656216,1977-08-05,173 cedar ln,2125,near_collision
2899,david,mueller,david mueller,david.mueller.1351@mail.test,5554131817,1991-06-26,178 pine ct,1351,none
2900,william,silva,william silva,william.silva.2249@mail.test,5558587646,1962-05-01,146 cedar ln,2249,none
2901,william,obrien,william obrien,william.obrien.435@mail.test,5552127411,1991-12-03,63 cedar ln,435,none
2902,katherine,garcia,katherine garcia,katherine.garcia.340@mail.test,5554110635,1989-04-26,97 maple ave,340,none
2903,c.,murphy,c. murphy,charles.murphy.1414@mail.test,5555454931,1990-06-25,52 cedar ln,1414,abbrev
2904,robert,kim,robert kim,robert.kim.1894@mail.test,,,129 pine ct,1894,missing
2905,hans,garcia,hans garcia,hans.garcia.2723@mail.test,5552658775,1980-07-06,99 maple ave,2723,none
2906,susan,kowalski,susan kowalski,susan.kowalski.1749@mail.test,5557147385,1988-03-05,81 pine ct,1749,none
2907,margaret,nguyen,margaret nguyen,margaret.nguyen.1658@mail.test,5556438993,1998-06-10,173 elm way,1658,near_collision
2908,hans,johnson,hans johnson,hans.johnson.1133@mail.test,5552963082,1963-08-07,190 oak st,1133,none
2909,tom,obrien,tom obrien,thomas.obrien.14@mail.test,,,95 maple ave,14,abbrev
2910,hans,mueller,hans mueller,hans.mueller.2721@mail.test,5551725148,1984-07-15,189 elm way,2721,none
2911,susan,patel,susan patel,susan.silva.2813@mail.test,5558056241,1955-09-18,30 oak st,2813,household_nonmatch
2912,kate,obrien,kate obrien,katherine.obrien.110@mail.test,5558467005,1990-09-25,30 oak st,110,abbrev
2913,greta,patel,greta patel,greta.patel.1760@mail.test,5556346901,1971-04-18,139 elm way,1760,near_collision
2914, William ,jones, William  jones,WILLIAM.JONES.1228@MAIL.TEST,5551351228,1971-06-11,44 birch rd,1228,case_noise
2915,ann,jones,ann jones,ann.jones.2760@mail.test,5554902173,1996-07-11,3 pine ct,2760,none
2916,susan,brøwn,susan brøwn,susan.smith.1508@mail.test,5554821363,1959-04-25,3 maple ave,1508,household_nonmatch
2917,thomas,mueller,thomas mueller,thomas.mueller.325@mail.test,5559540951,1969-08-22,76 maple ave,325,none
2918,jose,smith,jose smith,jose.smith.3108@mail.test,5553528145,1974-11-12,54 maple ave,3108,none
2919,william,silva,william silva,william.silva.905@mail.test,5553036508,1967-10-21,101 birch rd,905,translit
2920, Robert ,patel, Robert  patel,ROBERT.PATEL.318@MAIL.TEST,5554623838,1991-06-04,47 maple ave,318,case_noise
2921,william,jones,william jones,william.jones.738@mail.test,5551910384,1991-02-22,107 cedar ln,738,near_collision
2922,susan,mueller,susan mueller,susan.mueller.2071@mail.test,5552416375,1964-05-18,92 elm way,2071,near_collision
2923,william,jones,"jones, william",william.jones.4@mail.test,5555627058,1963-06-11,126 birch rd,4,reorder
2924,susan,smith,susan smith,susan.smith.2846@mail.test,5557225258,1995-06-02,102 elm way,2846,none
2925,greta,johnson,greta johnson,greta.obrien.2307@mail.test,5559736162,1970-05-18,184 maple ave,2307,household_nonmatch
2926, Hans ,garcia, Hans  garcia,HANS.GARCIA.239@MAIL.TEST,5552716282,1993-01-01,68 pine ct,239,case_noise
2927,margaret,murphy,margaret murphy,margaret.murphy.3414@mail.test,5557251478,1956-07-02,114 maple ave,3414,none
2928,thomas,van dyke,thomas van dyke,thomas.vandyke.2595@mail.test,5559797451,1996-08-27,30 pine ct,2595,near_collision
2929,hans,mueller,hans mueller,hans.mueller.1542@mail.test,5555573290,1964-03-26,44 elm way,1542,near_collision
2930,margaret,murphy,margaret murphy,margaret.murphy.3341@mail.test,5555605430,1980-01-06,197 cedar ln,3341,none
2931,margaret,van dyke,margaret van dyke,margaret.vandyke.2006@mail.test,5555849361,1993-07-18,191 birch rd,2006,none
2932,katherine,kim,katherine kim,katherine.kim.3086@mail.test,5552230776,1989-11-22,7 birch rd,3086,near_collision
2933,patricia,obrien,patricia obrien,patricia.obrien.3519@mail.test,5557942146,1995-07-26,59 oak st,3519,none
2934,michael,murphy,michael murphy,michael.murphy.2506@mail.test,5557322905,1993-05-06,52 oak st,2506,none
2935,ann,silva,ann silva,ann.silva.201@mail.test,5551981953,1981-05-24,51 cedar ln,201,near_collision
2936,david,silva,david silva,david.silva.2863@mail.test,5557220837,1984-06-06,26 oak st,2863,none
2937,hans,patel,hans patel,hans.nguyen.1674@mail.test,5557926158,1957-05-17,83 maple ave,1674,household_nonmatch
2938,daniel,kim,daniel kim,daniel.kim.2714@mail.test,5559861959,1957-11-10,97 cedar ln,2714,near_collision
2939, Jose ,garcia, Jose  garcia,JOSE.GARCIA.232@MAIL.TEST,5559910405,1979-10-13,135 oak st,232,case_noise
2940,laura,mueller,laura mueller,laura.mueller.3389@mail.test,5559641555,1984-11-10,124 maple ave,3389,near_collision
2941,chuck,mueller,chuck mueller,charles.mueller.220@mail.test,5557276902,1979-10-15,149 birch rd,220,abbrev
2942,katherine,murphy,katherine murphy,katherine.garcia.1487@mail.test,5559191228,1989-01-20,143 cedar ln,1487,household_nonmatch
2943,david,jøhnsøn,david jøhnsøn,david.johnson.94@mail.test,5555644463,1955-11-14,63 cedar ln,94,translit
2944,william,silva,william silva,william.silva.2774@mail.test,5553588995,1992-06-26,129 birch rd,2774,none
2945,elizabeth,jones,elizabeth jones,elizaebth.jones.2206@mail.test,5552466904,1978-08-25,96 birch rd,2206,typo
2946,jose,smith,jose smith,jose.smith.1068@mail.test,5556975383,1998-10-09,185 cedar ln,1068,none
2947,david,van dyke,david van dyke,david.vandyke.3058@mail.test,5558135588,1982-03-18,21 pine ct,3058,none
2948,jose,silva,jose silva,jose.silva.3490@mail.test,5557997535,1962-08-10,124 elm way,3490,none
2949,katherine,murphy,katherine murphy,katherine.murphy.3370@mail.test,5552488146,1992-05-04,50 birch rd,3370,near_collision
2950,david,murphy,david murphy,david.murphy.3491@mail.test,5556172187,1957-02-25,168 pine ct,3491,none
2951,jennifer,obrien,jennifer obrien,jennifer.obrien.252@mail.test,5551915221,1992-09-21,104 maple ave,252,none
2952,ann,silva,ann silva,ann.silva.111@mail.test,5554182506,1978-12-21,29 pine ct,111,near_collision
2953,patricia,km,patricia km,patricia.kim.791@mail.test,5552922967,1962-05-21,51 birch rd,791,typo
2954,jennifer,silva,jennifer silva,jennifer.silva.488@mail.test,5555234790,1979-06-24,89 maple ave,488,none
2955,william,murphy,william murphy,william.murphy.1660@mail.test,5556595790,1988-05-03,81 birch rd,1660,none
2956,patricia,brown,patricia brown,patricia.kowalski.968@mail.test,5553896657,1990-05-05,164 elm way,968,household_nonmatch
2957,sofia,brown,sofia brown,sofia.brown.2124@mail.test,5556431540,1995-07-01,168 cedar ln,2124,near_collision
2958,michael,brown,michael brown,michael.brown.2817@mail.test,5556686652,1998-11-27,36 oak st,2817,none
2959,robert,kim,robert kim,robert.kim.1894@mail.test,5553938265,1956-02-11,129 pine ct,1894,none
2960,patricia,kim,patricia kim,patricia.kim.1597@mail.test,5554371963,1994-02-04,151 pine ct,1597,none
2961,daniel,brown,daniel brown,daniel.brown.277@mail.test,5551819237,1994-11-21,119 maple ave,277,near_collision
2962, Danel ,smith, Danel  smith,DANIEL.SMITH.1@MIAL.TEST,5552182966,1989-02-13,100 cedar ln,1,translit
2963,sofia,smith,sofia smith,sofia.smith.1604@mail.test,5552512406,1953-02-06,181 maple ave,1604,none
2964, Charles ,kim, Charles  kim,CHARLES.VANDYKE.190@MAIL.TEST,5557971350,1994-04-06,8 cedar ln,190,translit
2965,robert,van dyke,robert van dyke,robert.vandyke.337@mail.test,5551019510,1973-11-18,4 birch rd,337,none
2966,ann,murphy,ann murphy,ann.murphy.819@mail.test,5558502943,1971-01-05,14 cedar ln,819,none
2967,kate,jones,kate jones,katherine.jones.52@mail.test,5559229848,1986-03-23,38 birch rd,52,abbrev
2968,william,mueller,william mueller,william.mueller.518@mail.test,5556568727,1982-11-02,84 birch rd,518,typo
2969,katherine,brown,katherine brown,katherine.brown.1171@mail.test,5558809907,1977-09-12,39 oak st,1171,near_collision
2970,william,kowlaski,william kowlaski,william.kowalski.2152@mail.test,5557073418,1972-10-21,136 pine ct,2152,typo
2971,margaret,garcia,margaret garcia,margaret.garcia.2806@mail.test,5554040148,1952-11-08,116 oak st,2806,none
2972,robert,kowalski,robert kowalski,robert.kowalski.1677@mail.test,5551904798,1988-05-18,81 maple ave,1677,none
2973,michael,kowalski,michael kowalski,michael.kowalski.3210@mail.test,5558641438,1998-12-14,160 pine ct,3210,none
2974,katherine,kowalski,katherine kowalski,katherine.kowalski.2342@mail.test,5556687616,1959-12-14,161 pine ct,2342,none
2975,greta,van dyke,greta van dyke,greta.vandyke.1400@mail.test,5552951831,1966-09-19,182 cedar ln,1400,none
2976,daniel,kowalski,daniel kowalski,daniel.mueller.3503@mail.test,5557113194,1954-02-05,168 birch rd,3503,household_nonmatch
2977,david,van dyke,david van dyke,david.vandyke.3622@mail.test,5556032548,1986-10-15,173 elm way,3622,near_collision
2978,laura,patel,laura patel,laura.patel.2158@mail.test,5555955039,1996-01-06,152 maple ave,2158,none
2979,william,smith,william smith,william.smith.760@mail.test,5555038773,1956-08-15,186 pine ct,760,near_collision
2980,hans,garcia,hans garcia,hans.garcia.3217@mail.test,5551905304,1987-05-15,95 maple ave,3217,none
2981,sofia,johnson,sofia johnson,sofia.johnson.2983@mail.test,5551270874,1982-09-04,149 maple ave,2983,none
2982,thomas,van dyke,thomas van dyke,thomas.vandyke.1114@mail.test,5555184108,1996-07-19,153 maple ave,1114,none
2983,margaret,jones,margaret jones,margaret.brown.40@mail.test,5556599612,1979-02-16,158 cedar ln,40,household_nonmatch
2984,hans,kim,hans kim,hans.kim.622@mail.test,5559879527,1974-06-15,111 cedar ln,622,none
2985,margaret,obrien,margaret obrien,margaret.obrien.173@mail.test,5559137540,1987-01-18,78 elm way,173,none
2986, Hans ,brown, Hans  brown,HANS.BROWN.628@MAIL.TEST,5555650726,1991-12-18,63 oak st,628,case_noise
2987,ann,jones,ann jones,ann.jones.1214@mail.test,5559047629,1976-07-05,23 pine ct,1214,none
2988,katherine,van dyke,katherine van dyke,katherine.vandyke.594@mail.test,5559802635,1955-09-22,148 pine ct,594,none
2989,charles,smith,charles smith,,,1967-05-05,174 oak st,519,missing
2990,ann,brown,ann brown,ann.brown.24@mail.test,5553233114,1971-02-15,20 oak st,24,near_collision
2991,laura,kowalski,laura kowalski,laura.kowalski.525@mail.test,5557955711,1978-07-02,77 maple ave,525,none
2992,sofia,jones,sofia jones,sofia.jones.2919@mail.test,5552332220,1973-10-18,8 oak st,2919,near_collision
2993,thomas,van dyke,thomas van dyke,thomas.vandyke.2171@mail.test,5555582389,1970-08-12,45 birch rd,2171,none
2994,james,patel,james patel,james.patel.3505@mail.test,5556391993,1988-08-03,114 elm way,3505,none
2995,laura,mueller,laura mueller,laura.mueller.3390@mail.test,5555719749,1962-10-15,86 cedar ln,3390,near_collision
2996,michael,obrien,michael obrien,michael.obrien.2996@mail.test,5556301800,1990-09-09,56 maple ave,2996,none
2997, Patricia ,brown, Patricia  brown,PATRICIA.BROWN.1986@MAIL.TEST,5559395195,1960-04-26,186 pine ct,1986,case_noise
2998,hans,garcia,hans garcia,hans.garcia.2303@mail.test,5551303568,1962-10-10,4 pine ct,2303,none
2999,sofia,kowalski,sofia kowalski,sofia.nguyen.758@mail.test,5557955711,1974-12-12,77 maple ave,758,household_nonmatch
3000,katherine,johnson,katherine johnson,katherine.johnson.1685@mail.test,5551867785,1997-08-14,155 pine ct,1685,none
3001,jose,kowalski,jose kowalski,jose.kowalski.1466@mail.test,5557900212,1991-04-14,183 maple ave,1466,none
3002,katherine,brown,katherine brown,katherine.smith.1273@mail.test,5553205154,1997-03-25,2 elm way,1273,household_nonmatch
3003,  Margaret  ,johnson,  Margaret   johnson,MARGARET.JOHNSON.211@MAIL.TEST,5556935419,1956-04-25,63 elm way,211,case_noise
3004,greta,jones,greta jones,greta.jones.1805@mail.test,5559721567,1978-12-10,189 oak st,1805,none
3005,greta,nguyen,greta nguyen,greta.nguyen.1706@mail.test,5551308734,1984-02-27,119 elm way,1706,none
3006,patricia,obrien,patricia obrien,patricia.smith.2264@mail.test,5559610129,1996-12-17,98 maple ave,2264,household_nonmatch
3007,greta,jones,greta jones,greta.jones.3221@mail.test,5553117307,1981-12-25,5 maple ave,3221,none
3008,ann,mueller,ann mueller,ann.nguyen.2518@mail.test,5554423871,1971-01-13,149 pine ct,2518,household_nonmatch
3009,sofia,mueller,sofia mueller,,,1970-06-02,149 pine ct,69,missing
3010,lauga,kim,lauga kim,laura.kim.1767@mail.test,5559481003,1997-09-09,166 maple ave,1767,typo
3011,greta,johnson,greta johnson,greta.johnson.3270@mail.test,5559856513,1977-08-06,120 maple ave,3270,near_collision
3012,elizabeth,van dyke,elizabeth van dyke,elizabeth.vandyke.1191@mail.test,5554109657,1957-05-14,177 maple ave,1191,none
3013,sofia,patel,sofia patel,sofia.patel.1105@mail.test,5553692540,1982-03-18,14 maple ave,1105,none
3014,c.,van dyke,c. van dyke,charles.vandyke.44@mailt.est,,,74 cedar ln,44,typo
3015,katherine,smith,katherine smith,katherine.smith.3258@mail.test,5558927029,1951-11-13,141 cedar ln,3258,none
3016,m.,silva,m. silva,,5559139819,1984-09-27,93 cedar ln,633,missing
3017,greta,johnson,greta johnson,greta.johnson.865@mail.test,5553444612,1964-06-20,111 cedar ln,865,none
3018,margaret,murphy,margaret murphy,margaret.murphy.809@mail.test,5554820939,1989-06-09,47 pine ct,809,none
3019,michael,obrien,michael obrien,michael.obrien.235@mail.test,5553640666,1957-06-01,88 oak st,235,near_collision
3020,charles,brown,charles brown,charles.brown.789@mail.test,5553629291,1960-05-25,153 cedar ln,789,none
3021,david,van dyke,david van dyke,david.vandyke.3065@mail.test,5553025789,1974-05-12,148 cedar ln,3065,none
3022,susan,murpy,susan murpy,susan.murphy.427@mail.test,5554078713,1988-08-27,182 maple ave,427,typo
3023,sofia,jones,sofia jones,sofia.jones.3@mail.test,5556599612,1966-12-13,158 cedar ln,3,none
3024,susan,jones,susan jones,susan.jones.1905@mail.test,5553486274,1974-01-12,119 cedar ln,1905,none
3025,charles,obrien,charles obrien,charles.obrien.2233@mail.test,5555481193,1956-10-02,104 oak st,2233,none
3026,thomas,johnson,thomas johnson,thomas.johnson.1086@mail.test,5554456610,1980-12-08,115 cedar ln,1086,none
3027,laura,smith,laura smith,laura.smith.1782@mail.test,5551256603,1977-04-22,122 pine ct,1782,none
3028,charles,kim,charles kim,charles.kim.3374@mail.test,5558049551,1968-02-18,124 oak st,3374,near_collision
3029,robert,murphy,robert murphy,robert.murphy.400@mail.test,5553556429,1950-03-26,89 maple ave,400,none
3030,susan,garcia,susan garcia,susan.garcia.284@mail.test,5557315309,,139 elm way,284,missing
3031,hans,borwn,hans borwn,hans.brown.542@mail.test,,1971-01-19,39 pine ct,542,missing
3032,margaret,nguyen,margaret nguyen,margaret.nguyen.1875@mail.test,5558130422,1998-01-11,15 maple ave,1875,near_collision
3033,robert,kowalski,robert kowalski,robert.kowalski.1083@mail.test,5558348776,1965-10-17,125 pine ct,1083,near_collision
3034,greta,smith,greta smith,greta.obrien.3546@mail.test,5558762489,1990-12-08,117 birch rd,3546,household_nonmatch
3035,charles,garcia,charles garcia,charles.garcia.184@mail.test,5557610826,1954-02-20,15 maple ave,184,near_collision
3036,robert,kowalski,robert kowalski,robert.kowalski.1071@mail.test,5557713617,1954-05-02,195 cedar ln,1071,none
3037,ann,kim,ann kim,ann.kim.893@mail.test,5553158459,1989-05-24,50 birch rd,893,none
3038,laura,obrien,laura obrien,laura.obrien.834@mail.test,5551589892,1977-04-02,72 elm way,834,none
3039,william,murphy,william murphy,william.murphy.1016@mail.test,5556534967,1998-08-10,114 pine ct,1016,none
3040,sofia,silva,sofia silva,sofia.silva.2301@mail.test,5552781621,1974-11-09,3 elm way,2301,none
3041,katherine,johnson,katherine johnson,,5557100862,1954-01-13,34 oak st,32,missing
3042,ann,kim,ann kim,ann.kim.3441@mail.test,5556268421,1963-06-02,29 birch rd,3441,none
3043,robert,jones,robert jones,robert.jones.773@mail.test,5558726870,1985-06-19,55 cedar ln,773,none
3044, James ,murphy, James  murphy,JAMES.MURPHY.313@MAIL.TEST,5555581396,1981-03-25,79 pine ct,313,case_noise
3045,bill,garcia,"garcia, bill",,5552773094,1983-02-02,15 elm way,626,reorder
3046,david,patel,david patel,david.patel.2768@mail.test,5557564771,1955-03-10,96 pine ct,2768,none
3047,daniel,murphy,daniel murphy,daniel.murphy.1884@mail.test,5553857783,1991-11-12,19 oak st,1884,none
3048,g.,garcia,g. garcia,greta.brown.162@mail.test,5558728552,1994-12-03,133 birch rd,162,abbrev
3049,daniel,kim,daniel kim,daniel.kim.1317@mail.test,5555529586,1963-04-13,88 birch rd,1317,none
3050,katherine,obrien,katherine obrien,katherine.obrien.338@mail.test,5554998059,1991-02-26,150 cedar ln,338,none
3051,david,brown,"brown, david",david.brown.141@mail.test,5557568470,1992-07-04,125 pine ct,141,reorder
3052,laura,jones,laura jones,laura.jones.3596@mail.test,5557869706,1993-01-13,100 elm way,3596,none
3053,sofia,nguyen,sofia nguyen,sofia.nguyen.1087@mail.test,5554083345,1986-10-16,18 birch rd,1087,none
3054,jose,patel,jose patel,jose.patel.3052@mail.test,5555735205,1982-04-01,66 birch rd,3052,none
3055,william,murphy,william murphy,william.muphy.127@mail.test,5558115053,1952-10-15,96 pine ct,127,typo
3056,m.,patel,m. patel,michael.patel.670@mail.test,5551082743,1960-12-08,46 oak st,670,abbrev
3057,margaret,murphy,margaret murphy,margaret.murphy.445@mail.test,5557457069,1954-04-21,23 elm way,445,none
3058,david,kowalski,david kowalski,david.kowalski.2999@mail.test,5556566496,1985-07-06,149 maple ave,2999,none
3059,patricia,brown,patricia brown,patricia.nguyen.1052@mail.test,5558502858,1995-09-18,116 cedar ln,1052,household_nonmatch
3060,katherine,kowalski,katherine kowalski,katherine.kowalski.2802@mail.test,5551328269,1988-09-23,62 pine ct,2802,near_collision
3061,daniel,kowalski,"kowalski, daniel",daniel.kowalski.1985@mail.test,5556736326,1990-07-23,75 oak st,1985,reorder
3062,jim,jones,jim jones,james.kowalski.351@mail.test,5556599612,1973-08-17,158 cedar ln,351,abbrev
3063,margaret,johnson,margaret johnson,margaret.nguyen.2746@mail.test,5557306613,1960-05-06,14 birch rd,2746,household_nonmatch
3064,jose,smith,jose smith,jose.smith.1241@mail.test,5551912920,1990-07-13,103 birch rd,1241,near_collision
3065,ann,mueller,ann mueller,ann.mueller.2378@mail.test,5551978219,1988-06-01,159 cedar ln,2378,none
3066,michael,van dyke,michael van dyke,michael.vandyke.1803@mail.test,5554549019,1958-01-12,77 birch rd,1803,none
3067,michael,garcia,michael garcia,michael.garcia.1470@mail.test,5553257912,1982-02-10,152 elm way,1470,near_collision
3068,greta,murphy,greta murphy,greta.murphy.2537@mail.test,5554001853,1990-01-12,83 elm way,2537,none
3069,william,johnson,william johnson,william.brown.15@mail.test,5552184542,1955-08-20,132 elm way,15,household_nonmatch
3070,patricia,garcia,patricia garcia,patricia.garcia.3289@mail.test,5558409748,1984-04-09,198 elm way,3289,none
3071, Jose ,mueller, Jose  mueller,JOSE.MUELLER.1756@MAIL.TEST,5557491290,1991-12-02,51 birch rd,1756,case_noise
3072,greta,jønes,greta jønes,greta.mueller.782@mail.test,5555627058,1982-01-25,126 birch rd,782,household_nonmatch
3073,greta,patel,greta patel,greta.patel.1759@mail.test,5557407648,1976-10-22,26 pine ct,1759,near_collision
3074,patricia,nguyen,patricia nguyen,patricia.nguyen.2449@mail.test,5551880153,1958-09-01,40 maple ave,2449,none
3075,jennifer,johnson,jennifer johnson,jennifer.johnson.2915@mail.test,5557728979,1953-03-09,161 oak st,2915,near_collision
3076,elizabeth,brown,elizabeth brown,elizabeth.brown.1739@mail.test,5552488293,1966-06-10,147 elm way,1739,none
3077,ann,van dyke,ann van dyke,ann.vandyke.2400@mail.test,5555493832,1988-02-14,152 elm way,2400,none
3078,thomas,simth,thomas simth,thomas.smith.1666@mail.test,5554771686,1962-06-05,93 pine ct,1666,typo
3079,hans,silva,hans silva,hans.silva.2490@mail.test,5555015714,1983-10-12,74 maple ave,2490,none
3080,j.,van dyke,j. van dyke,james.vandyke.1478@mail.test,5556610829,1992-09-25,23 birch rd,1478,abbrev
3081,ann,kowalski,ann kowalski,ann.kowalski.1645@mail.test,5553966744,1952-08-12,9 oak st,1645,none
3082,ann,patel,ann patel,ann.patel.759@mail.test,5554553022,1979-03-22,155 cedar ln,759,none
3083,michael,jones,michael jones,michael.jones.3651@mail.test,5559839702,1989-06-22,119 maple ave,3651,none
3084, James ,kowalski, James  kowalski,JAMES.KOWALSKI.1625@MAIL.TEST,5553886295,1962-07-05,150 elm way,1625,case_noise
3085,margaret,jøhnsn,margaret jøhnsn,margaret.johnson.292@mail.test,5551751758,1974-06-18,43 birch rd,292,translit
3086,charles,silva,charles silva,charles.silva.1432@mail.test,5555876498,1971-12-12,199 oak st,1432,none
3087,michael,jones,michael jones,michael.jones.2330@mail.test,5552729300,1958-07-21,69 birch rd,2330,none
3088,a.,kowalski,a. kowalski,ann.kowalski.168@mail.test,5556376943,1952-12-16,23 pine ct,168,typo
3089,ann,patel,ann patel,ann.patel.3180@mail.test,5559148929,1980-01-22,64 maple ave,3180,none
3090,elizabeth,mueller,elizabeth mueller,,,1956-10-04,139 oak st,1656,missing
3091,hans,garcia,hans garcia,hans.garcio.2650@mail.test,5557163640,1990-05-07,186 birch rd,2650,typo
3092,thomas,brown,"brown, thomas",thomas.brown.1859@mail.test,5559710976,1964-12-15,36 pine ct,1859,reorder
3093,greta,johnson,greta johnson,greta.johnson.3631@mail.test,5559988118,1988-10-01,112 cedar ln,3631,near_collision
3094,charles,obrien,charles obrien,charles.obrien.993@mail.test,5556533424,1982-08-17,39 elm way,993,none
3095,patricia,obrien,patricia obrien,patricia.obrien.1926@mail.test,5553707539,1995-01-01,81 elm way,1926,near_collision
3096,james,johnson,james johnson,james.johnson.2534@mail.test,5557781946,1995-08-14,196 maple ave,2534,none
3097,thomas,brown,thomas brown,thomas.brown.697@mail.test,5551405944,,77 cedar ln,697,missing
3098,jose,mueller,jose mueller,jose.mueller.3427@mail.test,5551589865,1997-03-18,9 oak st,3427,none
3099,jennifer,van dyke,jennifer van dyke,jennifer.vandyke.679@mail.test,5556378444,1967-07-20,28 maple ave,679,none
3100,daniel,van dyke,daniel van dyke,daniel.vandyke.872@mail.test,5555505100,1981-04-03,43 maple ave,872,none
3101,william,nguyen,william nguyen,william.nguyen.869@mail.test,5557009939,1970-01-20,13 pine ct,869,none
3102,michael,patel,michael patel,michael.patel.3119@mail.test,5551353637,1960-05-09,174 birch rd,3119,near_collision
3103,robert,nguyen,robert nguyen,robert.nguyen.3150@mail.test,5558022161,1995-08-05,27 birch rd,3150,none
3104, Jose ,brown, Jose  brown,JOSE.VANDYKE.41@MAIL.TEST,5558078369,1960-04-24,149 maple ave,41,case_noise
3105,laura,murphy,laura murphy,laura.murphy.375@mail.test,5557361583,1959-05-25,14 maple ave,375,none
3106,elizabeth,garcia,elizabeth garcia,elizabeth.garcia.691@mail.test,5551616762,1953-10-01,17 birch rd,691,near_collision
3107,margaret,garcia,margaret garcia,margaret.garcia.661@mail.test,5551406321,1965-07-04,56 birch rd,661,none
3108,michael,silva,michael silva,michael.mueller.633@mail.test,5559139819,1984-09-27,93 cedar ln,633,household_nonmatch
3109,laura,patel,laura patel,laura.patel.1477@mail.test,5557017431,1977-07-20,87 birch rd,1477,none
3110,margaret,kowalski,margaret kowalski,margaret.kowalski.1200@mail.test,5556227120,1964-01-08,126 oak st,1200,none
3111,jennifer,jones,jennifer jones,jennifer.jones.949@mail.test,5554238723,1986-05-04,34 cedar ln,949,none
3112,margaret,garcia,margaret garcia,margaret.garcia.1736@mail.test,5558809316,1970-05-25,152 elm way,1736,none
3113,daniel,kowalski,daniel kowalski,daniel.smith.2133@mail.test,5558875839,1983-12-02,27 oak st,2133,household_nonmatch
3114,robert,patel,robert patel,robert.patel.1576@mail.test,5552798831,1986-11-15,12 oak st,1576,none
3115,patricia,brown,patricia brown,patricia.brown.1310@mail.test,5558983861,1987-11-02,177 oak st,1310,near_collision
3116,jennifer,mueller,jennifer mueller,jennifer.mueller.1689@mail.test,5552721594,1980-12-12,77 cedar ln,1689,none
3117,thomas,johnson,thomas johnson,thomas.johnson.3048@mail.test,5557223626,1981-09-17,76 birch rd,3048,near_collision
3118,susan,van dyke,susan van dyke,susan.vandyke.2186@mail.test,5554164496,1957-03-13,191 cedar ln,2186,none
3119,thomas,garfia,thomas garfia,thomas.garcia.114@mail.test,5554847356,1986-11-11,43 birch rd,114,typo
3120,hans,van dyke,hans van dyke,hans.vandyke.506@mail.test,5553191793,1980-04-13,134 maple ave,506,near_collision
3121,michael,brown,"brown, michael",michael.brown.1151@mail.test,5555019678,1959-10-27,88 maple ave,1151,reorder
3122,robert,smith,robert smith,robert.smith.991@mail.test,5552408473,1966-11-07,144 birch rd,991,none
3123,ann,obrien,ann obrien,ann.obrien.2200@mail.test,5557837688,1985-11-13,188 elm way,2200,near_collision
3124,margaret,jones,margaret jones,margaret.jones.2736@mail.test,5554274669,1978-09-22,18 cedar ln,2736,near_collision
3125,greta,murphy,greta murphy,greta.murphy.2812@mail.test,5556136426,1950-05-24,135 maple ave,2812,near_collision
3126,robert,johnson,robert johnson,robert.johnson.447@mail.test,5551200771,1962-08-19,20 maple ave,447,none
3127,greta,johnson,greta johnson,greta.johnson.1819@mail.test,5555413226,1976-01-27,37 pine ct,1819,none
3128, Laura ,patel, Laura  patel,LAURA.PATEL.2387@MAIL.TEST,5554105670,1950-05-06,46 elm way,2387,case_noise
3129,laura,obrien,"obrien, laura",laura.obrien.1719@mail.test,5557150107,1982-04-12,123 cedar ln,1719,reorder
3130,michael,silva,michael silva,michael.silva.334@mail.test,5551909863,1974-09-27,45 birch rd,334,none
3131,ptricia,johnson,ptricia johnson,patricia.johnson.67@mail.test,5558263410,1957-06-23,111 birch rd,67,typo
3132,katherine,mueller,katherine mueller,katherine.mueller.581@mail.test,5558289883,1953-10-23,135 birch rd,581,none
3133,jennifer,jornson,jennifer jornson,jennifer.johnson.71@mail.test,5555025598,1986-09-25,157 pine ct,71,typo
3134,margaret,sith,margaret sith,margaret.smith.31@mail.test,5554910859,1950-04-07,34 oak st,31,typo
3135,charles,mueller,charles mueller,charles.mueller.1536@mail.test,5556809004,1997-02-13,136 cedar ln,1536,none
3136,katherine,smith,katherine smith,katherine.smith.1181@mail.tst,5552223828,1954-10-15,2 birch rd,1181,typo
3137,david,kowalski,david kowalski,david.kowalski.422@mail.test,5551295774,1958-04-16,95 elm way,422,none
3138,william,brown,william brown,william.brown.73@mail.test,5556252383,1968-06-04,135 maple ave,73,near_collision
3139,charles,brown,charles brown,charles.brown.1238@mail.test,5551160085,1951-01-03,72 maple ave,1238,none
3140,patricia,silva,patricia silva,paticia.silva.683@mail.test,5554026975,1985-06-11,141 pine ct,683,typo
3141,jennifer,kim,jennifer kim,jennifer.kim.1717@mail.test,,,189 maple ave,1717,missing
3142,michael,van dyke,michael van dyke,michael.vandyke.733@mail.test,5558918335,1974-04-24,192 oak st,733,none
3143,susan,van dyke,"van dyke, susan",susan.vandyke.1244@mail.test,5556824887,1988-05-06,43 pine ct,1244,reorder
3144,jennifer,silva,jennifer silva,jennifer.silva.2162@mail.test,5552025308,1983-01-04,139 pine ct,2162,none
3145,ann,kowalski,ann kowalski,ann.kowalski.2308@mail.test,5554114193,1956-09-19,184 elm way,2308,none
3146,charles,smith,charles smith,charles.smith.751@mail.test,5555017552,1969-03-17,198 elm way,751,none
3147, Thomas ,van dkye, Thomas  van dkye,THOMAh.VANDYKE.500@MAIL.TEST,5554173089,1959-11-26,53 oak st,500,typo
3148,patricia,johnson,patricia johnson,patricia.johnson.2433@mail.test,5556820220,1951-05-16,70 oak st,2433,none
3149,jose,brown,jose brown,jose.vandyke.41@mail.test,5558078369,,149 maple ave,41,missing
3150,g.,murphy,g. murphy,greta.murphy.540@mail.test,5556000281,1978-11-06,47 oak st,540,abbrev
3151,tom,smith,tom smith,,5551594494,,198 maple ave,1932,abbrev
3152,charles,nguyen,charles nguyen,charles.mueller.1724@mail.test,5558575318,1972-02-26,172 pine ct,1724,household_nonmatch
3153,robert,jones,robert jones,robert.jones.3309@mail.test,5556872079,1987-07-15,159 birch rd,3309,none
3154,charles,garcia,charles garcia,charles.garcia.2064@mail.test,5557595687,1990-02-23,52 pine ct,2064,none
3155,s.,garca,s. garca,sofia.brown.975@mail.test,5556508562,1975-04-11,138 elm way,975,abbrev
3156,william,mueller,william mueller,william.mueller.2677@mail.test,5557576971,1968-04-21,16 maple ave,2677,near_collision
3157,robert,van dyke,robert van dyke,robert.vandyke.1518@mail.test,5556681440,1995-12-12,70 pine ct,1518,near_collision
3158,patricia,nguyen,patricia nguyen,patricia.nguyen.637@mail.test,5559500331,1985-08-03,188 pine ct,637,none
3159,thomas,johnson,thomas johnson,thomas.johnson.2780@mail.test,5556123689,1986-09-08,192 oak st,2780,none
3160,laura,johnson,laura johnson,laura.johnson.2204@mail.test,5555904543,1974-01-22,88 oak st,2204,none
3161,margaret,obrien,margaret obrien,margaret.smith.3579@mail.test,5555741143,1971-11-27,93 pine ct,3579,household_nonmatch
3162,susan,brown,susan brown,susan.brown.2375@mail.test,5552537305,1992-10-15,154 pine ct,2375,none
3163,william,kowalski,william kowalski,william.kowalski.3125@mail.test,5559753605,1954-03-18,113 pine ct,3125,household_nonmatch
3164,patricia,van dyke,patricia van dyke,patricia.vandyke.2786@mail.test,5558703384,1958-04-10,137 maple ave,2786,none
3165, David ,kim, David  kim,DAVID.KIM.673@MAIL.TEST,5555648106,1992-03-02,185 pine ct,673,case_noise
3166,charles,kowalski,charles kowalski,charles.kowalski.2140@mail.test,5555248833,1969-03-14,64 pine ct,2140,none
3167,charles,van dyke,charles van dyke,charles.vandyke.1239@mail.test,5553639685,1958-10-25,80 elm way,1239,none
3168,elizabeth,kim,elizabeth kim,elizabeth.kim.2662@mail.test,5552345375,1976-10-19,134 oak st,2662,none
3169,margaret,brown,margaret brown,margaret.brown.1315@mail.test,5553958353,1979-09-12,88 oak st,1315,none
3170,katherine,smith,katherine smith,katherine.smith.2098@mail.test,5553462400,1994-07-03,10 cedar ln,2098,none
3171,ann,johnson,ann johnson,ann.johnson.851@mail.test,5554113947,1980-07-17,169 maple ave,851,none
3172,margaret,kowalski,margaret kowalski,margaret.mueller.969@mail.test,5558875839,1956-04-27,27 oak st,969,household_nonmatch
3173,charles,van dyke,charles van dyke,charles.vandyke.2683@mail.test,5551727860,1993-11-23,169 birch rd,2683,none
3174,d.,kowalski,d. kowalski,daniel.smith.2133@mail.test,5558875839,1983-12-02,27 oak st,2133,abbrev
3175,hans,murphy,hans murphy,hans.murphy.3158@mail.test,5557248296,,73 oak st,3158,missing
3176,michael,van dyke,michael van dyke,michael.vandyke.1101@mail.test,5551408737,1968-02-02,80 birch rd,1101,none
3177,charles,brown,charles brown,charles.brown.1394@mail.test,5551655233,1978-10-02,79 oak st,1394,near_collision
3178,susan,jones,susan jones,susan.jones.135@mail.test,5558794686,1998-05-25,49 pine ct,135,none
3179,michael,garcia,michael garcia,michael.garcia.3005@mail.test,5556519254,1953-06-09,131 oak st,3005,none
3180,david,garcia,david garcia,david.garcia.254@mail.test,5554391520,1957-08-20,67 cedar ln,254,near_collision
3181,james,garcia,james garcia,james.garcia.2232@mail.test,5558715446,1971-08-25,101 cedar ln,2232,none
3182,robert,obrien,robert obrien,robert.obrien.3294@mail.test,5552189068,1991-08-19,92 elm way,3294,near_collision
3183,daniel,mueller,daniel mueller,daniel.mueller.537@mail.test,5553903272,1953-03-04,129 maple ave,537,none
3184,sofia,brown,sofia brown,sofia.brown.1049@mail.test,5558651829,1969-04-25,189 cedar ln,1049,none
3185,david,johnson,david johnson,david.johnson.516@mail.test,5556901974,1972-01-11,34 oak st,516,none
3186,jose,brown,jose brown,jose.brown.2976@mail.test,5559300001,1965-08-20,75 birch rd,2976,near_collision
3187,daniel,kowalski,daniel kowalski,daniel.kowalski.3366@mail.test,5551891758,1954-11-16,122 oak st,3366,none
3188,hans,silva,hans silva,hans.silva.1922@mail.test,5554422506,1975-02-22,65 birch rd,1922,none
3189,katherine,obrien,katherine obrien,katherine.obrien.110@mail.test,5558467005,1990-09-25,30 oak st,110,none
3190,thomas,garcia,thomas garcia,thomas.garcia.3421@mail.test,5551195750,1961-01-11,10 pine ct,3421,none
3191,susan,van dyke,susan van dyke,susan.vandyke.1244@mail.test,,1988-05-06,43 pine ct,1244,missing
3192,hans,brown,"brown, hans",hans.brown.1810@mail.test,5552998398,1994-07-13,156 elm way,1810,reorder
3193,jennifer,murphy,jennifer murphy,jennifer.murphy.2310@mail.test,5558445830,1972-09-27,120 cedar ln,2310,none
3194,thomas,silva,thomas silva,thomas.silva.1006@mail.test,5557783545,1989-07-23,6 maple ave,1006,none
3195,james,van dyke,james van dyke,james.vandyke.364@mail.test,5558368593,1954-01-14,127 cedar ln,364,none
3196,sofia,mueller,sofia mueller,sofia.mueller.3157@mail.test,5557213755,1974-10-22,114 pine ct,3157,none
3197,katherine,murphy,katherine murphy,katherine.murphy.3638@mail.test,5558107617,1976-11-14,159 maple ave,3638,none
3198, Daniel ,jones, Daniel  jones,,,,126 birch rd,17,missing
3199,laura,patel,laura patel,laura.patel.2334@mail.test,5559803293,1983-06-02,97 maple ave,2334,near_collision
3200,james,kim,james kim,james.kim.1614@mail.test,5554930346,1989-09-01,160 birch rd,1614,none
3201,susan,smith,susan smith,susan.smith.3069@mail.test,5555907358,1955-08-08,163 oak st,3069,none
3202,hans,müller,hans müller,hans.mueller.2012@mail.test,5557280713,1955-11-23,74 cedar ln,2012,translit
3203,j.,van dyke,j. van dyke,jose.vandyke.952@mail.test,5552937584,1950-03-13,28 pine ct,952,abbrev
3204,michael,kowalski,michael kowalski,michael.kowalski.730@mail.test,5558167631,1950-10-01,165 pine ct,730,none
3205,james,brown,james brown,james.obrien.2881@mail.test,5552391288,1998-12-06,57 maple ave,2881,household_nonmatch
3206,susan,nguyen,susan nguyen,susan.nguyen.1572@mail.test,5558011577,1966-03-18,146 pine ct,1572,near_collision
3207,david,kowalski,david kowalski,david.kowalski.1365@mail.test,5553242676,1976-02-09,95 pine ct,1365,none
3208,greta,obrien,greta obrien,greta.obrien.931@mail.test,5557916659,1989-06-17,21 cedar ln,931,none
3209,katherine,nguyen,katherine nguyen,katherine.brown.266@mail.test,5554457788,1970-10-19,28 cedar ln,266,household_nonmatch
3210,jennifer,kim,jennifer kim,jennifer.kim.2345@mail.test,5558581263,1993-01-02,121 maple ave,2345,near_collision
3211,jose,van dyke,jose van dyke,jose.vandyke.952@mail.test,5552937584,1950-03-13,28 pine ct,952,none
3212,greta,silva,greta silva,greta.silva.358@mail.test,5553962792,1996-04-18,88 maple ave,358,none
3213,jennifer,johnson,jennifer johnson,jennifer.johnson.1421@mail.test,5559405519,1982-03-19,40 birch rd,1421,none
3214,michael,patel,michael patel,michael.patel.3034@mail.test,5553006750,1961-05-21,127 maple ave,3034,near_collision
3215,laura,smith,laura smith,laura.smith.3434@mail.test,5552744711,1982-05-15,114 birch rd,3434,none
3216,hans,garcia,hans garcia,hans.garcia.239@mail.test,5552716282,1993-01-01,68 pine ct,239,none
3217,elizabeh,kim,elizabeh kim,elizabeth.kim.528@mail.test,5556176938,1982-04-06,158 maple ave,528,typo
3218,david,patel,"patel, david",david.patel.140@mail.test,5552124708,1981-02-09,189 maple ave,140,reorder
3219,elizabeth,patel,elizabeth patel,elizabeth.patel.2050@mail.test,5552064349,1992-10-22,65 maple ave,2050,none
3220, Tom ,obrien, Tom  obrien,THOMAS.OBRIEN.14@MAIL.TEST,,,95 maple ave,14,case_noise
3221,michael,johnson,michael johnson,michael.johnson.884@mail.test,5559861283,1984-08-19,63 oak st,884,none
3222,a.,silva,a. silva,ann.silva.1642@mail.test,5556264603,1974-11-15,181 birch rd,1642,abbrev
3223,daniel,nguyen,daniel nguyen,daniel.nguyen.2091@mail.test,5556240233,1966-04-09,78 birch rd,2091,none
3224,jennifer,silva,jennifer silva,jennifer.silva.274@mail.test,5558673748,1990-06-19,194 birch rd,274,none
3225,ann,kim,ann kim,ann.kim.2995@mail.test,5554111574,1952-04-03,190 elm way,2995,none
3226,laura,mueller,laura mueller,laura.mueller.3260@mail.test,5552477001,1991-09-04,97 cedar ln,3260,none
3227,dave,kim,dave kim,david.kim.16@mail.test,5554097895,1952-08-08,174 cedar ln,16,abbrev
3228,michael,silva,michael silva,michael.silva.2374@mail.test,5559326968,1950-12-18,58 oak st,2374,none
3229,sofia,jones,sofia jones,sofia.silva.2685@mail.test,5558557917,1961-04-26,146 pine ct,2685,household_nonmatch
3230,elizabeth,kowalski,elizabeth kowalski,elizabeth.kowalski.7@mail.etst,5558842053,1983-05-18,102 elm way,7,typo
3231,james,smith,james smith,james.vandyke.35@mail.test,5552182966,,100 cedar ln,35,missing
3232,charles,kim,charles kim,,5557971350,,8 cedar ln,190,missing
3233,patricia,obrien,patricia obrien,patricia.obrien.3639@mail.test,5555485915,1982-12-03,51 pine ct,3639,none
3234,jennifer,brown,jennifer brown,jennifer.brown.1725@mail.test,5551259522,1966-09-20,186 oak st,1725,near_collision
3235,laura,jones,laura jones,laura.jones.850@mail.test,5556689721,1989-07-17,192 oak st,850,none
3236,chuck,nguyzn,chuck nguyzn,charles.nguyen.1701@mail.test,5557341102,1992-03-21,136 oak st,1701,abbrev
3237,laura,kowalski,laura kowalski,laura.silva.1709@mail.test,5558600734,1996-05-01,21 cedar ln,1709,household_nonmatch
3238,david,patel,david patel,david.patel.309@mail.test,5553279553,1993-03-13,112 cedar ln,309,none
3239,james,brown,james brown,james.brown.1630@mail.test,5557379167,1962-10-27,17 maple ave,1630,none
3240,robert,garcia,robert garcia,robert.garcia.964@mail.test,5558553197,1987-07-21,68 oak st,964,none
3241,michael,patel,"patel, michael",michael.patel.95@mail.test,5558761205,1995-04-20,91 cedar ln,95,reorder
3242,laura,garcia,laura garcia,laura.garcia.1707@mail.test,5556036040,1995-06-20,36 oak st,1707,none
3243,sofia,smith,sofia smith,sofia.smith.2578@mail.test,5553494491,1964-11-02,199 birch rd,2578,none
3244,katherine,van dyke,katherine van dyke,katherine.vandyke.1401@mail.test,5556704376,1990-08-03,68 oak st,1401,none
3245,patricia,murphy,patricia murphy,patricia.murphy.3244@mail.test,5555349437,1960-02-26,151 elm way,3244,near_collision
3246,thomas,mueller,thomas mueller,thomas.mueller.96@mail.test,5554404354,1973-09-05,148 maple ave,96,none
3247,susan,jones,susan jones,susan.jones.3581@mail.test,5554532064,1972-01-13,164 elm way,3581,none
3248,susan,mueller,susan mueller,susan.mueller.171@mail.test,5559022587,1965-08-16,59 maple ave,171,none
3249,michael,obrien,michael obrien,michael.obrien.2823@mail.test,5559173183,1995-10-03,58 pine ct,2823,none
3250,charles,van dyke,charles van dyke,,5556861863,,191 birch rd,1053,missing
3251,r.,nguyen,r. nguyen,robert.jones.1292@mail.test,5558866618,1998-06-15,40 maple ave,1292,abbrev
3252,michael,brown,michael brown,michael.brown.304@mail.test,5558529196,1975-01-21,88 oak st,304,none
3253,liz,obrien,liz obrien,elizabeth.obrein.335@mail.test,5554436914,1955-07-23,177 oak st,335,abbrev
3254,jennifer,brown,jennifer brown,jennifer.brown.3339@mail.test,5559859644,1972-02-02,35 maple ave,3339,none
3255,robert,kim,robert kim,robert.kim.1882@mail.test,5559281447,1957-02-26,180 elm way,1882,none
3256,laura,johnson,laura johnson,laura.johnson.2228@mail.tet,5559098409,1972-12-17,179 cedar ln,2228,typo
3257,william,kim,william kim,william.kim.2516@mail.test,5558602544,1958-06-11,31 elm way,2516,none
3258,james,brown,james brown,james.brown.1671@mail.test,5551101212,1950-11-04,3 elm way,1671,none
3259,jose,van dyke,jose van dyke,jose.vandyke.1530@mail.test,5551114595,1959-02-03,61 elm way,1530,near_collision
3260,jennifer,kim,jennifer kim,jennifer.kim.3398@mail.test,5559894300,1998-10-27,82 oak st,3398,none
3261,t.,murphy,t. murphy,thomas.murphy.848@mail.test,5554270606,1987-03-02,68 birch rd,848,abbrev
3262,robert,garcia,robert garcia,robert.garcia.2304@mail.test,5556601426,1991-11-11,199 cedar ln,2304,none
3263,katherine,patel,katherine patel,katherine.nguyen.1950@mail.test,5551512539,1964-05-25,108 maple ave,1950,household_nonmatch
3264,robert,kim,robert kim,robert.kim.932@mail.test,5552121117,1960-02-16,5 pine ct,932,none
3265,david,silva,david silva,david.silva.1203@mail.test,5554450389,1958-07-16,108 pine ct,1203,none
3266,michael,van dyke,michael van dyke,michael.vandyke.660@mail.test,5554335098,1979-01-25,96 elm way,660,none
3267,daniel,kowalski,daniel kowalski,daniel.johnsonp1496@mail.test,,1993-08-10,144 maple ave,1496,typo
3268,margaret,silva,margaret silva,margaret.silva.2964@mail.test,5559490605,1963-12-24,161 oak st,2964,none
3269,sofia,patel,sofia patel,sofia.patel.564@mail.test,5556291552,1992-11-07,111 oak st,564,none
3270,sofia,brown,sofia brown,sofia.brown.3084@mail.test,5552266160,1969-06-24,8 oak st,3084,none
3271,susan,patel,susan patel,susan.patel.99@mail.test,5553749419,1974-01-23,58 elm way,99,near_collision
3272,david,van dyke,david van dyke,david.vandyke.820@mail.test,5551517925,1957-09-05,164 oak st,820,none
3273,hans,silva,hans silva,hans.silva.1916@mail.test,5553718512,1967-10-23,100 maple ave,1916,none
3274, William ,silva, William  silva,WILLIAM.SILVA.231@MAIL.TEST,5558025021,1983-06-24,52 birch rd,231,case_noise
3275,susan,jones,susan jones,susan.jons.1905@mail.test,5553486274,1974-01-12,119 cedar ln,1905,typo
3276,patricia,murphy,patricia murphy,patricia.murphy.34@mail.test,5551143744,1952-07-10,180 pine ct,34,none
3277,thomas,johnson,thomas johnson,thomas.garcia.2371@mail.test,5557390195,1979-03-15,53 cedar ln,2371,household_nonmatch
3278, Greta ,van dyke, Greta  van dyke,GRETA.VANDYKE.1678@MAIL.TEST,5558475837,1969-02-06,178 elm way,1678,case_noise
3279,james,brown,james brown,james.brown.230@mail.test,5551352823,1998-12-24,32 cedar ln,230,none
3280,charles,silva,charles silva,charles.silva.1562@mail.test,5553859058,1978-04-09,104 pine ct,1562,near_collision
3281,hnas,brown,hnas brown,hans.brown.247@mail.test,5557825374,1991-01-13,161 birch rd,247,typo
3282,greta,garcia,greta garcia,greta.kim.1417@mail.test,5558819218,1968-11-13,104 maple ave,1417,household_nonmatch
3283,margaret,silva,"silva, margaret",margaret.silva.263@mail.test,5558028322,1984-06-16,73 birch rd,263,reorder
3284,robert,mueller,robert mueller,robert.mueller.1758@mail.test,5559907360,1974-02-22,46 maple ave,1758,none
3285,james,johnson,james johnson,james.johnson.2831@mail.test,5558841022,1990-02-08,181 cedar ln,2831,none
3286,charles,murphy,charles murphy,charles.murphy.1581@mail.test,5559043546,1985-05-16,143 maple ave,1581,none
3287,ann,mueller,ann mueller,ann.mueller.2500@mail.test,5556119830,1950-02-06,101 pine ct,2500,near_collision
3288,jose,obrien,jose obrien,jose.obrien.1956@mail.test,5559461955,1997-12-06,126 cedar ln,1956,none
3289,jennifer,nguyen,jennifer nguyen,jennifer.nguyen.3518@mail.test,5551835934,1973-02-06,34 oak st,3518,none
3290,charles,patel,charles patel,charles.kim.1504@mail.test,5554545166,1968-10-02,79 oak st,1504,household_nonmatch
3291,robert,patel,robert patel,robert.patel.992@mail.test,5556504331,1954-12-04,69 maple ave,992,none
3292,ann,murphy,ann murphy,ann.murphy.2244@mail.test,5556508729,1988-04-13,29 pine ct,2244,none
3293,charles,van dyke,charles van dyke,charles.smith.1712@mail.test,,1956-01-02,26 cedar ln,1712,household_nonmatch
3294,robert,garcia,robert garcia,robert.garcia.674@mail.test,5557395935,1953-03-10,70 birch rd,674,none
3295, Patricia ,kim, Patricia  kim,PATRICIA.KIM.1289@MAIL.TEST,5551949535,1957-09-01,148 elm way,1289,case_noise
3296,greta,murphy,greta murphy,greta.murphy.2148@mail.test,5558801299,1995-09-20,154 elm way,2148,none
3297,katherine,garcia,katherine garcia,katherine.garcia.2872@mail.test,5552952049,1973-05-14,147 birch rd,2872,near_collision
3298,katherine,nguyen,katherine nguyen,katherine.nguyen.2278@mail.test,5555585922,1989-08-25,158 elm way,2278,near_collision
3299,ann,kowalski,ann kowalski,ann.kowalski.1408@mail.test,5556236590,1954-12-06,20 cedar ln,1408,none
3300,elizabeth,smith,elizabeth smith,elizabeth.smith.3070@mail.test,5553566117,1958-01-27,113 maple ave,3070,near_collision
3301,ann,johnson,ann johnson,ann.johnson.1868@mail.test,5559366453,1956-09-09,107 cedar ln,1868,none
3302,david,jones,david jones,david.jones.315@mail.test,5554829223,1988-05-09,153 elm way,315,near_collision
3303,sofia,mueller,sofia mueller,sofia.mueller.444@mail.test,5551829656,1992-09-11,167 maple ave,444,none
3304,bill,jones,bill jones,william.jone.s4@mail.test,5555627058,1963-06-11,126 birch rd,4,abbrev
3305,william,patel,william patel,william.patel.1277@mail.test,5556995190,1958-06-24,114 maple ave,1277,none
3306,william,nguyen,william nguyen,william.nguyen.2558@mail.test,5554613342,1973-03-10,50 oak st,2558,none
3307,jennifer,smith,jennifer smith,jennifer.smith.2350@mail.test,5558959699,1985-12-06,140 cedar ln,2350,none
3308,ann,patel,ann patel,ann.patel.956@mail.test,5558757615,1968-08-03,33 oak st,956,none
3309,daniel,van dyke,daniel van dyke,daniel.silva.642@mail.test,,,44 maple ave,642,missing
3310,susan,johnson,susan johnson,susan.johnson.2724@mail.test,5556278363,1963-01-01,70 birch rd,2724,none
3311,jose,jones,jose jones,jose.vandyke.78@mail.test,5555627058,1975-09-22,126 birch rd,78,household_nonmatch
3312,laura,smith,laura smith,laura.smith.711@mail.test,5553259071,1977-05-01,139 maple ave,711,none
3313,sofia,obrien,sofia obrien,sofia.nguyen.3327@mail.test,5555604646,1969-01-24,132 pine ct,3327,household_nonmatch
3314,jennifer,silva,jennifer silva,jennifer.silva.488@mail.test,5555234790,1979-06-24,89 maple ave,488,translit
3315,jennifer,obrien,jennifer obrien,jennifer.brown.1345@mail.test,5557323149,1990-08-19,12 birch rd,1345,household_nonmatch
3316,susan,patel,susan patel,susan.patel.150@mail.test,5552803826,1952-07-26,104 elm way,150,none
3317,margaret,kim,margaret kim,margaret.kim.1860@mail.test,5555591431,1959-10-04,109 oak st,1860,none
3318,sofia,garcia,sofia garcia,sofia.brown.975@mail.test,5556508562,1975-04-11,138 elm way,975,household_nonmatch
3319,michael,kowalski,michael kowalski,michael.kowalski.1097@mail.test,5557986135,1979-12-04,3 pine ct,1097,none
3320, Hfns ,silva, Hfns  silva,HANS.SILVA.165@MAIL.TEST,5553959722,1983-07-12,187 pine ct,165,case_noise
3321,robert,mueller,robert mueller,robert.mueller.1211@mail.test,5554853241,1961-08-04,66 pine ct,1211,none
3322,greta,garcia,greta garcia,greta.garcia.3538@mail.test,5551042701,1977-07-21,2 oak st,3538,none
3323,james,mueller,james mueller,james.mueller.3175@mail.test,5557881129,1966-05-15,162 pine ct,3175,none
3324,sofia,mueller,sofia mueller,,,1970-06-02,149 pine ct,69,typo
3325,a.,brown,a. brown,ann.brown.25@mail.test,5558078369,1989-09-19,149 maple ave,25,abbrev
3326,susan,johnson,susan johnson,susan.johnson.612@mail.test,5552453617,1978-09-11,36 maple ave,612,near_collision
3327,elizabeth,smith,elizabeth smith,elizabeth.smith.3029@mail.test,5558270210,1990-06-21,101 oak st,3029,none
3328,charles,kim,charles kim,charles.kim.3039@mail.test,5552130489,1955-12-20,175 oak st,3039,none
3329,david,obrien,david obrien,david.obrien.1275@mail.test,5554118627,1977-07-19,64 elm way,1275,none
3330,margaret,brown,margaret brown,margaret.brown.2067@mail.test,5555198979,1998-08-10,90 maple ave,2067,none
3331,ann,brown,ann brown,ann.brown.250@mail.test,5554353891,1953-01-12,54 oak st,250,none
3332, Jose ,brøwn, Jose  brøwn,JOSE.VANDYKE.41@MAIL.TEST,5558078369,1960-04-24,149 maple ave,41,translit
3333,thomas,mueller,thomas mueller,thomas.mueller.3410@mail.test,5553227480,1963-05-17,140 oak st,3410,none
3334,susan,garcia,susan garcia,susan.garcia.79@mail.test,5552714136,1975-11-18,58 birch rd,79,none
3335,thomas,johnson,thomas johnson,thomas.johnson.383@mail.test,5553575421,1988-03-14,78 oak st,383,none
3336, David ,garcia, David  garcia,DAVID.GARCIA.255@MAIL.TEST,5558157336,1988-07-14,40 oak st,255,case_noise
3337,jose,smith,jose smith,jose.mueller.1876@mail.test,5559714023,1997-07-06,38 cedar ln,1876,household_nonmatch
3338, Patricia ,van dyke, Patricia  van dyke,PATRICIA.VANDYKE.1439@MAIL.TEST,5553578796,1954-02-11,105 maple ave,1439,case_noise
3339,robert,brown,robert brown,robert.silva.747@mail.test,5558502858,1969-07-04,116 cedar ln,747,household_nonmatch
3340, Charles ,kim, Charles  kim,CHALES.SMITH.148@MAIL.TEST,5559234602,,99 elm way,148,missing
3341,ann,kmi,ann kmi,ann.murphy.1831@mail.test,5552239678,1973-04-25,112 birch rd,1831,household_nonmatch
3342,ann,kowalski,ann kowalski,ann.kowalski.1946@mail.test,,,76 birch rd,1946,missing
3343,elizabeth,jones,elizabeth jones,elizabeth.jones.2206@mail.test,5552466904,1978-08-25,96 birch rd,2206,near_collision
3344,ann,jones,ann jones,ann.jones.2749@mail.test,5557684110,1987-12-04,150 elm way,2749,none
3345,james,van dyke,james van dyke,james.vandyke.2990@mail.test,5553826753,1998-09-12,133 elm way,2990,none
3346,robert,van dyke,robert van dyke,robert.vandyke.3188@mail.test,5559040610,1991-08-20,182 pine ct,3188,near_collision
3347,robert,garcia,robert garcia,robert.garcia.3318@mail.test,5554030499,1966-10-16,56 oak st,3318,household_nonmatch
3348,dan,jønes,dan jønes,daniel.obrien.17@mailt.est,5555627058,1994-12-05,126 birch rd,17,typo
3349,patricia,silva,"silva, patricia",patricia.silva.243@mailtest,5551726238,1997-03-18,107 maple ave,243,reorder
3350,greta,johnson,greta johnson,greta.johnson.2325@mail.test,5558653139,1977-05-05,101 birch rd,2325,near_collision
3351,michael,van dyke,michael van dyke,michael.vandyke.3079@mail.test,5552170584,1987-11-05,121 birch rd,3079,near_collision
3352,patricia,kim,patricia kim,patricia.kim.1289@mail.test,5551949535,1957-09-01,148 elm way,1289,none
3353,james,obrien,james obrien,james.obrien.745@mail.test,5559610129,1951-09-15,98 maple ave,745,near_collision
3354,sofia,patel,sofia patel,sofia.patel.3091@mail.test,,1950-01-25,34 oak st,3091,household_nonmatch
3355,margaret,murphy,margaret murphy,margaret.murphy.2742@mail.test,5558254394,1993-01-17,65 cedar ln,2742,none
3356,jennifer,mueller,jennifer mueller,jennifer.mueller.55@mail.test,5552614341,1962-02-10,174 birch rd,55,none
3357,patricia,kim,patricia kim,patricia.kim.3179@mail.test,5554702856,1954-11-09,119 maple ave,3179,none
3358,greta,van dyke,greta van dyke,greta.vandyke.1475@mail.test,5555949774,1964-08-12,4 pine ct,1475,none
3359,charles,obrien,charles obrien,charles.obrien.2707@mail.test,5558725595,1956-08-23,3 cedar ln,2707,none
3360,jennifer,smith,jennifer smith,jennifer.brown.2728@mail.test,,1968-02-23,144 cedar ln,2728,household_nonmatch
3361,william,johnson,william johnson,william.johnson.1074@mail.test,5551484278,1985-11-12,122 elm way,1074,none
3362,katherine,garcia,katherine garcia,katherine.garcia.1970@mail.test,5555154115,1960-04-12,22 birch rd,1970,near_collision
3363,charles,smith,charles smith,charles.smith.3023@mail.test,5556583387,1959-12-02,196 elm way,3023,none
3364,laura,silva,laura silva,laura.silva.2666@mail.test,5557073071,1973-02-10,81 oak st,2666,none
3365,h.,kim,h. kim,hans.kim.2660@mail.test,5557072366,1998-05-17,51 maple ave,2660,abbrev
3366,robert,jones,robert jones,robert.jones.1930@mail.test,5555589576,1988-10-22,152 cedar ln,1930,none
3367,ann,nguyen,ann nguyen,ann.silva.1075@mail.test,5558030934,1984-04-04,135 pine ct,1075,household_nonmatch
3368, Ann ,patel, Ann  patel,ANN.PATEL.2511@MAIL.TEST,5553530527,1994-01-06,49 elm way,2511,case_noise
3369,a.,obrien,a. obrien,,,1952-06-06,166 elm way,510,missing
3370,laura,jones,laura jones,laura.jones.1858@mail.test,5553099070,1975-10-24,126 maple ave,1858,none
3371,g.,patel,g. patel,greta.patel.939@mail.test,5554207303,1962-08-11,147 birch rd,939,abbrev
3372,daniel,garcia,daniel garcia,daniel.garcia.1560@mail.test,5553631018,1963-08-16,114 oak st,1560,none
3373,patricia,brown,patricia brown,patricia.brown.1362@mail.test,5552261764,1977-08-26,72 birch rd,1362,none
3374,michael,garcia,michael garcia,michael.garcia.1416@mail.test,5559225015,1976-10-12,125 birch rd,1416,none
3375,katherine,silva,katherine silva,katherine.silva.1183@mail.test,5557782040,1971-03-25,25 pine ct,1183,none
3376,michael,jornson,michael jornson,michael.patel.1953@mail.test,5555025598,1996-07-25,157 pine ct,1953,household_nonmatch
3377,laura,jones,laura jones,laura.jones.2903@mail.test,5552823856,1952-10-08,52 maple ave,2903,none
3378,margaret,smith,margaret smith,margaret.smith.31@mail.test,5554910859,1950-04-07,34 oak st,31,none
3379,laura,jøhnsøn,laura jøhnsøn,laura.johnson.902@mail.test,5558655493,1978-12-04,91 pine ct,902,translit
3380,david,silva,david silva,david.silva.1948@mail.test,5553920986,1984-06-17,192 pine ct,1948,none
3381,katherine,mueller,katherine mueller,katherine.johnson.31@mail.test,5554330882,,183 cedar ln,131,missing
3382,thomas,kowalski,thomas kowalski,thomas.kowalski.2396@mail.test,5555900984,1991-06-12,63 cedar ln,2396,none
3383,thomas,brown,thomas brown,thomas.kim.3174@mail.test,,1961-04-22,116 cedar ln,3174,household_nonmatch
3384,margaret,brown,"brown, margaret",margaret.brown.2067@mail.test,5555198979,1998-08-10,90 maple ave,2067,reorder
3385, Laura ,patel, Laura  patel,,5559137520,1980-06-03,152 cedar ln,1822,case_noise
3386,margaret,van dyke,margaret van dyke,margaret.vandyke.221@mail.test,5554040594,1958-04-23,103 elm way,221,none
3387,jennifer,van dyke,jennifer van dyke,jennifer.vandyke.1184@mail.test,5553489167,1989-04-26,95 oak st,1184,none
3388,thomas,patel,thomas patel,thomas.patel.3478@mail.test,5559867030,1990-10-15,92 oak st,3478,near_collision
3389,thomas,murphy,thomas murphy,thomas.murphy.1501@mail.test,5559813755,1974-08-03,129 birch rd,1501,near_collision
3390,m.,brown,m. brown,michael.brown.33@mail.test,5558304285,1971-08-06,108 elm way,33,abbrev
3391,ann,johnson,ann johnson,ann.johnson.1453@mail.test,5558692650,1969-04-15,26 oak st,1453,none
3392,robert,jones,"jones, robert",robert.jones.63@mail.test,5555084950,1982-06-06,144 birch rd,63,reorder
3393,jennifer,murphy,jennifer murphy,jennifer.murphy.1744@mail.test,5557930691,1963-05-15,135 maple ave,1744,none
3394,daniel,garcía,daniel garcía,daniel.garcia.363@mail.test,5552217371,1976-10-03,49 oak st,363,translit
3395,greta,obrien,greta obrien,greta.obrien.2559@mail.test,5559875487,1954-03-10,174 cedar ln,2559,none
3396,ann,kowalski,ann kowalski,ann.kowalski.2950@mail.test,5557113194,1978-12-19,168 birch rd,2950,near_collision
3397,susan,jones,susan jones,susan.jones.1321@mail.test,5555927387,1994-09-27,78 birch rd,1321,near_collision
3398,william,kowalski,william kowalski,william.kowalski.1769@mail.test,5557032083,1954-03-23,152 oak st,1769,none
3399,greta,patel,greta patel,greta.patel.87@mail.test,5552924484,1955-12-02,154 pine ct,87,none
3400, James ,johnson, James  johnson,JAMES.JOHNSON.495@MAIL.TEST,5553277815,1998-06-06,159 birch rd,495,case_noise
3401,james,murphy,james murphy,james.murphy.1314@mail.test,5555944074,1974-02-24,50 elm way,1314,near_collision
3402,hans,garcia,hans garcia,hans.garcia.2650@mail.test,5557163640,1990-05-07,186 birch rd,2650,near_collision
3403,daniel,jones,daniel jones,daniel.jones.485@mail.test,5556369853,1987-03-08,15 birch rd,485,near_collision
3404,laura,johnson,laura johnson,laura.johnson.902@mail.test,5558655493,1978-12-04,91 pine ct,902,none
3405,daniel,garcia,daniel garcia,daniel.garcia.3526@mail.test,5551327696,1988-12-08,140 pine ct,3526,none
3406,ann,johnson,ann johnson,,,1980-07-17,169 maple ave,851,missing
3407,william,johnson,william johnson,william.johnson.132@mail.test,5553083845,1978-09-26,197 maple ave,132,none
3408,margaret,smith,margaret smith,margaret.murphy.2432@mail.test,5552550439,1970-12-07,66 birch rd,2432,household_nonmatch
3409,jose,garcia,jose garcia,jose.kim.3564@mail.test,5555991753,1982-11-26,131 pine ct,3564,household_nonmatch
3410,margaret,obrien,margaret obrien,margaret.obrien.1030@mail.test,5555795283,1973-10-18,177 cedar ln,1030,none
3411,katherine,kim,katherine kim,,5551847348,,120 oak st,665,missing
3412,elizabeth,garcia,elizabeth garcia,elizabeth.garcia.690@mail.test,5553326963,1970-06-27,115 elm way,690,near_collision
3413,margaret,nguyen,margaret nguyen,margaret.nguyen.2203@mail.test,5557224683,1984-11-05,105 elm way,2203,none
3414,katherine,johnson,katherine johnson,katherine.smith.1751@mail.test,5553235898,1984-06-15,155 maple ave,1751,household_nonmatch
3415,michael,obrien,michael obrien,michael.obrien.2692@mail.test,5555652920,1969-02-18,78 elm way,2692,near_collision
3416,jennifer,johnson,jennifer johnson,jennifer.johnson.1710@mail.test,5555997703,1988-02-13,184 maple ave,1710,none
3417,margaret,brown,margaret brown,margaret.brown.2444@mail.test,5556513422,1977-01-16,181 birch rd,2444,near_collision
3418,jose,kowalski,jose kowalski,jose.kowalski.720@mail.test,5553046759,1950-11-17,135 cedar ln,720,near_collision
3419,greta,garcia,greta garcia,greta.garcia.433@mail.test,5551753040,1982-08-12,16 cedar ln,433,near_collision
3420,susan,garcia,susan garcia,susan.garcia.701@mail.test,5556638484,1996-04-02,7 pine ct,701,near_collision
3421,daniel,nguyen,daniel nguyen,daniel.nguyen.133@mail.test,5552848410,1950-02-25,121 elm way,133,none
3422,ann,kowalski,ann kowalski,ann.kowalski.3333@mail.test,5556800870,1992-02-06,122 oak st,3333,near_collision
3423,ann,kim,ann kim,ann.kim.1429@mail.test,5558694524,1967-09-13,150 maple ave,1429,none
3424,t.,murphy,t. murphy,thomas.murphy.1501@mail.test,5559813755,1974-08-03,129 birch rd,1501,abbrev
3425,james,patel,james patel,james.patel.3554@mail.test,5551497367,1967-10-23,77 elm way,3554,none
3426,margaret,johnson,margaret johnson,margaret.johnson.2412@mail.test,5555462218,1965-02-05,184 elm way,2412,none
3427,susan,kowalski,susan kowalski,susan.kowalski.2810@mail.test,5554942112,1968-12-12,16 oak st,2810,none
3428,michael,brown,michael brown,michael.brown.3663@mail.test,5551936340,1977-08-01,85 cedar ln,3663,none
3429,robert,obrien,robert obrien,robert.obrien.1434@mail.test,5553046053,1967-06-02,195 pine ct,1434,none
3430,james,nguyen,james nguyen,james.nguyen.1723@mail.test,5555976690,1989-06-15,190 oak st,1723,none
3431,ann,jons,ann jons,ann.johnson.496@mail.test,5555627058,1958-10-14,126 birch rd,496,typo
3432,patricia,johnson,patricia johnson,patricia.johnson.1718@mail.test,5559458303,1959-03-13,92 oak st,1718,none
3433,elizabeth,obrien,elizabeth obrien,elizabeth.obrien.2985@mail.test,5552478161,1986-03-15,83 cedar ln,2985,none
3434,hans,kim,hans kim,hans.kim.3605@mail.test,5553771799,1956-07-26,87 pine ct,3605,none
3435,thomas,kim,thomas kim,thomas.kim.2245@mail.test,5553298005,1971-01-04,109 oak st,2245,none
3436,james,garcia,james garcia,james.garcia.3308@mail.test,5554471055,1954-07-04,114 maple ave,3308,none
3437,sofia,brown,sofia brown,sofia.brown.2239@mail.test,5554082190,1960-07-14,106 cedar ln,2239,none
3438,jose,van dyke,jose van dyke,jose.vandyke.3230@mail.test,5551213809,1974-11-01,101 elm way,3230,none
3439,jose,obrien,jose obrien,jose.obrien.860@mail.test,5551098549,1977-06-18,134 cedar ln,860,none
3440,david,brown,david brown,david.kowalski.1687@mail.test,5552019359,1979-02-08,192 maple ave,1687,household_nonmatch
3441,elizabeth,brown,"brown, elizabeth",elizabeth.brown.1633@mail.test,5556308380,1990-03-14,17 elm way,1633,reorder
3442,susan,mueller,susan mueller,susan.mueller.253@mail.test,5556862057,1968-06-09,121 maple ave,253,none
3443,william,mueller,william mueller,william.mueller.2479@mail.test,5554865061,1998-03-25,144 elm way,2479,none
3444,ann,johnson,ann johnson,ann.johnson.1270@mail.test,5558393981,1969-08-04,56 maple ave,1270,near_collision
3445,elizabeth,mueller,elizabeth mueller,elizabeth.mueller.1134mail.test,5557474632,1957-01-01,191 pine ct,1134,typo
3446,katherine,johnson,katherine johnson,katherine.johnson.32@mail.test,5557100862,1954-01-13,34 oak st,32,none
3447,james,murphy,james murphy,james.murphy.3469@mail.test,5557498769,1955-12-04,49 oak st,3469,none
3448,daniel,smith,daniel smith,daniel.smith.1553@mail.test,5553562777,1992-08-25,121 elm way,1553,none
3449,charles,kowalski,charles kowalski,charles.kowalski.2435@mail.test,5554811838,1956-04-10,148 elm way,2435,none
3450,katherine,smith,katherine smith,katherine.smith.3304@mail.test,5559114438,1994-05-11,39 pine ct,3304,none
3451,r.,brown,r. brown,robert.brown.206@mail.test,5551042513,1952-01-21,130 pine ct,206,abbrev
3452,elizabeth,johnson,elizabeth johnson,elizabeth.johnson.2644@mail.test,5553619036,1952-04-22,81 maple ave,2644,none
3453,jose,brown,jose brown,jose.brown.609@mail.test,5559467822,,181 oak st,609,missing
3454,daniel,kowalski,daniel kowalski,daniel.johnson.1496@mail.test,,1993-08-10,144 maple ave,1496,missing
3455,m.,silva,m. silva,michael.silva.334@mail.test,5551909863,1974-09-27,45 birch rd,334,abbrev
3456,pstricia,smith,pstricia smith,patricia.smith.1026@mail.test,5554205651,1995-12-04,196 pine ct,1026,typo
3457,jose,obrien,jose obrien,jose.obrien.860@mail.test,,,134 cedar ln,860,missing
3458,susan,silva,susan silva,susan.silva.3391@mail.test,5558297558,1992-11-12,117 cedar ln,3391,none
3459,g.,silva,g. silva,greta.silva.358@mail.test,5553962792,1996-04-18,88 maple ave,358,abbrev
3460,greta,kowalski,greta kowalski,greta.mueller.1577@mail.test,5555123811,1961-11-13,129 oak st,1577,household_nonmatch
3461,laura,van dyke,laura van dyke,laura.vandyke.2149@mil.test,5554102393,1964-08-21,75 pine ct,2149,typo
3462,robert,van dyke,robert van dyke,robert.vandyke.2020@mail.test,5556767602,1985-09-22,91 cedar ln,2020,none
3463,hans,nguyen,hans nguyen,hans.nguyen.1484@mail.test,5554201309,1991-10-03,18 cedar ln,1484,none
3464,patricia,brown,patricia brown,patricia.brown.1309@mail.test,5559839053,1989-12-22,48 elm way,1309,near_collision
3465,jennifer,smith,jennifer smith,jennifer.smith.1895@mail.test,5553239459,1974-09-27,29 cedar ln,1895,none
3466,jose,patel,jose patel,jose.patel.3325@mail.test,5553874230,1974-06-23,186 oak st,3325,none
3467,j.,smith,j. smith,james.vandyke35@mail.test,5552182966,1964-04-18,100 cedar ln,35,abbrev
3468,susan,kim,susan kim,susan.vandyke.1335@mail.test,5557971350,1990-12-22,8 cedar ln,1335,household_nonmatch
3469,susan,obrien,susan obrien,susan.obrien.3263@mail.test,5557068101,1994-01-20,29 birch rd,3263,near_collision
3470,jose,silva,jose silva,jose.jones.641@mail.test,5558434225,1976-03-16,153 birch rd,641,household_nonmatch
3471,jennifer,johnson,jennifer johnson,jennifer.johnson.71@mail.test,5555025598,1986-09-25,157 pine ct,71,none
3472,susan,murphy,susan murphy,susan.murphy.2680@mail.test,5555097651,1991-11-10,21 pine ct,2680,none
3473,james,nguyen,james nguyen,james.nguyen.1781@mail.test,5555683628,1974-05-13,96 birch rd,1781,none
3474,greta,garcia,greta garcia,greta.garcia.2951@mail.test,5555052572,1984-01-16,147 pine ct,2951,none
3475,trihs,murphy,trihs murphy,patricia.murphy.643@mail.test,5552332764,1996-09-13,31 oak st,643,typo
3476,robert,murphy,robert murphy,robert.murphy.2483@mail.test,5555257296,1990-07-18,83 birch rd,2483,none
3477,michael,murphy,michael murphy,michael.kim.442@mail.test,5558115053,1976-02-23,96 pine ct,442,household_nonmatch
3478,daniel,mueller,daniel mueller,daniel.mueller.713@mail.test,5557800306,1953-02-13,51 oak st,713,none
3479,laura,patel,laura patel,laura.patel.892@mail.test,5554375281,1954-08-08,41 maple ave,892,none
3480,michael,nguyen,michael nguyen,michael.nguyen.48@mail.test,5552323935,1968-05-12,41 birch rd,48,near_collision
3481,sofia,nguyen,sofia nguyen,sofia.nguyen.1038@mail.test,5554961162,1977-09-10,29 oak st,1038,none
3482,daniel,brown,daniel brown,daniel.brown.278@mail.test,5558970167,1976-12-06,79 cedar ln,278,near_collision
3483,david,obrien,david obrien,david.obrien.652@mail.test,5552345682,1993-07-06,169 maple ave,652,near_collision
3484,william,jones,william jones,william.jone.s4@mail.test,5555627058,1963-06-11,126 birch rd,4,typo
3485,katherine,kowalski,katherine kowalski,katherine.kowalski.521@mail.test,5553636316,1995-12-03,151 cedar ln,521,none
3486,james,silva,james silva,james.silva.1716@mail.test,5551812336,1994-12-13,164 oak st,1716,none
3487,susan,mueller,"mueller, susan",susan.mueller.1146@mail.test,5555002488,1969-07-08,134 oak st,1146,reorder
3488,margaret,nguyen,margaret nguyen,margaret.nguyen.1874@mail.test,5559065883,1989-05-24,188 oak st,1874,near_collision
3489,patricia,patel,patricia patel,patricia.patel.256@mail.test,5558641534,1991-10-08,150 birch rd,256,none
3490,david,obrien,david obrien,david.obrien.1332@mail.test,5558055335,1980-10-16,119 elm way,1332,near_collision
3491,daniel,silva,daniel silva,daniel.silva.1743@mail.test,5555560410,1975-03-04,115 pine ct,1743,none
3492,william,jones,william jones,william.jones.739@mail.test,5556772976,1967-05-17,68 maple ave,739,near_collision
3493,elizabeth,kim,elizabeth kim,elizabeth.kim.948@mail.test,5557585431,1971-07-18,120 pine ct,948,none
3494,elizabeth,jones,elizabeth jones,elizabeth.jones.2391@mail.test,5553757721,1951-12-10,40 oak st,2391,none
3495,laura,brown,laura brown,laura.brown.2136@mail.test,5557425495,1959-01-01,67 cedar ln,2136,none
3496,jennifer,mueller,jennifer mueller,jennifer.mueller.218@mail.test,5557094514,1986-10-06,41 birch rd,218,none
3497, C. ,murphy, C.  murphy,CHARLES.MURPHY.1414@MAIL.TEST,5555454931,1990-06-25,52 cedar ln,1414,case_noise
3498,jose,van dyke,jose van dyke,jose.vandyke.599@mail.test,5559603836,1982-11-03,31 elm way,599,none
3499,bill,kowalski,bill kowalski,william.kowalski.29@mail.test,5559059226,1985-11-04,140 cedar ln,29,abbrev
3500,thomas,kim,thomas kim,thoms.kim.1048@mail.test,5554943514,1953-03-01,101 maple ave,1048,typo
3501,katherine,obrien,katherine obrien,katherine.obrien.1018@mail.test,5559858010,1994-03-13,164 pine ct,1018,none
3502,william,mueller,william mueller,william.mueller.2609@mail.test,5552460846,1967-02-11,192 elm way,2609,none
3503,sofia,mueller,sofia mueller,sofia.mueller.1226@mail.test,5554628985,1997-04-19,144 pine ct,1226,near_collision
3504,katherine,obrien,"obrien, katherine",katherine.obrien.569@mail.test,5557134426,1978-08-24,6 maple ave,569,reorder
3505,thomas,kim,thomas kim,thomas.kim.2624@mail.test,5554106044,1988-11-12,134 pine ct,2624,none
3506,robert,mueller,robert mueller,robert.patel.513@mail.test,5557276902,1989-05-22,149 birch rd,513,household_nonmatch
3507,robert,jones,robert jones,robert.jones.2792@mail.test,5556945501,1997-05-18,198 maple ave,2792,near_collision
3508,katherine,smith,katherine smith,katherine.smith.2892@mail.test,5558898050,1986-01-16,51 cedar ln,2892,none
3509,sofia,nguyen,sofia nguyen,sofia.nguyen.1486@mail.test,5556584161,1991-06-07,46 cedar ln,1486,none
3510,james,johnson,james johnson,james.johnson.3004@mail.test,5551664295,1971-03-05,24 birch rd,3004,none
3511,jennifer,murphy,jennifer murphy,jennifer.murphy.144@mail.test,5556911262,1995-03-14,59 pine ct,144,none
3512,susan,patel,susan patel,susan.smith.2185@mail.test,5553185070,1990-04-13,155 oak st,2185,household_nonmatch
3513,susan,garcia,susan garcia,susan.garcia.1551@mail.test,5557250776,1997-09-22,171 cedar ln,1551,none
3514,william,smith,william smith,william.smith.1681@mail.test,5559890512,1953-07-23,104 birch rd,1681,near_collision
3515,hans,van dyke,hans van dyke,hans.vandyke.3553@mail.test,5555326348,1990-07-19,130 pine ct,3553,none
3516,patricia,johnson,patricia johnson,patricia.johnson.1800@mail.test,5558845034,1970-10-07,124 pine ct,1800,none
3517,elizabeth,mueller,elizabeth mueller,elizabeth.mueller.995@mail.test,5559224244,1966-06-19,91 cedar ln,995,near_collision
3518,charles,patel,charles patel,charles.patel.1144@mail.test,5556189998,1966-10-22,66 birch rd,1144,none
3519,sofia,silva,sofia silva,,5559139819,,93 cedar ln,152,missing
3520,jennifer,brown,jennifer brown,jennifer.brown.2414@mail.test,5559283424,1992-05-15,20 elm way,2414,none
3521,robert,mruphy,robert mruphy,robert.murphy.400@mail.test,5553556429,1950-03-26,89 maple ave,400,typo
3522,hans,kowalski,hans kowalski,hans.kowalski.3640@mail.test,5556496926,1989-07-01,173 maple ave,3640,none
3523,dan,jønes,dan jønes,daniel.obrien.17@mail.test,5555627058,1994-12-05,126 birch rd,17,translit
3524,thomas,johsnon,thomas johsnon,thomas.patel.1106@mail.test,5552184542,1966-04-14,132 elm way,1106,household_nonmatch
3525,jose,garcia,jose garcia,jose.garcia.1993@mail.test,5553650868,1990-04-06,135 elm way,1993,none
3526,ann,kwoalski,ann kwoalski,ann.kowalski.1645@mail.test,5553966744,1952-08-12,9 oak st,1645,typo
3527,daniel,brown,daniel brown,daniel.brown.2201@mail.test,5553217598,1957-07-25,79 cedar ln,2201,none
3528,hans,obrien,hans obrien,hans.obrien.1279@mail.test,5551148532,1986-01-12,13 birch rd,1279,none
3529,david,patel,david patel,david.patel.1583@mail.test,5553778201,1956-02-21,119 elm way,1583,none
3530,greta,smith,greta smith,greta.smith.3544@mail.test,5558404325,1984-08-04,162 cedar ln,3544,near_collision
3531,katherine,van dyke,katherine van dyke,katherine.vandyke.2402@mail.test,5555776387,1951-08-05,159 oak st,2402,none
3532,laura,van dyke,laura van dyke,laura.vandyke.2890@mail.test,5551554677,1973-12-24,130 pine ct,2890,near_collision
3533,hans,johnson,hans johnson,hans.johnson.754@mail.test,5559737933,1986-04-04,12 pine ct,754,near_collision
3534,kathernie,kim,kathernie kim,katherine.kim.823@mail.test,5553598950,1989-09-02,68 pine ct,823,typo
3535,margaret,smith,margaret smith,margaret.smith.2166@mail.test,5557895384,1953-02-15,131 maple ave,2166,none
3536,katherine,brown,"brown, katherine",katherine.patel.21@mail.test,5558502858,1992-07-27,116 cedar ln,21,reorder
3537,david,patel,david patel,david.jones.301@mail.test,5556993869,1977-03-14,122 cedar ln,301,household_nonmatch
3538,thomas,patel,thomas patel,thomas.patel.2766@mail.test,5557294665,1964-04-12,118 pine ct,2766,none
3539,hans,køwalski,hans køwalski,hans.kowalski.973@mail.test,5557377473,1992-10-23,32 oak st,973,translit
3540,hans,brown,hans brown,hans.brown.181@mail.test,5553156342,,110 cedar ln,181,missing
3541,hans,van dyke,hans van dyke,hans.vandyke.2364@mail.test,5552014187,1955-06-15,99 birch rd,2364,none
3542,elizabeth,jnes,elizabeth jnes,elizabeth.jones.545@mail.test,5558557917,1998-08-14,146 pine ct,545,typo
3543,sofia,van dyke,sofia van dyke,sofia.vandyke.2709@mail.test,5559359257,1961-06-14,76 elm way,2709,near_collision
3544,jennifer,obrien,jennifer obrien,jennifer.murphy.2410@mail.test,5552906885,1959-05-07,130 birch rd,2410,household_nonmatch
3545,laura,mueller,laura mueller,laura.mueller.2532@mail.test,5557135331,1953-08-01,56 elm way,2532,none
3546,ann,jones,ann jones,ann.jones.2952@mail.test,5558957338,1968-10-03,172 oak st,2952,near_collision
3547,laura,kim,laura kim,laura.kim.2436@mail.test,,1957-10-25,4 elm way,2436,missing
3548,laura,van dyke,"van dyke, laura",laura.vandyke.1834@mail.test,5552867718,1986-05-04,109 elm way,1834,reorder
3549,g.,brown,g. brown,greta.brown.1538@mail.test,5552968400,1957-08-01,155 oak st,1538,abbrev
3550,r.,kowalski,r. kowalski,robert.kowalski.1014@mail.test,5556762511,1975-04-05,97 cedar ln,1014,abbrev
3551,ann,kowalski,ann kowalski,ann.kowalski.559@mail.test,5558875839,1952-01-27,27 oak st,559,none
3552,willixm,kowaslki,willixm kowaslki,william.kowalski.30@mail.test,5557671626,1993-11-15,139 cedar ln,30,typo
3553,sofia,mueller,sofia mueller,sofia.mueller.1795@mail.test,5559056073,1953-07-03,166 elm way,1795,near_collision
3554,kathreine,murphy,kathreine murphy,katherine.garcia.1487@mail.test,5559191228,1989-01-20,143 cedar ln,1487,typo
3555,sofia,johnson,sofia johnson,sofia.johnson.951@mail.test,5557764854,1984-07-15,88 pine ct,951,none
3556,michael,kowalski,michael kowalski,michael.kowalski.2309@mail.test,5553059356,1982-01-04,40 cedar ln,2309,none
3557,katherine,jones,katherine jones,katherine.jones.52@mail.test,5559229848,1986-03-23,38 birch rd,52,none
3558,charles,jones,charles jones,charles.jones.19@mail.test,5558795581,1980-06-22,194 oak st,19,near_collision
3559,william,garcia,william garcia,william.garcia.2471@mail.test,5552067861,1965-02-11,17 cedar ln,2471,none
3560,hans,nguyen,hans nguyen,hans.nguyen.2610@mail.test,5559140010,1960-08-23,63 maple ave,2610,near_collision
3561,katherine,patel,katherine patel,katherine.patel.816@mail.test,5558229133,1964-11-07,34 oak st,816,none
3562,thomas,kowalski,thomas kowalski,thomas.smith.824@mail.test,5555123811,1976-06-13,129 oak st,824,household_nonmatch
3563,charles,smith,charles smith,charles.smith.49@mailt.est,,,144 cedar ln,49,typo
3564,jennifer,patml,jennifer patml,jennifer.patel.175@mail.test,,1975-05-12,117 oak st,175,typo
3565,james,van dyke,james van dyke,james.vandyke.3436@mail.test,5556210901,1958-05-22,12 birch rd,3436,none
3566,david,smith,david smith,david.smith.3507@mail.test,5557476231,1953-06-03,120 cedar ln,3507,none
3567,laura,jones,laura jones,laura.jones.3545@mail.test,5559516976,1962-10-12,107 oak st,3545,none
3568,william,garcia,william garcia,william.garcia.3614@mail.test,5551002117,1973-05-08,19 maple ave,3614,near_collision
3569,jim,kim,jim kim,james.kim.2097@mail.test,5552786413,1985-10-21,18 oak st,2097,abbrev
3570,katherine,van dyke,"van dyke, katherine",katherine.obrien.700@mail.test,5551577907,1958-11-13,74 cedar ln,700,reorder
3571,katherine,jones,katherine jones,katherine.jones.813@mail.test,5557697359,1981-06-18,43 pine ct,813,near_collision
3572,greta,brown,greta brown,greta.brown.810@mail.test,5558745500,1993-02-03,123 elm way,810,none
3573,michael,pacel,michael pacel,michael.patel.347@mail.test,5558506750,1964-03-26,8 pine ct,347,typo
3574,ann,van dyke,ann van dyke,ann.vandyke.441@mail.test,5555768173,1962-03-19,98 maple ave,441,none
3575,david,obrien,david obrien,david.obrien.448@mail.test,5559271147,1968-12-09,164 oak st,448,near_collision
3576,david,kim,david kim,david.kim.2311@mail.test,5558256063,1963-10-04,82 pine ct,2311,none
3577, .,garcia, . garcia,JOSE.GARCIA.232@MAIL.TEST,5559910405,1979-10-13,135 oak st,232,abbrev
3578,sofia,patel,sofia patel,sofia.patel.1951@mail.test,5558749491,1998-01-25,15 pine ct,1951,near_collision
3579,sofia,jones,sofia jones,sofia.jones.790@mail.test,5554777426,1987-01-07,49 pine ct,790,none
3580,ann,kim,ann kim,ann.kim.1984@mail.test,5552431333,1954-04-22,105 birch rd,1984,none
3581,hans,silva,hans silva,hans.brown.1119@mail.test,5558028322,1972-11-21,73 birch rd,1119,household_nonmatch
3582,robert,obrien,robert obrien,robert.obrien.1020@mail.test,5551529799,1950-07-07,156 cedar ln,1020,none
3583,robert,brown,robert brown,,5551042513,1952-01-21,130 pine ct,206,missing
3584,robert,va ndyke,robert va ndyke,robert.vandyke.203@mail.test,5556305781,1954-04-18,3 elm way,203,typo
3585,patricia,obrien,patricia obrien,patricia.obrien.647@mail.test,5555132942,1968-08-14,117 cedar ln,647,none
3586,michael,garcia,michael garcia,michael.garcia.3616@mail.test,5552362684,1980-11-12,63 oak st,3616,none
3587,susan,mueller,susan mueller,susan.mueller.3303@mail.test,5551504031,1958-09-14,13 cedar ln,3303,none
3588,elizabeth,jones,elizabeth jones,elizabeth.jones.575@mail.test,5554947472,1980-12-08,118 maple ave,575,none
3589,william,garcia,william garcia,william.brown.3407@mail.test,5555741358,1957-05-01,61 pine ct,3407,household_nonmatch
3590,charles,obrien,charles obrien,charles.obrien.3359@mail.test,5553861890,1992-04-22,23 oak st,3359,none
3591,thomas,smith,thomas smith,thomas.smith.461@mail.test,5551093897,1959-04-19,21 birch rd,461,none
3592,sofia,smith,sofia smith,sofa.smith.1533@mail.test,5557065396,1958-05-07,95 cedar ln,1533,typo
3593,james,patel,james patel,james.patel.3375@mail.test,5552851760,1990-03-07,52 maple ave,3375,none
3594,charles,murphy,"murphy, charles",charles.murphy.60@mail.test,5553714800,1966-03-03,147 birch rd,60,reorder
3595,jose,silva,jose silva,jose.silva.2702@mail.test,5559243516,1962-12-18,95 maple ave,2702,near_collision
3596,susan,brown,susan brown,susan.brown.1780@mail.test,5558977087,1957-03-21,142 oak st,1780,none
3597,james,smith,james smith,james.smith.299@mail.test,5557418715,1950-10-15,87 elm way,299,none
3598,hans,silva,hans silva,hans.silva.2470@mail.test,5556600974,1964-04-02,192 elm way,2470,none
3599,dapiel,murphy,dapiel murphy,daniel.murphy1.1@mail.test,5552309139,1977-03-21,114 maple ave,11,typo
3600,robert,nguyen,robert nguyen,robert.nguyen.2369@mail.test,5558040738,1963-10-10,121 pine ct,2369,none
3601,thomas,obrien,thomas obrien,thomas.obrien.3401@mail.test,5558436215,1996-12-27,89 birch rd,3401,near_collision
3602,laura,garcia,laura garcia,laura.garcia.1692@mail.test,5557143134,1961-01-15,15 maple ave,1692,none
3603,daniel,van dyke,daniel van dyke,daniel.vandyke.1479@mail.test,5552695452,1963-05-19,185 pine ct,1479,none
3604,james,johnson,james johnson,james.johnson.1426@mail.test,5559515576,1989-08-10,115 maple ave,1426,none
3605,laura,smith,laura smith,laura.smith.2552@mail.test,5557514011,1998-04-03,30 oak st,2552,none
3606, Michael ,patel, Michael  patel,MICHAEL.PATEL.95@MAIL.TEST,5558761205,1995-04-20,91 cedar ln,95,case_noise
3607,robert,jones,robert jones,robert.jones.1199@mail.test,5552466285,1960-05-03,174 birch rd,1199,none
3608,elizaeth,smith,elizaeth smith,elizabeth.smith.1231@mail.test,5551381338,1982-06-06,156 maple ave,1231,typo
3609,thomas,silva,thomas silva,thomas.silva.1757@mail.test,5551439432,1961-04-15,59 birch rd,1757,none
3610,jose,van dyke,jose van dyke,jose.vandyke.788@mail.test,5554931260,1954-02-17,151 birch rd,788,none
3611,sofia,mueller,sofia mueller,sofia.mueller.3578@mail.test,5554899394,1959-02-20,113 birch rd,3578,near_collision
3612,jim,murphy,jim murphy,james.murphy.1314@mail.test,5555944074,1974-02-24,50 elm way,1314,abbrev
3613,susan,silva,susan silva,susan.silva.2276@mail.test,5559832774,1991-12-05,141 birch rd,2276,none
3614,michael,brown,michael brown,michael.brown.3134@mail.test,5551227027,1967-12-07,30 birch rd,3134,none
3615,thomas,smith,thomas smith,thomas.smith.2906@mail.test,5557142351,1983-01-19,68 maple ave,2906,none
3616,ann,johnson,ann johnson,ann.johnson.1269@mail.test,5555296529,1967-01-24,195 elm way,1269,near_collision
3617,jennifer,garcia,jennifer garcia,jennifer.kim.207@mail.test,5552593501,1984-01-18,91 elm way,207,household_nonmatch
3618,elizabeth,obrien,elizabeth obrien,elizabeth.obrien.2891@mail.test,5555739969,1990-10-16,155 pine ct,2891,none
3619,james,murphy,james murphy,james.murphy.428@mail.test,,1987-02-27,15 birch rd,428,missing
3620, Susan ,garcia, Susan  garcia,SUSAN.GARCIA.749@MAIL.TEST,5552266066,1954-11-27,104 cedar ln,749,case_noise
3621,margaret,smith,margaret smith,margaret.smith.1378@mail.test,5558780377,1990-04-16,151 cedar ln,1378,none
3622,jose,nguyen,jose nguyen,jose.nguyen.2102@mail.test,5558229744,1951-05-19,76 birch rd,2102,none
3623,charles,jozes,charles jozes,charles.jones.19@mail.test,,,194 oak st,19,typo
3624,michael,murphy,"murphy, michael",michael.murphy.1342@mail.test,5551164285,1957-06-08,117 oak st,1342,reorder
3625,jennifer,van dyke,jennifer van dyke,jennifer.vandyke.1711@mail.test,5559787574,1969-10-18,29 pine ct,1711,none
3626,daniel,silva,daniel silva,daniel.silva.381@mail.test,5556352213,1980-12-13,40 pine ct,381,none
3627,james,kim,james kim,james.kim.2323@mail.test,5552275384,1989-12-27,42 pine ct,2323,none
3628,laura,van dyke,laura van dyke,laura.vandyke.2341@mail.test,5553635576,1982-11-25,4 pine ct,2341,none
3629,katherine,kim,katherine kim,katherine.kim.1425@mail.test,5553886682,1978-09-25,128 oak st,1425,none
3630,greta,brown,greta brown,greta.brown.1617@mail.test,5554008862,1950-08-09,171 birch rd,1617,none
3631,katherine,brown,katherine brown,katherine.patel.21@mail.test,5558502858,1992-07-27,116 cedar ln,21,household_nonmatch
3632,jennifer,johnson,jennifer johnson,jennifer.johnson.2916@mail.test,5553992872,1986-07-23,140 pine ct,2916,near_collision
3633,hans,garcia,"garcia, hans",hans.garcia.998@mail.test,5554646708,1963-07-04,28 maple ave,998,reorder
3634,elizabeth,johnson,elizabeth johnson,elizabeth.johnson.192@mail.test,5556916681,1990-08-19,147 pine ct,192,none
3635,jennifer,van dyke,jennifer van dyke,jennifer.silva.778@mail.test,5551019510,1986-03-08,4 birch rd,778,household_nonmatch
3636,william,van dyke,william van dyke,william.vandyke.264@mail.qest,5551111711,1997-12-17,41 cedar ln,264,typo
3637,laura,obrien,laura obrien,laura.obrien.2785@mail.test,5552476085,1955-12-06,154 elm way,2785,none
3638,laura,patel,laura patel,laura.paoel.2333@mail.test,5557894825,1985-08-18,82 maple ave,2333,typo
3639,elizabeth,obrien,elizabeth obrien,elizabeth.jones.2845@mail.test,5557354395,1960-05-23,100 birch rd,2845,household_nonmatch
3640,hans,van dyke,hans van dyke,hans.smith.3238@mail.test,5551312057,1958-04-07,34 elm way,3238,household_nonmatch
3641,thomas,smith,thomas smith,thomas.smith.1666@mail.test,5554771686,1962-06-05,93 pine ct,1666,none
3642,p.,van dyke,p. van dyke,patricia.vandyke.1944@mail.test,5553965369,1985-12-20,130 elm way,1944,abbrev
3643,katherine,obrien,katherine obrien,katherine.obrien.3155@mail.test,5559665567,1990-06-02,152 cedar ln,3155,near_collision
3644,thomas,garcia,thomas garcia,thomas.murphy.934@mail.test,5552217371,1976-09-17,49 oak st,934,household_nonmatch
3645,katherine,patel,katherine patel,katherine.patel.426@mail.test,5558964149,1992-12-05,27 elm way,426,near_collision
3646,greta,silva,greta silva,greta.silva.616@mail.test,5553796232,1980-06-06,101 oak st,616,none
3647,a.,brown,a. brown,ann.brown.25@mail.test,5558078369,1989-09-19,149 maple ave,25,abbrev
3648,william,johnson,william johnson,william.johnson.3152@mail.test,5558687757,1971-01-08,120 cedar ln,3152,none
3649,david,murhpy,david murhpy,david.murphy.1741@mail.test,5557622885,1954-03-02,77 oak st,1741,typo
3650, Elizabeth ,johnson, Elizabeth  johnson,ELIZABETH.JOHNSON.192@MAIL.TEST,5556916681,1990-08-19,147 pine ct,192,case_noise
3651,ann,garcia,ann garcia,ann.garcia.3081@mail.test,5551931971,1966-12-21,35 pine ct,3081,none
3652,charles,brown,charles brown,charles.jones.2138@mail.test,5557526012,1960-06-11,191 pine ct,2138,household_nonmatch
3653,william,jones,william jones,william.jones.1042@mail.test,5555963587,1997-12-25,30 oak st,1042,none
3654,thomas,garcia,thomas garcia,thomas.garcia.2764@mail.test,5555424573,1974-06-21,5 elm way,2764,none
3655,jose,murphy,jose murphy,jose.murphy.1132@mail.test,5559522302,1997-04-18,121 maple ave,1132,none
3656,jennifer,smith,jennifer smith,jennifer.smith.601@mail.test,5559225127,1971-12-25,107 pine ct,601,none
3657, Thomas ,murphy, Thomas  murphy,THOMAS.MURPHY.712@MAIL.TEST,5557230471,1987-05-07,128 maple ave,712,case_noise
3658,thomas,smith,thomas smith,thomas.smith.2867@mail.test,5552381294,1961-07-17,175 maple ave,2867,none
3659,margaret,brown,"brown, margaret",margaret.kowalski.2@mail.test,5558502858,1973-07-16,116 cedar ln,2,reorder
3660,jennifer,kowalski,jennifer kowalski,jennifer.kowalski.214@mail.test,5559325648,1964-02-23,196 oak st,214,none
3661,patricia,van dyke,patricia van dyke,patricia.vandyke.1440@mail.test,5554236234,1965-03-21,111 elm way,1440,translit
3662,charles,garcia,charles garcia,charles.garcia.3430@mail.test,5555251174,1971-03-17,38 birch rd,3430,none
3663,susan,murphy,susan murphy,susan.murphy.2911@mail.test,5559100139,1995-04-05,15 maple ave,2911,near_collision
3664,patricia,johnson,patricia johnson,patricia.johnson.1935@mail.test,5559186238,1955-12-16,179 cedar ln,1935,none
3665,thomas,van dyke,thomas van dyke,thomas.vandyke.2594@mail.test,5552577915,1982-10-22,77 maple ave,2594,near_collision
3666,daniel,silva,daniel silva,daniel.silva.1802@mail.test,5555682061,1953-11-05,22 oak st,1802,none
3667,daniel,van dyke,daniel van dyke,daniel.vandyke.3606@mail.test,5559986819,1990-01-18,176 oak st,3606,none
3668,david,garcia,david garcia,david.garcia.2697@mail.test,5555775144,1952-04-21,4 maple ave,2697,near_collision
3669,katherine,obrien,katherine obrien,katherine.obrien.772@mail.test,5552983220,1957-10-09,84 cedar ln,772,none
3670,william,kmi,william kmi,william.kim.169@mail.test,5557971350,1954-04-24,8 cedar ln,169,typo
3671,daniel,silva,daniel silva,daniel.silva.3597@mail.test,5556109088,1975-09-17,119 elm way,3597,none
3672,sofia,mueller,sofia mueller,sofia.mueller.2037@mail.test,5552131414,1962-10-22,183 cedar ln,2037,near_collision
3673,j.,johnson,j. johnson,jennifer.johnson.1158@mail.test,5559335230,1974-04-27,175 maple ave,1158,abbrev
3674,robert,jøhnsøn,robert jøhnsøn,robert.johnson.402@mail.test,5557390195,1959-10-24,53 cedar ln,402,translit
3675,michael,patel,michael patel,michael.patel.109@mail.test,5557926158,1968-09-15,83 maple ave,109,none
3676,sofia,kim,sofia kim,sofia.kim.657@mail.test,5554796904,1976-03-17,77 birch rd,657,none
3677,patricia,johnson,patricia johnson,patricia.johnson.668@mail.test,5555892348,1962-09-16,29 pine ct,668,none
3678,margaret,brøwn,margaret brøwn,margaret.kowalski.2@mail.test,5558502858,1973-07-16,116 cedar ln,2,translit
3679,michael,jones,michael jones,michael.jones.42@mail.test,5554913320,1958-11-24,38 oak st,42,none
3680, Michael ,nguyen, Michael  nguyen,,5558866618,1987-08-21,40 maple ave,47,translit
3681,charles,kim,charles kim,charles.kim.3373@mail.test,5559524198,1998-08-04,101 oak st,3373,near_collision
3682, Ann ,patel, Ann  patel,ANN.PATEL.1271@MAIL.TEST,5558499409,1972-08-02,181 pine ct,1271,case_noise
3683,patricia,obrien,patricia obrien,patricia.obrien.1430@mail.test,5551120109,1989-11-21,17 maple ave,1430,near_collision
3684,daniel,jones,daniel jones,daniel.obrien.17@mail.test,5555627058,1994-12-05,126 birch rd,17,household_nonmatch
3685,sofia,silva,sofia silva,sofia.silva.2910@mail.test,5556147994,1961-06-09,186 birch rd,2910,near_collision
3686, .,van dyke, . van dyke,PATRICIA.VANDYKE.1439@MAIL.TEST,5553578796,1954-02-11,105 maple ave,1439,abbrev
3687, Daniel ,jones, Daniel  jones,DANIEL.OBRIEN.17@MAIL.TEST,5555627058,1994-12-05,126 birch rd,17,case_noise
3688,jose,jones,jose jones,jose.jones.2217@mail.test,5552288061,1956-11-06,167 cedar ln,2217,near_collision
3689, Ptricia ,johnson, Ptricia  johnson,PATRICIA.JOHNSON.67@MAIL.TEST,,,111 birch rd,67,case_noise
3690,haps,mueller,haps mueller,hans.mueller.2106@mail.test,5552551349,1964-09-10,141 cedar ln,2106,typo
3691,sofia,patel,"patel, sofia",sofia.patel.1952@mail.test,5558104778,1963-05-27,5 cedar ln,1952,reorder
3692,liz,smith,liz smith,elizabeth.smith.224@mail.test,5551773282,1988-10-20,190 cedar ln,224,abbrev
3693,patricia,kim,patricia kim,patricia.kim.1491@mail.test,5556238844,1988-03-06,133 oak st,1491,none
3694,thomas,kowalski,thomas kowalski,thomas.kowalski.1957@mail.test,5555593363,1992-10-15,147 cedar ln,1957,none
3695,hans,nguyen,hans nguyen,hans.brown.153@mail.test,,1974-04-24,40 maple ave,153,household_nonmatch
3696,robert,van dyke,robert van dyke,robert.patel.355@mail.test,,1977-04-27,152 pine ct,355,household_nonmatch
3697,c.,jønes,c. jønes,charles.jones.19mmail.test,5558795581,1980-06-22,194 oak st,19,abbrev
3698,afn,silva,afn silva,ann.kim.600@mail.test,5553959722,1966-07-14,187 pine ct,600,typo
3699,thomas,van dyke,thomas van dyke,thomas.vandyke.3473@mail.test,5554626619,1951-02-04,164 oak st,3473,none
3700,daniel,murphy,daniel murphy,daniel.murphy.279@mail.test,5551286686,1987-06-08,47 maple ave,279,none
3701,thomas,kowalski,thomas kowalski,thomas.mueller.3130@mail.test,5559092871,1959-04-10,9 birch rd,3130,household_nonmatch
3702,elizabeth,brown,elizabeth brown,elizabeth.brown.1812@mail.test,5552257100,1961-09-20,197 cedar ln,1812,none
3703,jennifer,silva,jennifer silva,jennifer.silva.1650@mail.test,5551031101,1951-07-23,58 birch rd,1650,none
3704,william,jones,william jones,wliliam.jones.4@mail.test,5555627058,1963-06-11,126 birch rd,4,typo
3705,charles,van dyke,charles van dyke,charles.obrien.2837@mail.test,5551114595,1995-06-23,61 elm way,2837,household_nonmatch
3706,margaret,smith,margaret smith,margaret.smith.2295@mail.test,5552550439,1951-02-14,66 birch rd,2295,none
3707,daniel,mueller,daniel mueller,daniel.mueller.3562@mail.test,5557858210,1981-11-10,30 pine ct,3562,none
3708,david,garcia,david garcia,davidvgarcia.255@mail.test,5558157336,1988-07-14,40 oak st,255,typo
3709,james,silva,james silva,james.silva.3277@mail.test,5558543298,1995-05-17,117 oak st,3277,none
3710,patricia,brown,patricia brown,patricia.silva.1155@mail.test,5554801769,1982-10-26,171 oak st,1155,household_nonmatch
3711,ann,kowalski,ann kowalski,ann.kowalski.3658@mail.test,5552758207,1969-06-07,143 elm way,3658,none
3712,ann,jønes,ann jønes,,5559479970,,4 cedar ln,293,missing
3713,patricia,mueller,patricia mueller,patricia.silva.3509@mail.test,5555083709,1957-08-18,196 pine ct,3509,household_nonmatch
3714, Charles ,kim, Charles  kim,CHARLES.VANDYKE.190@MAIL.TEST,5557971350,1994-04-06,8 cedar ln,190,case_noise
3715,hans,van dyke,hans van dyke,hans.vandyke.2376@mail.test,5552527434,1997-02-20,14 pine ct,2376,none
3716,datid,van dyke,datid van dyke,david.vandyke.365@mail.test,5554939285,1968-12-26,30 pine ct,365,typo
3717,charles,patel,charles patel,,5556993869,1988-09-11,122 cedar ln,88,missing
3718,jose,garcia,jose garcia,jose.garcia.943@mail.test,5551611343,1993-05-26,178 birch rd,943,none
3719,thomas,smith,thomas smith,thomas.smith.891@mail.test,5555269738,1959-08-08,37 elm way,891,none
3720,david,obrien,david obrien,david.obrien.1989@mail.test,5551895751,1972-04-25,164 elm way,1989,none
3721,susan,kowalski,susan kowalski,susan.kowalski.1297@mail.test,5555782718,1973-12-04,157 oak st,1297,none
3722,katherine,mueller,katherine mueller,katherine.smith.3378@mail.test,5553904838,1968-05-22,163 pine ct,3378,household_nonmatch
3723,margaret,smith,margaret smith,margaret.smith.2590@mail.test,5559928405,1983-10-02,123 cedar ln,2590,none
3724,susan,kim,susan kim,susan.kim.918@mail.test,5553439558,1979-03-17,6 elm way,918,none
3725,thomas,kowalski,thomas kowalski,thomas.kowalski.2294@mail.test,5551687030,1966-04-25,63 maple ave,2294,none
3726,s.,nguyen,s. nguyen,susan.nguyen.1943@mail.test,5551374619,1996-10-24,5 cedar ln,1943,abbrev
3727,hans,mueller,hans mueller,hans.mueller.696@mail.test,5558609672,1950-04-26,165 elm way,696,none
3728,jennifer,smith,jennifer smith,jennifer.smith.2290@mail.test,5552154592,1995-02-07,158 maple ave,2290,none
3729,elizabeth,kowalski,elizabeth kowalski,elizabeth.kowalski.361@mail.test,5557182224,1995-09-26,171 pine ct,361,near_collision
3730,chuck,kim,chuck kim,charles.vandyke.190@mail.test,5557971350,1994-04-06,8 cedar ln,190,abbrev
3731,jennifer,smith,jennifer smith,jennifer.smith.1330@mail.test,5551836391,1976-11-16,140 cedar ln,1330,near_collision
3732,thomas,kowalski,"kowalski, thomas",thomas.kowalski.2396@mail.test,5555900984,1991-06-12,63 cedar ln,2396,reorder
3733,jose,murphy,jose murphy,jose.murphy.1806@mail.test,5551757930,1958-03-10,28 oak st,1806,none
3734,daniel,smith,daniel smith,daniel.smith.1@mail.test,5552182966,1989-02-13,100 cedar ln,1,none
3735,ann,silva,ann silva,ann.silva.200@mail.test,5557774867,1956-01-27,157 pine ct,200,near_collision
3736,margaret,patel,margaret patel,margaret.patel.3525@mail.test,5555610068,1985-11-08,64 birch rd,3525,none
3737,thomas,silva,thomas silva,thomas.smith.1196@mail.test,5558273881,1956-08-18,24 birch rd,1196,household_nonmatch
3738,greta,van dyke,greta van dyke,greta.vandyke.576@mail.test,5557271076,1966-09-24,137 elm way,576,none
3739,greta,johnson,"johnson, greta",greta.johnson.97@mail.test,5559666218,1977-09-07,6 maple ave,97,reorder
3740,william,van dyke,william van dyke,william.vandyke.2901@mail.test,5551199880,1998-02-11,21 maple ave,2901,none
3741,susan,kowalski,susan kowalski,susan.kowalski.3445@mail.test,5555044199,1956-05-15,44 oak st,3445,none
3742,chalres,van dyke,chalres van dyke,charles.vandyke.492@mail.test,,1975-08-27,3 maple ave,492,missing
3743,charles,smith,charles smith,charles.smith.49@mail.test,5554433147,1951-10-07,144 cedar ln,49,none
3744,margaret,nguyen,margaret nguyen,margaret.nguyen.294@mail.test,5557627931,1988-04-04,178 cedar ln,294,none
3745,ann,mueller,ann mueller,ann.mueller.2501@mail.test,5559893635,1957-06-02,166 elm way,2501,near_collision
3746,greta,murphy,greta murphy,greta.murphy.2023@mail.test,5554851173,1973-04-20,91 pine ct,2023,none
3747,jennifer,jones,jennifer jones,jennifer.jones.585@mail.test,5551243758,1957-10-04,125 pine ct,585,none
3748,robert,kowalski,robert kowalski,robert.kowalski.2246@mail.test,5552770182,1984-02-05,74 elm way,2246,none
3749,thomas,garca,thomas garca,thomas.garcia.390@mail.test,5558494530,1955-07-26,44 pine ct,390,typo
3750,susan,murphy,susan murphy,susan.murphy.3267@mail.test,5551019193,1998-09-11,4 birch rd,3267,none
3751,sofia,mueller,sofia mueller,sofia.murphy.1469@mail.test,5556934785,1956-11-15,19 maple ave,1469,household_nonmatch
3752,daniel,smith,"smith, daniel",daniel.smith.12@mail.test,5558956511,1997-08-16,36 birch rd,12,reorder
3753,michael,smith,michael smith,michael.smith.689@mail.test,5553039300,1977-07-13,174 pine ct,689,none
3754,elizabeth,silva,elizabeth silva,elizabeth.silva.2499@mail.test,5551210416,1994-10-22,63 elm way,2499,none
3755,e.,silva,e. silva,elizabeth.vandyke.634@mail.test,5553959722,1981-09-26,187 pine ct,634,abbrev
3756,james,kowalski,james kowalski,james.kowalski.867@mail.test,5559092871,1951-10-09,9 birch rd,867,none
3757,susan,obrien,susan obrien,susan.obrien.3140@mail.test,5551441516,1958-02-20,24 pine ct,3140,none
3758,daniel,patel,daniel patel,daniel.patel.2103@mail.test,5556772255,1979-11-27,9 oak st,2103,none
3759,thomas,obrien,thomas obrien,thomas.obrien.2833@mail.test,5554646536,1995-05-13,108 elm way,2833,none
3760,katherine,kowalski,katherine kowalski,katherine.kowalski.1664@mail.test,5555214184,1955-02-02,180 birch rd,1664,near_collision
3761,ann,patel,ann patel,ann.patel.1271@mail.test,5558499409,1972-08-02,181 pine ct,1271,none
3762,laura,jones,laura jones,laura.jones.2542@mail.test,5551166884,1969-06-15,109 birch rd,2542,none
3763,patricia,johnson,"johnson, patricia",patricia.johnson.668@mail.test,5555892348,1962-09-16,29 pine ct,668,reorder
3764,ann,brown,ann brown,ann.brown.250@mailgtest,5554353891,1953-01-12,54 oak st,250,typo
3765,greta,patel,"patel, greta",greta.patel.1120@mail.test,5556999014,1982-09-02,119 cedar ln,1120,reorder
3766,charles,kim,charles kim,charles.kim.1621@mail.test,5552511992,1954-09-10,156 cedar ln,1621,none
3767,charles,brown,charles brown,charles.brown.1393@mail.test,5559663989,1988-06-10,105 oak st,1393,near_collision
3768,charles,murphy,charles murphy,charles.murphy.60@mail.test,5553714800,1966-03-03,147 birch rd,60,translit
3769,charles,jones,charles jones,charles.jones.1099@mail.test,5551345579,1997-12-18,73 maple ave,1099,none
3770,david,kowalski,david kowalski,david.kowalski.1092@mail.test,5551327363,1981-11-21,76 elm way,1092,none
3771,michael,obrien,michael obrien,michael.obrien.3561@mail.test,5551119634,1980-08-22,49 birch rd,3561,none
3772,william,jones,william jones,william.jones.1657@mail.test,5555711784,1989-01-14,179 pine ct,1657,none
3773,ann,garcia,ann garcia,ann.garcia.1809@mail.test,5557536073,1965-03-18,64 elm way,1809,none
3774,david,obrien,david obrien,david.obrien.3077@mail.test,5559071808,1951-06-27,78 cedar ln,3077,none
3775,greta,nguyen,greta nguyen,greta.nguyen.391@mail.test,5559276736,1995-11-08,81 pine ct,391,none
3776,charles,mueller,charles mueller,charles.mueller.962@mail.test,5559368663,1963-05-16,153 oak st,962,none
3777, Katherine ,brown, Katherine  brown,KATHREINE.PATEL.8@MAIL.TEST,5558502858,1978-12-11,116 cedar ln,8,typo
3778,thomas,jones,thomas jones,thomas.jones.1814@mail.test,5554149669,1977-08-09,129 pine ct,1814,none
3779,jennifer,silva,jennifer silva,jennifer.silva.1170@mail.test,5556006524,1957-07-04,96 birch rd,1170,none
3780,j.,van dyke,j. van dyke,jose.vandyke.952@mail.test,5552937584,1950-03-13,28 pine ct,952,abbrev
3781,ptricia,johnson,ptricia johnson,patricia.johnson.67@mail.test,,,111 birch rd,67,missing
3782,james,jones,james jones,james.mueller.1265@mail.test,5552614059,1980-01-14,128 maple ave,1265,household_nonmatch
3783,katherine,kim,katherine kim,katherine.vandyke.3625@mail.test,5554371963,1951-03-04,151 pine ct,3625,household_nonmatch
3784,jennifer,kowalski,jennifer kowalski,jennifer.kowalski.2848@mail.test,5552459966,1981-03-07,80 elm way,2848,none
3785,sofia,kowalski,sofia kowalski,sofia.kowalski.3450@mail.test,5555015378,1996-05-12,98 cedar ln,3450,none
3786,thomas,brown,thomas brown,thomas.brown.82@mail.test,5556343861,1980-10-21,57 elm way,82,none
3787,james,obrein,james obrein,james.obrien.1816@mail.test,5557090630,1972-07-10,79 pine ct,1816,typo
3788,thomas,jones,thomas jones,thomas.jones.3590@mail.test,5553319538,1998-04-10,106 maple ave,3590,near_collision
3789,william,mueller,william mueller,william.mueller.685@mail.test,5558778025,1961-10-03,146 pine ct,685,none
3790,patricia,kowalsi,patricia kowalsi,patricia.kowalski.302@mail.test,5556013313,1973-11-27,85 pine ct,302,typo
3791,katherine,johnson,katherine johnson,katherine.johnson.1010@mail.test,5556206269,1979-09-27,123 elm way,1010,none
3792,margaret,kim,margaret kim,margaret.brown.1100@mail.test,5553567664,1968-03-27,91 elm way,1100,household_nonmatch
3793,charles,jønes,charles jønes,charles.jones.102@mail.test,,,70 oak st,102,missing
3794,laura,brown,laura brown,laura.brown.3144@mail.test,5553696271,1967-12-16,125 cedar ln,3144,none
3795,p.,silva,p. silva,paticia.silva.683@mail.test,5554026975,1985-06-11,141 pine ct,683,abbrev
3796,robert,silva,robert silva,robert.smith.946@mail.test,5558273881,1996-05-17,24 birch rd,946,household_nonmatch
3797,jose,kowalski,jose kowalski,jose.kowalski.2821@mail.test,5559667340,1967-06-27,81 cedar ln,2821,none
3798,patricia,johnson,patricia johnson,patricia.johnson.3420@mail.test,5552772152,1952-06-19,121 cedar ln,3420,none
3799,charles,van dyke,charles van dyke,charles.vandyke.2146@mail.test,5553894093,1983-03-14,147 elm way,2146,near_collision
3800,sofia,obrien,sofia obrien,sofia.obrien.2765@mail.test,5556181594,1950-11-12,35 oak st,2765,none
3801,james,nguyen,james nguyen,james.nguyen.3571@mail.test,5555942363,1998-12-17,188 cedar ln,3571,none
3802,roebrt,nguyen,roebrt nguyen,robert.nguyen.215@mail.test,5557357545,1998-10-20,50 pine ct,215,typo
3803,hans,brown,hans brown,hans.brown.2860@mail.test,5558249200,1967-08-24,20 elm way,2860,none
3804,sue,obrien,sue obrien,susan.obrien.475@mail.test,5554023057,1986-01-27,59 cedar ln,475,abbrev
3805,j.,murphy,j. murphy,jennifer.jones.217@mail.test,5553714800,1970-06-26,147 birch rd,217,abbrev
3806,jose,patel,jose patel,jose.patel.1843@mail.test,5557052760,1986-01-14,25 elm way,1843,none
3807,patricia,obrien,patricia obrien,patricia.obrien.1927@mail.test,5553488802,1956-09-19,38 birch rd,1927,near_collision
3808,margaret,mueller,margaret mueller,margaret.mueller.3000@mail.test,5558379854,1953-10-26,192 pine ct,3000,none
3809,jose,kim,jose kim,jose.kim.979@mail.test,5551789344,,48 elm way,979,missing
3810,susan,silva,"silva, susan",susan.silva.1341@mail.test,5551440795,1991-11-10,72 cedar ln,1341,reorder
3811,hans,mueller,"mueller, hans",hans.mueller.2018@mail.test,5556002218,1964-07-01,77 oak st,2018,reorder
3812,patricia,jones,patricia jones,patricia.jones.812@mail.test,5556606687,1958-01-24,43 pine ct,812,none
3813,hans,brown,hans brown,hans.brown.2356@mail.test,5559596374,1986-02-23,88 oak st,2356,none
3814,h.,brown,h. brown,hans.brown.2860@mail.test,5558249200,1967-08-24,20 elm way,2860,abbrev
3815,susan,kim,susan kim,susan.kim.490@mail.test,5559405897,1990-01-20,7 birch rd,490,near_collision
3816,evizabeth,brown,evizabeth brown,elizabeth.brown.1633@mail.test,5556308380,1990-03-14,17 elm way,1633,typo
3817,ann,garcia,ann garcia,ann.garcia.419@mail.test,5554527201,1969-07-07,139 pine ct,419,none
3818,elizabeth,obrien,elizabeth obrien,elizabeth.obrien.2656@mail.test,5557361920,1976-11-07,117 pine ct,2656,none
3819,ann,obrien,ann obrien,ann.obrien.511@mail.test,5557138537,1959-02-26,194 maple ave,511,near_collision
3820,susan,silva,susan silva,susan.silva.2799@mail.test,5555596891,1997-11-21,185 pine ct,2799,none
3821,greta,jones,greta jones,greta.jones.3416@mail.test,5555091583,1961-01-26,137 elm way,3416,none
3822,patricia,nguyen,patricia nguyen,patricia.nguyen.3249@mail.test,5553641490,1966-02-07,143 pine ct,3249,none
3823,michael,brown,michael brown,michael.brown.2299@mail.test,5553487877,1990-04-22,123 cedar ln,2299,none
3824,michael,murphy,michael murphy,michael.murphy.2947@mail.test,5556798337,1969-03-03,57 oak st,2947,none
3825,sofia,garcia,sofia garcia,sofia.garcia.777@mail.test,5553826976,1950-02-08,96 pine ct,777,none
3826,charles,silva,charles silva,charles.mueller.1458@mail.test,5556738008,1954-09-06,138 cedar ln,1458,translit
3827,daniel,nguyen,daniel nguyen,daniel.nguyen.1584@mail.test,5552839295,1954-11-02,50 cedar ln,1584,none
3828,jose,johnson,jose johnson,jose.johnson.2961@mail.test,5553492740,1970-03-11,101 elm way,2961,none
3829,robert,smith,robert smith,robert.smith.1482@mail.test,5558297012,1994-05-06,42 cedar ln,1482,none
3830,hans,kowalski,hans kowalski,hans.kowalski.197@mail.test,5553797164,1961-12-05,180 maple ave,197,near_collision
3831,sofia,obrien,sofia obrien,sofia.obrien.178@mail.test,5553562513,1988-04-02,167 oak st,178,none
3832,laura,mueller,laura mueller,laura.mueller.1923@mail.test,5557048793,1982-07-19,6 cedar ln,1923,none
3833,james,brown,james brown,james.brown.1312@mail.test,5551263858,1995-07-09,7 oak st,1312,none
3834,patricia,smith,patricia smith,patricia.smith.1300@mail.test,5552698528,1974-01-23,132 cedar ln,1300,none
3835,katherine,mueller,katherine mueller,katherine.mueller.439@mail.test,5553524870,1997-09-03,52 cedar ln,439,near_collision
3836,jennifer,smtih,jennifer smtih,jennifer.smith.1330@mail.test,5551836391,1976-11-16,140 cedar ln,1330,typo
3837,david,patel,david patel,david.patel.533@mail.test,5554544337,1954-03-11,20 birch rd,533,none
3838,elizabeth,nguyen,elizabeth nguyen,elizabeth.nguyen.1189@mail.test,5559813250,1989-08-04,4 elm way,1189,none
3839,hans,mueller,hans mueller,hans.mueller.2105@mail.test,5552740076,1987-01-17,107 birch rd,2105,near_collision
3840,michael,silva,michael silva,michael.silva.501@mail.test,5552243609,1985-11-13,164 birch rd,501,none
3841,sofia,van dyke,sofia van dyke,sofia.vandyke.2929@mail.test,5552037158,1954-09-04,155 birch rd,2929,near_collision
3842,hans,murphy,hans murphy,hans.murphy.833@mail.test,5557052639,1988-09-20,66 birch rd,833,none
3843,margaret,mueller,margaret mueller,margaret.mueller.974@mail.test,5555942800,1990-11-14,153 maple ave,974,none
3844,charles,jones,charles jones,charles.jones.19@mail.test,,,194 oak st,19,missing
3845,sofia,murphy,sofia murphy,sofia.murphy.3650@mail.test,5557349829,1992-02-25,21 elm way,3650,none
3846,hans,kim,hans kim,hans.kim.608@mail.test,5554692335,1950-04-26,122 maple ave,608,near_collision
3847,charles,jønes,charles jønes,charles.jones.102@mail.test,5558590484,1979-06-24,70 oak st,102,translit
3848,susan,smith,susan smith,susan.nguyen.1126@mail.test,5555874276,1963-08-07,2 pine ct,1126,household_nonmatch
3849,susan,garcia,"garcia, susan",susan.garcia.284@mail.test,5557315309,,139 elm way,284,reorder
3850,david,johnson,david johnson,david.johnson.1602@mail.test,5555716441,1994-02-01,142 elm way,1602,none
3851,susan,jones,susan jones,susan.jones.59@mail.test,5557849627,1990-09-08,165 pine ct,59,none
3852,charles,patel,charles patel,charles.patel.2107@mail.test,5556216399,1990-12-17,109 elm way,2107,none
3853,david,obrien,david obrien,david.obrien.987@mail.test,5554558946,1970-10-01,77 cedar ln,987,none
3854,thomas,murphy,thomas murphy,thomas.murphy.2114@mail.test,5556714062,1957-04-03,102 oak st,2114,near_collision
3855,ann,johnson,ann johnson,ann.zohnson.588@mail.test,5553235898,1956-10-07,155 maple ave,588,typo
3856,margaret,obrien,margaret obrien,margaret.mueller.2129@mail.test,5554736345,1989-02-04,162 birch rd,2129,household_nonmatch
3857,margaret,kim,margaret kim,margaret.kim.1150@mail.test,5559316737,1955-03-22,132 birch rd,1150,translit
3858,jennifer,jones,jennifer jones,jennifer.jones.949@mail.test,,1986-05-04,34 cedar ln,949,missing
3859,ann,mueller,"mueller, ann",ann.obrien.1669@mail.test,5556464481,1953-12-03,142 elm way,1669,reorder
3860,robert,meuller,robert meuller,robert.patel.513@mail.test,5557276902,1989-05-22,149 birch rd,513,typo
3861,patricia,silva,patricia silva,patricia.silva.1849@mail.test,5558252147,1961-05-16,27 oak st,1849,none
3862,hans,silva,hans silva,hans.silva.524@mail.test,5559034776,1960-03-16,51 pine ct,524,near_collision
3863,jennifer,garcia,jennifer garcia,jennifer.garcia.3485@mail.test,5555233430,1991-12-14,146 maple ave,3485,none
3864,laura,smith,laura smith,laura.smith.765@mail.test,5553986709,1959-09-02,153 birch rd,765,none
3865,william,silva,william silva,william.silva.1652@mail.test,5556762953,1969-11-24,183 pine ct,1652,none
3866,charles,obrien,charles obrien,charles.obrien.3433@mail.test,5552058999,1955-10-05,107 pine ct,3433,none
3867,michael,mueller,michael mueller,michael.mueller.3659@mail.test,5554874537,1967-08-24,168 oak st,3659,near_collision
3868,laura,silva,laura silva,laura.silva.741@ail.test,5556859802,1952-06-01,126 maple ave,741,typo
3869,patricia,brown,patricia brown,patricia.brown.3655@mail.test,5552882791,1994-02-01,158 maple ave,3655,none
3870,robert,mueller,robert mueller,robert.mueller.2960@mail.test,5554888853,1993-12-19,42 elm way,2960,none
3871,jose,johnson,jose johnson,jose.johnson.3492@mail.test,5551845901,1973-05-26,41 pine ct,3492,none
3872,sofia,patel,sofia patel,sofia.patel.2054@mail.test,5553789721,1970-09-01,44 cedar ln,2054,near_collision
3873,hans,patel,hans patel,hans.patel.453@mail.test,5555988736,1980-05-03,1 birch rd,453,none
3874,james,jones,james jones,james.jones.2657@mail.test,5555201974,1960-03-04,171 oak st,2657,none
3875,laura,jones,laura jones,laura.jones.3214@mail.test,5559225606,1959-01-27,130 cedar ln,3214,none
3876,greta,johnson,greta johnson,greta.jhnson.10@mail.test,5552184542,1991-11-14,132 elm way,10,typo
3877,michael,garcia,michael garcia,michael.garcia.1272@mail.test,,1995-06-25,56 oak st,1272,missing
3878,michel,obrien,michel obrien,michael.obrien.229@mail.test,5559915676,1951-09-13,107 elm way,229,typo
3879,james,jones,james jones,james.jones.240@mail.test,5559915734,1996-01-16,125 elm way,240,none
3880,patricia,jones,patricia jones,,5558291357,1987-09-13,32 birch rd,77,missing
3881,robert,garcia,robert garcia,robert.garcia.216@mail.test,5557822268,1980-01-26,131 birch rd,216,none
3882,thomas,van dyke,thomas van dyke,thomas.vandyke.2007@mail.test,5556270081,1987-09-16,62 pine ct,2007,none
3883,greta,garcia,greta garcia,greta.garcia.707@mail.test,5553532975,1988-02-04,61 birch rd,707,none
3884,daniel,kowalski,daniel kowalski,daniel.kowalski.2719@mail.test,5559905100,1964-04-02,149 maple ave,2719,none
3885,william,kowalski,"kowalski, william",william.kowalski.30@mail.test,5557671626,1993-11-15,139 cedar ln,30,reorder
3886,margaret,nguyen,margaret nguyen,margaret.nguyen.2297@mail.test,5554270341,1972-04-09,177 birch rd,2297,near_collision
3887,james,obrien,james obrien,james.obrien.2139@mail.test,5555141498,1965-09-23,24 cedar ln,2139,none
3888,robert,silva,robert silva,robert.silva.3302@mail.test,5551407888,1981-01-25,15 pine ct,3302,near_collision
3889,david,silva,david silva,david.silva.116@mail.test,5557411263,1990-06-23,30 birch rd,116,none
3890,jennifer,kowalski,jennifer kowalski,jennifer.nguyen.423@mail.test,5556013313,1992-04-13,85 pine ct,423,household_nonmatch
3891,jose,jones,jose jones,jose.jones.2859@mail.test,5554103534,1993-06-11,186 maple ave,2859,near_collision
3892,katherine,brown,katherine brown,katherine.brown.1172@mail.test,5559435710,1992-07-06,147 birch rd,1172,near_collision
3893,greta,patel,greta patel,greta.patel.3218@mail.test,5555104351,1986-04-02,97 maple ave,3218,none
3894,dn,jones,dn jones,daniel.jones.407@mail.test,5556468474,1993-04-13,172 pine ct,407,typo
3895,soia,smith,soia smith,sofia.patel.476@mail.test,5551473699,1975-12-02,185 pine ct,476,typo
3896,thomas,smith,thomas smith,thomas.smith.2076@mail.test,5553392569,1950-12-27,170 elm way,2076,none
3897,jennifer,silva,jennifer silva,jennifer.silva.3572@mail.test,5551751510,1981-05-19,73 cedar ln,3572,near_collision
3898,susan,brown,susan brown,susan.obrien.3061@mail.test,,1964-06-17,116 cedar ln,3061,household_nonmatch
3899,hfns,silva,hfns silva,hans.silva.165@mail.test,5553959722,1983-07-12,187 pine ct,165,typo
3900,thomas,smith,thomas smith,thomas.smith.1319@mail.test,5559108559,1988-12-10,169 pine ct,1319,near_collision
3901,james,smith,james smith,james.smith.1356@mail.test,5551000774,1995-08-20,186 pine ct,1356,none
3902,sofia,silva,sofia silva,sofia.silva.1435@mail.test,5555081097,1996-01-19,100 cedar ln,1435,near_collision
3903,james,van dyke,james van dyke,james.vandyke.1343@mail.test,5554821549,1958-04-27,78 oak st,1343,near_collision
3904,ann,patel,ann patel,ann.patel.977@mail.test,5556937870,1981-10-03,176 pine ct,977,near_collision
3905,hans,jones,hans jones,hans.jones.2605@mail.test,5559394923,1951-07-13,179 oak st,2605,none
3906,margaret,brown,"brown, margaret",margaret.brown.2067@mail.test,5555198979,1998-08-10,90 maple ave,2067,reorder
3907,michael,obrien,michael obrien,michael.obrien.3466@mail.test,5551346408,1980-06-05,153 oak st,3466,none
3908,charles,mueller,charles mueller,charles.mueller.2147@mail.test,5553959776,1964-02-24,67 birch rd,2147,none
3909,elizabeth,murphy,elizabeth murphy,elizabeth.murphy.149@mail.test,5552227260,1993-08-22,88 pine ct,149,translit
3910,thomas,van dyke,thomas van dyke,thomas.vandyke.500@mail.test,5554173089,1959-11-26,53 oak st,500,none
3911,margaret,johnson,margaret johnson,margaret.johnson.210@mail.test,5558139085,1993-08-10,185 elm way,210,near_collision
3912,michael,patel,michael patel,michael.patel.669@mail.test,5557110066,1950-10-26,35 pine ct,669,near_collision
3913,david,kim,david kim,david.kim.16@mail.test,5554097895,1952-08-08,174 cedar ln,16,none
3914,william,silva,william silva,william.jones.2982@mail.test,5558434225,1953-06-25,153 birch rd,2982,household_nonmatch
3915,charles,kowalski,"kowalski, charles",charles.kowalski.1700@mail.test,5553680504,1983-05-26,42 oak st,1700,reorder
3916,charles,garcía,charles garcía,charles.garcia.183@mail.test,5555609751,1965-02-26,187 elm way,183,translit
3917,hans,jones,hans jones,hans.jones.2672@mail.test,5551581215,1956-01-24,19 maple ave,2672,near_collision
3918,g.,silva,g. silva,greta.silva.1824@mail.test,5554991896,1961-12-25,83 oak st,1824,abbrev
3919,william,jones,"jones, william",william.jones.4@mail.test,5555627058,1963-06-11,126 birch rd,4,reorder
3920,laura,kowalski,laura kowalski,laura.kowalski.2120@mail.test,5554668928,1980-08-25,46 elm way,2120,none
3921,ann,jones,ann jones,ann.johnson.496@mail.test,5555627058,1958-10-14,126 birch rd,496,household_nonmatch
3922,patricia,nguyen,patricia nguyen,patricia.nguyen.1218@mail.test,5552643507,1963-11-09,130 maple ave,1218,none
3923,thomas,kim,thomas kim,thomas.kim.866@mail.test,5556113811,1968-11-13,169 maple ave,866,none
3924, Charles ,kim, Charles  kim,,5559234602,,99 elm way,148,missing
3925,daniel,gaqcia,daniel gaqcia,daniel.garcia.1357@mail.test,5556281089,1982-07-05,107 birch rd,1357,typo
3926,william,obrien,william obrien,william.obrien.3613@mail.test,5559971218,1998-09-16,34 pine ct,3613,none
3927,s.,jones,"jones, s.",susan.jones.59@mail.test,5557849627,1990-09-08,165 pine ct,59,reorder
3928,hans,kim,hans kim,hans.smith.1626@mail.test,5557289939,1959-05-03,11 birch rd,1626,household_nonmatch
3929,ann,kowalski,ann kowalski,ann.kowalski.1945@mail.test,5557600038,1956-10-26,59 maple ave,1945,near_collision
3930,katherine,mueller,katherine mueller,katherine.mueller.85@mail.test,5554758359,1973-10-19,81 cedar ln,85,none
3931,hans,mueller,hans mueller,hans.mueller.1867@mail.test,5556988568,1959-12-01,17 pine ct,1867,none
3932,susan,murpy,susan murpy,susan.murphy.427@mail.test,5554078713,1988-08-27,182 maple ave,427,typo
3933,james,kowalski,james kowalski,james.kowalski.1625@mail.test,5553886295,1962-07-05,150 elm way,1625,none
3934,jose,smith,jose smith,jose.smith.2582@mail.test,5558817474,1980-11-24,67 oak st,2582,none
3935,greta,nguyen,greta nguyen,greta.nguyen.3297@mail.test,5552323046,1959-02-14,85 cedar ln,3297,none
3936,elizabeth,muzphy,elizabeth muzphy,elizabeth.murphy.3276@mail.test,5554359732,1991-12-19,97 birch rd,3276,typo
3937,elizabeth,nguyen,elizabeth nguyen,elizabeth.murphy.509@mail.test,,1991-07-07,40 maple ave,509,household_nonmatch
3938,william,obrien,william obrien,william.obrien.2154@mail.test,5553446339,1986-03-17,28 maple ave,2154,near_collision
3939,charles,jones,charles jones,charles.jones.19mmail.test,5558795581,1980-06-22,194 oak st,19,typo
3940,wxlliam,smith,wxlliam smith,william.smith.330@mail.test,5552900367,1998-05-10,66 pine ct,330,typo
3941,daniel,murphy,daniel murphy,daniel.murphy.145@mail.test,5555188510,1982-11-21,99 cedar ln,145,none
3942,margaret,johnson,margaret johnson,margaret.johnson.2793@mail.test,5559108675,1981-05-08,108 cedar ln,2793,near_collision
3943,hans,kowalski,hans kowalski,hans.kowalski.2419@mail.test,5557528045,1976-09-01,53 oak st,2419,none
3944,katherine,patel,katherine patel,katherine.patel.37@mail.test,5556484007,1988-02-13,128 maple ave,37,translit
3945,charles,smith,charles smith,charles.smith.519@mail.test,5558495682,1967-05-05,174 oak st,519,none
3946,jose,garcia,jose garcia,jose.garcia.1446@mail.test,5558422529,1994-12-23,92 pine ct,1446,near_collision
3947,katherine,murphy,katherine murphy,katherine.murphy.2829@mail.test,5554303613,1989-05-24,120 maple ave,2829,none
3948,laura,johnson,laura johnson,laura.johnson.3356@mail.test,5557733683,1969-11-02,5 oak st,3356,none
3949,hans,garcia,hans garcia,hans.garcia.3502@mail.test,5558675664,1983-10-09,34 birch rd,3502,none
3950,daniel,obrien,daniel obrien,daniel.obrien.1457@mail.test,5559791168,1993-01-11,189 cedar ln,1457,none
3951,michael,patel,michael patel,michael.patel.347@mail.test,5558506750,1964-03-26,8 pine ct,347,none
3952,ann,smith,"smith, ann",ann.smith.291@mail.test,5557398447,1954-12-11,195 elm way,291,reorder
3953,chalres,van dyke,chalres van dyke,charles.vandyke.492@mail.test,5553452276,1975-08-27,3 maple ave,492,typo
3954,jennifer,kmi,jennifer kmi,jennifer.kim.942@mail.test,5554489120,1966-02-04,134 birch rd,942,typo
3955,william,mueller,william mueller,william.mueller.1212@mail.test,5556446212,1970-08-08,58 maple ave,1212,none
3956,michael,kim,michael kim,michael.kim.3240@mail.test,5556073246,1966-05-21,69 elm way,3240,none
3957,katherine,kim,katherine kim,katherine.kim.1425@mai.ltest,5553886682,1978-09-25,128 oak st,1425,typo
3958,ann,johnson,ann johnson,ann.johnson.598@mail.test,5556795891,1996-09-10,89 oak st,598,none
3959,laua,mueller,laua mueller,laura.mueller.2156@mail.test,5551331475,1977-06-15,74 elm way,2156,typo
3960,jennifer,johnson,jennifer johnson,jennifer.johnson.2623@mail.test,5557306613,1952-12-19,14 birch rd,2623,none
3961,robert,murphy,robert murphy,robert.murphy.172@mail.test,5555343880,1959-06-10,183 oak st,172,none
3962,a.,bronw,a. bronw,ann.brown.25@mail.test,5558078369,1989-09-19,149 maple ave,25,typo
3963,margaret,jones,margaret jones,margaret.jones.1539@mail.test,5552418498,1994-12-15,16 cedar ln,1539,none
3964,jose,nguyen,jose nguyen,jose.nguyen.2406@mail.test,5555321162,1995-06-11,171 cedar ln,2406,none
3965,greta,johnson,greta johnson,greta.johnson.2211@mail.test,5552849537,1967-09-09,123 oak st,2211,near_collision
3966,laura,obrien,laura obrien,laura.obrien.1719@mail.test,5557150107,1982-04-12,123 cedar ln,1719,none
3967,katherine,patel,katherine patel,katherine.patel.37@mail.test,,1988-02-13,128 maple ave,37,missing
3968,margaret,jones,margaret jones,margaret.jones.698@mail.test,5551313274,1970-08-07,4 birch rd,698,none
3969,haos,smith,haos smith,hans.smith.1061@mail.test,5557888042,1997-07-11,61 cedar ln,1061,typo
3970,michael,nguyen,michael nguyen,,,1987-08-21,40 maple ave,47,missing
3971,tohmsa,kim,tohmsa kim,thomas.kim.65@mail.tset,5551494913,1985-07-15,95 birch rd,65,typo
3972,margaret,garcia,margaret garcia,margaret.garcia.1369@mail.test,5558361013,1965-11-23,61 birch rd,1369,none
3973,jennifer,silva,jennifer silva,jennifer.silva.1616@mail.test,5553297722,1970-11-17,39 oak st,1616,none
3974,ann,kowalski,ann kowalski,ann.kowalski.168@mail.test,5556376943,1952-12-16,23 pine ct,168,none
3975,ann,silva,ann silva,ann.silva.1959@mail.test,5551182779,1975-08-08,76 birch rd,1959,near_collision
3976,hans,brown,hans brown,hans.brown.1594@mail.test,5552561684,1993-06-22,115 elm way,1594,none
3977,susan,brown,susan brown,susan.brown.2194@mail.test,5551679408,,8 birch rd,2194,missing
3978,ann,brown,ann brown,ann.brown.3012@mail.test,5554653993,1954-02-23,42 oak st,3012,near_collision
3979,robert,kim,robert kim,robert.kim.3417@mail.test,5557871059,1998-10-03,59 birch rd,3417,none
3980,thomas,kowalski,thomas kowalski,thomas.kowalski.2456@mail.test,5551437788,1998-04-23,196 elm way,2456,none
3981, Sofia ,garcia, Sofia  garcia,SOFIA.GARCIA.2522@MAIL.TEST,5553600153,1965-04-13,6 elm way,2522,case_noise
3982,david,murphy,david murphy,david.murphj.46@mail.test,5558135440,1991-02-21,127 pine ct,46,typo
3983,robert,van dyke,robert van dyke,robert.vandyke.3187@mail.test,5557405503,1987-01-14,95 elm way,3187,near_collision
3984,thomas,obrien,thomas obrien,,5557530648,1985-09-25,147 birch rd,2035,missing
3985,susan,murphy,susan murphy,susan.murphy.3171@mail.test,5558137027,1952-03-14,115 maple ave,3171,none
3986,jennifer,murphy,jennifer murphy,jennifer.garcia.1098@mail.test,5556037010,1976-11-12,160 birch rd,1098,household_nonmatch
3987,william,mueller,william mueller,william.mueller.2127@mail.test,5558195648,1996-08-11,165 oak st,2127,near_collision
3988,hans,kowalski,hans kowalski,hans.kowalski.973@mail.test,5557377473,1992-10-23,32 oak st,973,none
3989,patricia,patel,patricia patel,patricia.patel.2411@mail.test,5553327045,1966-10-03,182 maple ave,2411,none
3990,william,johnson,william johnson,william.johnson.431@mail.test,5557841173,1986-03-06,49 maple ave,431,none
3991,patricia,van dyke,patricia van dyke,patricia.vandyke.704@mail.test,5555371077,1954-05-18,16 maple ave,704,none
3992,elizabeth,smith,elizabeth smith,elizabeth.smith.3071@mail.test,5555619081,1967-09-14,31 birch rd,3071,near_collision
3993,michael,van dyke,michael van dyke,michael.vandyke.1195@mail.test,5559340829,1989-04-02,171 pine ct,1195,none
3994,james,nguyen,james nguyen,james.nguyen.1224@mail.test,5551106010,1980-06-11,56 oak st,1224,none
3995,sofia,silva,sofia silva,sofia.silva.368@mail.test,5553108495,1990-01-08,114 cedar ln,368,none
3996,james,smith,james smith,james.vandyke.35@mail.test,,1964-04-18,100 cedar ln,35,missing
3997,laura,kowalski,laura kowalski,laura.kowalski.2262@mail.test,5557743388,1965-07-18,67 maple ave,2262,none
3998,charles,jones,charles jones,charles.jones.1118@mail.test,5552809880,1952-04-03,149 maple ave,1118,none
3999,david,patel,david patel,david.patel.2438@mail.test,5551677936,1981-12-20,58 oak st,2438,none
4000,elizabeth,jones,elizabeth jones,elizabeth.jones.3409@mail.test,5552612802,1961-12-04,33 pine ct,3409,none
4001,jose,smith,jose smith,jose.smith.1242@mail.test,5557246488,1993-05-01,100 elm way,1242,near_collision
4002,g.,silva,g. silva,greta.silva.1824@mail.test,5554991896,1961-12-25,83 oak st,1824,typo
4003,rolert,kim,rolert kim,robert.kim.421@mail.test,5559519642,1964-06-04,66 pine ct,421,typo
4004,hans,jones,hans jones,hans.jones.636@mail.test,5555474145,1976-10-06,29 oak st,636,none
4005,ann,patel,ann patel,ann.patel.3285@mail.test,5556921614,1967-12-03,63 cedar ln,3285,none
4006,  Thomas  ,murphy,  Thomas   murphy,THOMAS.MURPHY.167@MAIL.TEST,5552070937,,17 maple ave,167,case_noise
4007,james,obrien,james obrien,james.obrien.2521@mail.test,5554955399,1966-10-09,114 oak st,2521,none
4008,michael,garcia,michael garcia,michael.garcia.1949@mail.test,5552700284,1980-05-04,95 birch rd,1949,none
4009,laura,patel,laura patel,laura.patel.557@mail.test,5554390525,1994-10-04,55 cedar ln,557,none
4010,david,silva,david silva,david.silva.1450@mail.test,5552498598,1996-02-02,27 maple ave,1450,none
4011,david,van dyke,david van dyke,david.vandyke.2729@mail.test,5556158452,1978-02-02,28 elm way,2729,near_collision
4012, Michael ,nguyen, Michael  nguyen,,5558866618,1987-08-21,40 maple ave,47,missing
4013,laura,brown,laura brown,laura.brown.836@mail.test,5556393684,1963-10-16,166 pine ct,836,none
4014,laura,nguyen,laura nguyen,laura.nguyen.2291@mail.test,5552104132,1992-01-11,22 oak st,2291,household_nonmatch
4015,susan,kowalski,susan kowalski,susan.kowalski.1531@mail.test,5555375815,1970-07-13,41 cedar ln,1531,none
4016,ann,jones,ann jones,ann.jones.709@mail.test,5551447784,1959-04-26,30 oak st,709,near_collision
4017,margaret,patel,margaret patel,margaret.patel.238@mail.test,5554139402,1992-05-27,119 birch rd,238,none
4018, Margaret ,johnson, Margaret  johnson,MARGARET.JOHNSON.292@MAIL.TEST,5551751758,1974-06-18,43 birch rd,292,case_noise
4019,margaret,garcia,margaret garcia,margaret.garcia.1727@mail.test,5559416033,1987-09-17,16 oak st,1727,none
4020,daniel,garcia,daniel garcia,daniel.garcia.2134@mail.test,5551759533,1957-10-01,184 pine ct,2134,none
4021,thomas,murhpy,thomas murhpy,thomas.murphy.712@mail.test,5557230471,1987-05-07,128 maple ave,712,typo
4022,laura,murphy,laura murphy,laura.murphy.3418@mail.test,5553193747,1968-02-23,195 birch rd,3418,none
4023,charles,van dyke,charles van dyke,charles.vandyke.44@mail.test,5551577907,1961-07-26,74 cedar ln,44,none
4024,jose,patel,jose patel,jose.patel.343@mail.test,5558477409,1993-05-18,107 pine ct,343,none
4025,patricia,obrien,patricia obrien,patricia.obrien.379@mail.test,5551171585,,56 birch rd,379,missing
4026,michael,mueller,michael mueller,michael.mueller.2517@mail.test,5552466635,1973-06-23,82 pine ct,2517,none
4027,j.,jones,j. jones,james.jones.240@mail.test,5559915734,1996-01-16,125 elm way,240,abbrev
4028,hans,nguyen,hans nguyen,hans.nguyen.2611@mail.test,5552905375,1972-09-13,168 pine ct,2611,near_collision
4029,james,kim,james kim,james.kim.3465@mail.test,5556048006,1988-04-15,89 maple ave,3465,none
4030,laura,van dyke,laura van dyke,laura.vandyke.1834@mail.test,5552867718,1986-05-04,109 elm way,1834,none
4031,charles,nguyen,charles nguyen,charles.nguyen.961@mail.test,5556914437,1950-08-15,179 pine ct,961,none
4032,hans,müller,hans müller,hans.mueller.2018@mail.test,5556002218,1964-07-01,77 oak st,2018,translit
4033,michael,kowalski,michael kowalski,michael.mueller.971@mail.test,5556376943,1952-11-08,23 pine ct,971,household_nonmatch
4034,ann,murphy,ann murphy,ann.kim.546@mail.test,5558482205,1995-01-13,115 elm way,546,household_nonmatch
4035,sofia,mueller,sofia mueller,sofia.muleler.1226@mail.test,5554628985,1997-04-19,144 pine ct,1226,typo
4036,sofia,garcia,sofia garcia,sofia.garcia.2467@mail.test,5552436931,1985-06-20,116 birch rd,2467,none
4037,sofia,kowalski,sofia kowalski,sofia.kowalski.1165@mail.test,5553842724,1973-03-14,6 pine ct,1165,none
4038,daniel,mueller,daniel mueller,daniel.mueller.1580@mail.test,5555445110,1997-03-11,187 pine ct,1580,none
4039,robert,van dyke,robert van dyke,robert.obrien.3529@mail.test,5555183841,1983-04-06,197 oak st,3529,household_nonmatch
4040,greta,mueller,greta mueller,greta.mueller.2993@mail.test,5551202431,1978-10-07,172 pine ct,2993,near_collision
4041,robert,smith,robert smith,robert.smith.2189@mail.test,5557855702,1958-08-06,192 elm way,2189,near_collision
4042,greta,patel,greta patel,greta.patel.2381@mail.test,5556809838,1953-04-06,191 oak st,2381,none
4043,ann,smith,ann smith,ann.smith.2998@mail.test,5556835994,1995-02-12,136 cedar ln,2998,none
4044,laura,kim,laura kim,laura.kim.1182@mail.test,5559281532,1984-09-14,111 oak st,1182,none
4045,margaret,obrien,margaret obrien,margaret.obrien.3142@mail.test,5552440529,1971-04-14,56 cedar ln,3142,none
4046,hans,ptel,hans ptel,hans.patel.68@mail.test,5556776454,1970-05-03,135 elm way,68,typo
4047,laura,kim,laura kim,laura.kim.1767@mail.test,5559481003,1997-09-09,166 maple ave,1767,none
4048,katherine,patel,katherine patel,,,1964-11-07,34 oak st,816,missing
4049,elizabeth,silva,elizabeth silva,elizabeth.silva.839@mail.test,5559265582,1954-01-20,56 cedar ln,839,none
4050,thomas,obrien,thomas obrien,thomas.obrien.2840@mail.test,5553446210,1984-08-07,188 pine ct,2840,none
4051,thomas,obrien,thomas obrien,thomas.obrien.3402@mail.test,5556541224,1996-03-15,155 pine ct,3402,near_collision
4052,charles,smith,charles smith,charles.smith.177@mail.test,5553542494,1953-02-08,192 elm way,177,none
4053,michael,garcia,michael garcia,michael.garcia.1883@mail.test,5552247951,1970-04-04,143 maple ave,1883,none
4054,patricia,patel,patricia patel,patricia.patel.465@mail.test,5551810452,1983-09-11,170 pine ct,465,near_collision
4055, A. ,kowalski, A.  kowalski,ANN.KOWALSKI.168@MAIL.TEST,5556376943,1952-12-16,23 pine ct,168,case_noise
4056,hans,johnson,hans johnson,hans.johnson.1693@mail.test,5552042001,1990-02-15,41 cedar ln,1693,none
4057,margaret,smith,margaret smith,margaret.smith.2295@mail.test,5552550439,1951-02-14,66 birch rd,2295,translit
4058,sofia,johnson,sofia johnson,sofia.johnson.573@mail.test,5557324646,1970-02-07,28 maple ave,573,none
4059,james,mueller,james mueller,james.mueller.803@mail.test,5556873780,1990-07-09,107 oak st,803,near_collision
4060,james,brown,james brown,james.brown.1521@mail.test,5559637738,1997-05-12,112 oak st,1521,none
4061,margaret,brown,margaret brown,margaret.brown.3017@mail.test,5559717483,1950-09-23,70 oak st,3017,none
4062,chales,murphy,chales murphy,charles.murphy.767@mail.test,5559700624,1983-03-25,75 cedar ln,767,typo
4063,katherine,garcia,katherine garcia,katherine.garcia.406@mail.test,5552514556,1959-03-23,154 oak st,406,none
4064,david,silva,"silva, david",david.silva.387@mail.test,5554682727,1990-07-24,28 pine ct,387,reorder
4065,patricia,van dyke,patricia van dyke,patricia.vandyke.1439@mail.test,5553578796,1954-02-11,105 maple ave,1439,near_collision
4066,david,silva,david silva,david.silva.1515@mail.test,5558206570,1953-09-14,194 oak st,1515,near_collision
4067,michael,murphy,michael murphy,michael.murphy.1342@mail.test,,1957-06-08,117 oak st,1342,missing
4068, Ann ,obrien, Ann  obrien,ANN.OBRIEN.572@MAIL.TEST,5556721839,1974-02-08,34 maple ave,572,case_noise
4069,hans,brown,hans brown,hans.brown.181@mail.test,5553156342,1957-08-13,110 cedar ln,181,none
4070,ann,brown,ann brown,,,1954-02-23,42 oak st,3012,missing
4071,robert,jones,robert jones,robert.jones.1924@mail.test,5558879460,1989-09-02,136 cedar ln,1924,none
4072,hans,mueller,hans mueller,hans.mueller.1543@mail.test,5553182203,1966-06-01,147 pine ct,1543,near_collision
4073,katherine,silva,katherine silva,katherine.silva.1072@mail.test,5557816841,1956-12-14,58 oak st,1072,none
4074,hans,mueller,hans mueller,hans.mueller.460@mail.test,5556032797,1973-08-22,54 maple ave,460,none
4075,charles,brown,charles brown,charles.brown.2271@mail.test,5556424164,1972-02-13,44 pine ct,2271,none
4076,hans,mueller,hans mueller,hans.mueller.1364@mail.test,5552219582,1966-02-14,20 pine ct,1364,none
4077,ann,obrien,ann obrien,ann.obrien.2199@mail.test,5559746854,1959-03-02,51 birch rd,2199,near_collision
4078,patricia,johnson,patricia johnson,patricia.johnson.2978@mail.test,5557566112,1984-09-20,32 pine ct,2978,none
4079,katherine,mueller,katherine mueller,katherine.johnson.31@mail.test,5554330882,1983-02-15,183 cedar ln,131,typo
4080,katherine,kowalski,"kowalski, katherine",katherine.kowalski.1835@mail.test,5556001136,1997-08-02,92 maple ave,1835,reorder
4081,michael,kowalski,michael kowalski,michael.kowalski.2047@mail.test,5558749158,1958-09-12,142 birch rd,2047,none
4082,david,patel,david patel,david.brown.3275@mail.test,5558007056,1976-01-04,154 elm way,3275,household_nonmatch
4083,robert,patel,robert patel,robert.patel.3504@mail.test,5559147509,1988-10-20,153 elm way,3504,none
4084,margaret,kim,margaret kim,margaret.kim.138@mail.test,5551868639,1959-01-11,101 oak st,138,none
4085,william,johnson,william johnson,william.johnson.3458@mail.test,5555102217,1967-11-02,130 cedar ln,3458,none
4086,katherine,mueller,katherine mueller,katherine.mueller.1380@mail.test,5552349211,1970-02-18,113 pine ct,1380,none
4087,susan,jones,susan jones,susan.jones.1166@mail.test,5551500533,1980-01-06,23 maple ave,1166,none
4088,laura,silva,laura silva,laura.silva.741@mail.test,5556859802,1952-06-01,126 maple ave,741,none
4089,greta,van dyke,greta van dyke,greta.vandyke.446@mail.test,5552094487,1973-11-02,6 pine ct,446,none
4090,jennifer,jones,jennifer jones,jennifer.jones.1017@mail.test,5552614059,1951-12-12,128 maple ave,1017,none
4091,robert,nguyen,robert nguyen,robert.nguyen.28mail.test,5551812702,1959-09-02,83 elm way,28,typo
4092,hans,van dyke,hans van dyke,hans.vandyke.2360@mail.test,5559395337,1966-07-21,179 birch rd,2360,none
4093,r.,kowalski,r. kowalski,robert.kowalski.1014@mail.test,5556762511,1975-04-05,97 cedar ln,1014,abbrev
4094,margaret,klm,margaret klm,margaret.kim.1150@mail.test,5559316737,1955-03-22,132 birch rd,1150,typo
4095,laura,kowalski,laura kowalski,laura.kowalski.139@mail.test,5555601298,1955-07-18,11 elm way,139,none
4096, .,smith, . smith,DANIEL.SMITH.1@MIAL.TEST,5552182966,1989-02-13,100 cedar ln,1,abbrev
4097,hans,brown,hans brown,hans.brown.2576@mail.test,5556524201,1963-02-19,28 cedar ln,2576,none
4098,margaret,murphy,margaret murphy,margaret.murphy.104@mail.test,5559717026,1997-04-11,91 cedar ln,104,none
4099,hans,mueller,hans mueller,hans.mueller.1157@mail.test,5553562282,1982-06-15,109 pine ct,1157,none
4100,hans,brown,hans brown,hans.brown.1770@mail.test,5557544480,1973-08-23,150 maple ave,1770,none
4101,elizabeth,kowalski,elizabeth kowalski,elizabeth.kowalski.830@mail.test,5558185398,1969-02-16,15 elm way,830,none
4102,margaret,johnson,margaret johnson,margaret.johnson.2498@mail.test,5559874567,1968-09-08,35 pine ct,2498,none
4103,margaret,patel,margaret patel,margaret.patel.1424@mail.test,5558775775,1989-02-17,19 cedar ln,1424,none
4104,william,kim,william kim,william.kim.2327@mail.test,5555466691,1997-08-15,115 maple ave,2327,none
4105, Patricia ,johnson, Patricia  johnson,PATRICIA.JOHNSON.180@MAIL.TEST,5557891477,1962-11-12,98 birch rd,180,case_noise
4106,daniel,mueller,daniel mueller,daniel.mueller.1186@mail.test,5557715295,1976-01-19,180 oak st,1186,near_collision
4107,robert,murphy,robert murphy,robert.murphy.2389@mail.test,5552619771,1994-07-08,77 cedar ln,2389,near_collision
4108,jose,patel,jose patel,jose.patel.437@mail.test,5553892154,1994-10-12,169 birch rd,437,none
4109,james,van dyke,james van dyke,james.vandyke.2274@mail.test,5555179036,1977-06-05,33 pine ct,2274,none
4110,c.,jones,"jones, c.",charles.jones.20@mail.test,5553075901,1961-03-06,18 cedar ln,20,reorder
4111,greta,garcia,greta garcia,greta.garcia.3113@mail.test,5551050420,1995-12-14,195 pine ct,3113,none
4112,robert,patel,robert patel,robert.patel.2392@mail.test,5555446351,1979-02-01,68 birch rd,2392,none
4113,jose,van dyke,jose van dyke,jose.vandyke.1143@mail.test,5554801563,1989-06-24,82 birch rd,1143,none
4114,liz,silva,liz silva,elizabeth.vandyke.634@mail.test,5553959722,1981-09-26,187 pine ct,634,abbrev
4115,william,smith,william smith,william.smith.3051@mail.test,5551205331,1967-12-09,126 cedar ln,3051,none
4116,margaret,silva,"silva, margaret",margaret.silva.128@mail.test,5556297641,1966-12-01,57 birch rd,128,reorder
4117,david,smith,david smith,david.smith.1827@mail.test,5556001075,1993-10-01,71 cedar ln,1827,none
4118,s.,johnson,s. johnson,susan.johnson.787@mail.test,5554010262,1992-03-24,58 maple ave,787,abbrev
4119,katheriye,brown,katheriye brown,katherine.silva.285@mai.test,5558502858,1966-12-06,116 cedar ln,285,typo
4120,katherine,silva,katherine silva,katherine.silva.1274@mail.test,5551897053,1982-10-07,56 birch rd,1274,none
4121,susan,patel,susan patel,susan.patel.986@mail.test,5554401830,1990-02-20,44 elm way,986,none
4122,thomas,silva,thomas silva,thomas.silva.2398@mail.test,5559943873,1960-12-04,14 cedar ln,2398,near_collision
4123,jose,brown,jose brown,jose.brown.1682@mail.test,5558989248,1963-05-24,194 elm way,1682,none
4124,hans,patel,hans patel,hans.vandyke.2593@mail.test,5559149774,1985-07-08,9 birch rd,2593,household_nonmatch
4125,thmas,murphy,thmas murphy,thomas.murphy.3046@mail.test,5552924569,1988-07-10,27 oak st,3046,typo
4126,katherine,kowalski,katherine kowalski,katherine.kowalski.1326@mail.test,5558533505,1965-04-10,79 oak st,1326,none
4127,jose,kowalski,jose kowalski,jose.kowalski.2664@mail.test,5556672511,1998-01-27,32 birch rd,2664,none
4128,charles,silva,charles silva,charles.mueller.1458@mail.test,5556738008,1954-09-06,138 cedar ln,1458,household_nonmatch
4129,hans,kim,hans kim,hans.kim.2660@mail.test,5557072366,1998-05-17,51 maple ave,2660,none
4130,charles,jones,charles jones,charles.jones.2807@mail.test,5551570959,1959-01-02,108 pine ct,2807,none
4131,charles,jønes,charles jønes,charles.jones.19mmail.test,5558795581,1980-06-22,194 oak st,19,translit
4132,katherine,jones,katherine jones,katherine.jones.3299@mail.test,5559720050,1951-01-25,84 elm way,3299,none
4133,sofia,van dyke,sofia van dyke,sofia.vandyk.e199@mail.test,5558897615,1967-03-15,35 pine ct,199,typo
4134,d.,silva,d. silva,david.silva.387@mail.test,5554682727,1990-07-24,28 pine ct,387,translit
4135,elizabeth,mueller,elizabeth mueller,elizabeth.mueller.994@mail.test,5555731780,1983-03-21,184 cedar ln,994,near_collision
4136,william,mueller,william mueller,william.mueller.1376@mail.test,5552662611,1992-12-12,138 cedar ln,1376,near_collision
4137,sofia,garcia,sofia garcia,sofia.garcia.2974@mail.test,5554939383,1952-11-24,34 maple ave,2974,near_collision
4138,sofia,mueller,sofia mueller,sofia.mueller.1796@mail.test,5555323734,1985-05-20,192 cedar ln,1796,near_collision
4139,greta,johnson,greta johnson,greta.johnson.10@mail.test,5552184542,1991-11-14,132 elm way,10,none
4140,jose,silva,jose silva,jose.silva.1826@mail.test,5556035727,1982-06-01,183 oak st,1826,none
4141,greta,kowalski,greta kowalski,greta.kowalski.3365@mail.test,5557815302,1982-06-01,187 birch rd,3365,none
4142,susan,patel,susan patel,susan.patel.1596@mail.test,5554608142,1976-02-04,176 elm way,1596,none
4143,laura,jones,laura jones,laura.jones.2618@mail.test,5554744018,1980-09-20,143 cedar ln,2618,near_collision
4144,thomas,johnson,thomas johnson,thomas.johnson.1084@mail.test,5552547351,1961-02-23,109 pine ct,1084,none
4145,ann,silva,ann silva,ann.silva.1221@mail.test,5558035264,1994-10-19,170 maple ave,1221,near_collision
4146,thomas,mueller,thomas mueller,thomas.mueller.96@mail.test,,1973-09-05,148 maple ave,96,missing
4147,daniel,jones,daniel jones,daniel.jones.484@mail.test,5559576066,1990-08-11,136 pine ct,484,near_collision
4148,elizabeth,murphy,elizabeth murphy,elizabeth.murphy.1147@mail.test,5554035528,1959-01-16,194 cedar ln,1147,none
4149,david,johnson,david johnson,david.johnson.1259@mail.test,5558184635,1983-11-25,157 elm way,1259,none
4150,robert,kim,robert kim,robert.kim.611@mail.teut,5559172569,1963-08-05,139 elm way,611,typo
4151,daid,johonsn,daid johonsn,,5555644463,1955-11-14,63 cedar ln,94,typo
4152,jim,mueller,jim mueller,james.johnson.1249@mail.test,5553903272,1993-02-20,129 maple ave,1249,abbrev
4153,robert,johnson,robert johnson,robert.johnson.454@mail.test,5554551330,1980-02-27,76 maple ave,454,none
4154,g.,brown,g. brown,greta.rown.1079@mail.test,5555781314,1991-09-13,78 cedar ln,1079,typo
4155,michael,murphy,michael murphy,michael.murphy.3206@mail.test,5559127093,1956-07-22,173 oak st,3206,none
4156, William ,smith, William  smith,WILLIAM.SMITH.462@MAIL.TEST,5556766378,1984-12-06,144 pine ct,462,case_noise
4157,elizabeth,kim,elizabeth kim,elizabeth.murphy.1820@mail.test,5559316737,1952-08-01,132 birch rd,1820,household_nonmatch
4158,jose,smith,jose smith,jose.smith.1528@mail.test,5552011742,1980-09-11,146 cedar ln,1528,none
4159,d.,smith,d. smith,daniel.smith.118@mail.test,5554154490,1979-11-02,78 pine ct,118,abbrev
4160,charles,obrien,charles obrien,charles.obrien.3287@mail.test,5552820565,1992-11-27,154 maple ave,3287,none
4161, Hans ,patel, Hans  patel,HANS.PATEL.415@MAIL.TEST,5555421885,1972-10-26,158 maple ave,415,case_noise
4162,thomas,silva,thomas silva,thomas.silva.3552@mail.test,5556732754,1990-08-25,101 maple ave,3552,none
4163,hhns,brown,hhns brown,hans.brown.1268@mail.test,5557916068,1998-04-11,191 birch rd,1268,typo
4164,ann,kim,ann kim,ann.kim.2781@mail.test,5554537798,1966-01-03,100 pine ct,2781,none
4165,william,smith,william smith,william.smith.1634@mail.test,5552182966,1998-05-20,100 cedar ln,1634,household_nonmatch
4166,susan,brown,susan brown,susan.brown.3335@mail.test,5553539395,1962-12-12,196 pine ct,3335,none
4167,david,smith,david smith,david.smith.1076@mail.test,5558891210,1955-11-09,84 elm way,1076,translit
4168,sofia,murphy,sofia murphy,sofia.murphy.2560@mail.test,5557210255,1973-01-27,145 oak st,2560,near_collision
4169,james,smith,james smith,james.murphy.539@mail.test,5552900367,1994-08-17,66 pine ct,539,household_nonmatch
4170,william,mueller,william mueller,william.mueller.2609@mail.test,5552460846,1967-02-11,192 elm way,2609,typo
4171,hans,mueller,"mueller, hans",hans.mueller.2439@mail.test,5555690910,1989-10-26,21 elm way,2439,reorder
4172,patricia,nguyen,patricia nguyen,patricia.nguyen.1544@mail.test,5551844085,1955-06-07,12 elm way,1544,none
4173,jose,garcia,jose garcia,jose.nguyen.1407@mail.test,5553826976,1991-07-11,96 pine ct,1407,household_nonmatch
4174,katherine,kowalski,katherine kowalski,katherine.kowalski.1647@mail.test,5556108789,1983-05-04,125 birch rd,1647,none
4175,susan,jones,susan jones,susan.murphy.487@mail.test,5555627058,1979-06-05,126 birch rd,487,household_nonmatch
4176,david,mueller,david mueller,david.mueller.1761@mail.test,5555256876,1960-04-22,59 maple ave,1761,none
4177,daniel,kowalski,"kowalski, daniel",daniel.kowalski.1035@mail.test,5556348979,1991-01-06,97 pine ct,1035,reorder
4178,michael,johnson,michael johnson,michael.johnson.1836@mail.test,5551832338,1979-07-08,90 pine ct,1836,none
4179,william,murphy,"murphy, william",william.murphy.2069@mail.test,5553659759,1986-12-04,11 pine ct,2069,reorder
4180,k.,patel,k. patel,katherine.patel.426@mail.test,5558964149,1992-12-05,27 elm way,426,abbrev
4181,jennifer,mueller,jennifer mueller,,5552614341,1962-02-10,174 birch rd,55,missing
4182,dainel,jones,dainel jones,daniel.obrien.17@mail.test,5555627058,1994-12-05,126 birch rd,17,typo
4183,daniel,nguyen,daniel nguyen,daniel.nguyen.1302@mail.test,5555740661,1960-12-20,78 pine ct,1302,none
4184,robert,johnson,robert johnson,robert.johnson.2473@mail.test,5552931491,1989-09-05,32 oak st,2473,none
4185,elizabeth,mueller,elizabeth mueller,,,1996-08-20,74 birch rd,505,missing
4186,m.,patel,m. patel,michael.patel.136@mail.test,5554984429,1990-03-07,2 cedar ln,136,abbrev
4187,robert,nguyen,robert nguyen,robert.nguyen.1789@mail.test,5556387657,1988-07-02,113 oak st,1789,none
4188,hans,jones,hans jones,hans.jones.3459@mail.test,5555462216,1983-11-18,1 maple ave,3459,none
4189,david,patel,david patel,david.smith.774@mail.test,5559320981,1971-09-08,179 birch rd,774,household_nonmatch
4190,david,van dyke,david van dyke,david.vandyke.359@mail.test,5554933621,1955-01-15,15 pine ct,359,none
4191,james,johnson,james johnson,,5555616450,,58 maple ave,494,missing
4192,patricia,johnson,patricia johnson,patricia.johnson.2652@mail.test,5551380639,1975-11-03,69 oak st,2652,none
4193,william,kowalski,william kowalski,william.kowalski.29@mail.test,5559059226,1985-11-04,140 cedar ln,29,near_collision
4194,thomas,murphy,thomas murphy,thomas.murphy.167@mail.test,5552070937,,17 maple ave,167,missing
4195,jose,silva,jose silva,jose.silva.2722@mail.test,5555702856,1997-08-17,198 oak st,2722,none
4196,hans,van dyke,hans van dyke,hans.vandyke.2984@mail.test,5556486894,1969-10-21,55 pine ct,2984,none
4197,elizabeth,nguyen,elizabeth nguyen,elizabeth.nguyen.2288@mail.test,5558813986,1965-09-06,119 maple ave,2288,near_collision
4198,margaret,johnson,margaret johnson,margaret.johnson.2046@mail.test,5557400941,1973-08-26,100 maple ave,2046,none
4199,c.,kim,c. kim,charles.smith.148@mail.test,5559234602,1980-01-03,99 elm way,148,abbrev
4200,david,silva,david silva,david.silva.387@mail.test,5554682727,1990-07-24,28 pine ct,387,none
4201,james,silva,james silva,james.kowalski.424@mail.test,5553962792,1971-08-20,88 maple ave,424,household_nonmatch
4202,ann,brown,ann brown,ann.brown.3011@mail.test,5557216877,1995-06-03,160 maple ave,3011,near_collision
4203,daniel,van dyke,daniel van dyke,daniel.vandyke.1399@mail.test,,,143 maple ave,1399,missing
4204,james,silva,james silva,james.silva.3506@mail.test,5552359984,1997-01-03,152 cedar ln,3506,none
4205,margaret,garcia,margaret garcia,margaret.garcia.3592@mail.test,5555533684,1972-07-17,193 cedar ln,3592,none
4206,laura,murphy,laura murphy,laura.murphy.2065@mail.test,5557624358,1976-03-15,165 oak st,2065,none
4207,jennifer,kowalski,jennifer kowalski,jennifer.kowalski.226@mail.test,5553767376,1957-04-09,39 birch rd,226,none
4208,greta,kowalski,greta kowalski,greta.kowalski.1590@mail.test,5558129988,1997-01-22,160 elm way,1590,none
4209,david,kim,david kim,david.kim.16@mail.test,,,174 cedar ln,16,missing
4210,jennifer,van dyke,jennifer van dyke,jennifer.vandyke.3288@mail.test,5557819149,1970-12-19,51 cedar ln,3288,none
4211,david,van dyke,david van dyke,,,1957-09-05,164 oak st,820,missing
4212,thomas,gafcia,thomas gafcia,thomas.garcia.390@mail.test,5558494530,1955-07-26,44 pine ct,390,typo
4213,patricia,van dyke,patricia van dyke,patricia.vandyke.3405@mail.test,5552042462,1958-04-17,49 elm way,3405,near_collision
4214,james,johnson,james johnson,james.johnson.3392@mail.test,5551152770,1953-04-20,67 elm way,3392,none
4215,charles,kim,charles kim,charles.vandyke.190@mail.test,5557971350,1994-04-06,8 cedar ln,190,household_nonmatch
4216,hans,obrien,"obrien, hans",hans.obrien.242@mail.test,5552693508,1992-12-15,90 oak st,242,reorder
4217,susan,kim,susan kim,susan.kim.918@mail.test,5553439558,1979-03-17,6 elm way,918,translit
4218,thomas,silva,thomas silva,,5558273881,,24 birch rd,1196,missing
4219,ann,nguyen,ann nguyen,ann.nguyen.2175@mail.test,5556113900,1968-06-09,185 maple ave,2175,none
4220,charles,murphy,charles murphy,charles.murphy.3512@mail.test,5554953331,1994-06-02,76 elm way,3512,none
4221,sue,nguyen,sue nguyen,susan.nguyen.1572@mail.test,5558011577,1966-03-18,146 pine ct,1572,abbrev
4222,sofia,patel,sofia patel,sofia.patel.1993@mail.test,5557219907,1987-05-07,170 elm way,1939,typo
4223,thomas,murphy,"murphy, thomas",thomas.murphy.167@mail.test,5552070937,1967-10-16,17 maple ave,167,reorder
4224,jennifer,smith,jennifer smith,,5559225127,,107 pine ct,601,missing
4225,s.,mueller,s. mueller,,,1970-06-02,149 pine ct,69,abbrev
4226,m.,klm,m. klm,margaret.kim.1150@mail.test,5559316737,1955-03-22,132 birch rd,1150,abbrev
4227,laura,patel,laura patel,laura.patel.903@mail.test,5556484007,1961-09-21,128 maple ave,903,household_nonmatch
4228,michael,brown,michael brown,michael.brown.911@mail.test,5552038298,1983-08-26,14 elm way,911,none
4229, Robert ,garcia, Robert  garcia,ROBERT.GARCIA.216@MAIL.TEST,5557822268,1980-01-26,131 birch rd,216,case_noise
4230,william,smith,william smith,william.smith.761@mail.test,5557658095,1961-08-26,172 oak st,761,near_collision
4231,sofia,mueller,sofia mueller,,5552567066,1982-05-25,197 elm way,1225,missing
4232,robert,kim,robert kim,robert.kim.2078@mail.test,5557748972,1987-03-09,180 pine ct,2078,none
4233,sofia,murphy,sofia murphy,sofia.murphy.74@mail.test,5553895535,1971-12-11,102 birch rd,74,near_collision
4234,margaret,brown,margaret brown,margaret.brown.498@mail.test,5551690101,1961-11-21,69 cedar ln,498,near_collision
4235,william,murphy,william murphy,william.smith.3259@mail.test,5559381674,1998-12-04,7 maple ave,3259,household_nonmatch
4236,michael,smibh,michael smibh,michael.smith.297@mail.test,5555831432,1991-02-11,121 elm way,297,typo
4237,sofia,brown,sofia brown,sofia.brown.1116@mail.test,5559570063,1950-02-22,75 maple ave,1116,none
4238,elizabeth,smith,elizabeth smith,elizabeth.smith.1339@mail.test,5559714023,1994-08-27,38 cedar ln,1339,near_collision
4239,david,brown,david brown,david.brown.141@mail.test,5557568470,1992-07-04,125 pine ct,141,none
4240,ann,jones,ann jones,ann.jones.2284@mail.test,5553878653,1976-03-17,164 birch rd,2284,none
4241,william,brown,william brown,william.brown.1631@mail.test,5557374708,1998-07-12,39 maple ave,1631,none
4242,charles,brown,charles brown,charles.brown.1524@mail.test,5555027289,1993-11-15,134 maple ave,1524,near_collision
4243,robert,jones,"jones, robert",robert.jones.1745@mail.test,5558005675,1981-01-03,84 cedar ln,1745,reorder
4244,ann,smith,ann smith,ann.smith.291@mail.test,5557398447,1954-12-11,195 elm way,291,typo
4245,daniel,garcia,daniel garcia,daniel.garcia.768@mail.test,,1964-08-22,169 maple ave,768,missing
4246,jose,patel,jose patel,jose.smith.1096@mail.test,5554961038,1957-12-12,20 oak st,1096,household_nonmatch
4247,sofia,johnson,sofia johnson,,,1982-09-04,149 maple ave,2983,missing
4248,mike,murphy,mike murphy,michael.kim.53@mail.test,5559554935,1985-01-26,32 elm way,53,abbrev
4249,robert,van dyke,robert van dyke,robert.vandyke.2020@mail.test,,,91 cedar ln,2020,missing
4250,laura,garcia,laura garcia,laura.patel.568@mail.test,5558728552,1993-07-15,133 birch rd,568,household_nonmatch
4251,laura,patel,laura patel,laura.patel.517@mail.test,5557918390,1973-10-19,33 oak st,517,none
4252,susan,van dyke,susan van dyke,,5551829592,,44 maple ave,534,missing
4253,william,silva,william silva,william.silva.905@mail.test,5553036508,1967-10-21,101 birch rd,905,none
4254,g.,silva,g. silva,greta.silva.358@mail.test,5553962792,,88 maple ave,358,abbrev
4255,michael,murphy,michael murphy,michael.murphy.1342@mail.test,5551164285,1957-06-08,117 oak st,1342,none
4256,robert,van dyke,robert van dyke,robert.vandyke.337@mail.test,5551019510,1973-11-18,4 birch rd,337,translit
4257,hans,owrien,hans owrien,hans.obrien.242@mail.test,5552693508,1992-12-15,90 oak st,242,typo
4258,katherine,murphy,katherine murphy,katherine.murphy.1062@mail.test,5557851775,1968-11-24,81 birch rd,1062,near_collision
4259,robert,kowalski,robert kowalski,robert.kowalski.1082@mail.test,5552320569,1956-09-17,177 maple ave,1082,near_collision
4260,david,johnson,david johnson,david.johnson.1848@mail.test,5558612231,1962-05-07,157 elm way,1848,near_collision
4261,laura,nguyen,laura nguyen,laura.obrien.155@mail.test,5558866618,1965-03-25,40 maple ave,155,household_nonmatch
4262,william,kowalski,william kowalski,william.kowalski.982@mail.test,5551847644,1970-09-27,121 cedar ln,982,none
4263,charles,obrien,charles obrien,charles.obrien.2174@mail.test,5554628741,1953-07-05,107 pine ct,2174,none
4264,william,garcia,william garcia,william.garcia.626@mail.test,5552773094,1983-02-02,15 elm way,626,none
4265,william,murphy,william murphy,william.murphy.727@mail.test,5554306430,1993-02-16,168 cedar ln,727,near_collision
4266, David ,kowalski, David  kowalski,DAVID.KOWALSKI.422@MAIL.TEST,5551295774,1958-04-16,95 elm way,422,case_noise
4267,margaret,johnson,margaret johnson,margaret.johnson.1327@mail.test,5556223975,1958-05-02,11 maple ave,1327,none
4268,david,smith,david smith,david.smith.2887@mail.test,5553591279,1983-02-07,162 cedar ln,2887,near_collision
4269,greta,johnson,greta johnson,greta.johnson.950@mail.test,5556472319,1957-04-14,113 oak st,950,none
4270,william,van dyke,william van dyke,william.vandyke.2421@mail.test,5554901531,1967-03-18,146 birch rd,2421,none
4271,elizabeth,kowalski,elizabeth kowalski,elizabeth.vandyke.1178@mail.test,5553842724,1973-01-08,6 pine ct,1178,household_nonmatch
4272,james,kowalski,james kowalski,james.kowalski.1078@mail.test,5551982372,1951-03-03,127 pine ct,1078,none
4273, Susan ,johnson, Susan  johnson,SUSAN.JOHNSON.787@MAIL.TEST,5554010262,1992-03-24,58 maple ave,787,case_noise
4274,d.,silva,d. silva,,,1990-07-24,28 pine ct,387,missing
4275,jennifer,murphy,jennifer murphy,jennifer.murphy.2231@mail.test,5554264051,1996-09-27,134 cedar ln,2231,none
4276,thomas,smith,thomas smith,thomas.smith.1318@mail.test,5554661475,1996-07-09,196 maple ave,1318,near_collision
4277,sofia,obrien,sofia obrien,sofia.garcia.763@mail.test,5557323149,1981-07-20,12 birch rd,763,household_nonmatch
4278,thomsa,johnson,thomsa johnson,thomas.kim.1546@mail.test,5552184542,1978-11-12,132 elm way,1546,typo
4279,hans,brown,"brown, hans",hans.brown.181@mail.test,5553156342,1957-08-13,110 cedar ln,181,reorder
4280,robert,patel,robert patel,robert.patel.1649@mail.test,5551200359,1968-12-17,119 elm way,1649,none
4281,thomas,silva,thomas silva,thomas.silva.2701@mail.test,5555870945,1965-03-19,32 elm way,2701,none
4282,david,brown,david brown,david.brown.2283@mail.test,5557181560,1959-07-25,29 birch rd,2283,near_collision
4283,jennifer,obrien,jennifer obrien,jennifer.obrien.241@mail.test,5551600036,1992-05-06,132 elm way,241,none
4284,greta,murphy,greta murphy,greta.murphy.1893@mail.test,5554684890,1996-01-18,71 oak st,1893,none
4285,david,van dyke,david van dyke,david.vandyke.2665@mail.test,5558598453,1997-09-25,171 birch rd,2665,none
4286,laura,van dyke,laura van dyke,laura.vandyke.61@mail.test,5556333672,1957-04-14,168 pine ct,61,none
4287,sofia,jones,sofia jones,sofia.jones.640@mail.test,5555786194,1976-03-24,31 oak st,640,none
4288,charles,kowalski,charles kowalski,charles.kowalski.395@mail.test,5553260362,1971-01-09,144 maple ave,395,none
4289,jose,murphy,jose murphy,jose.murphy.2167@mail.test,5557644900,1991-07-16,75 maple ave,2167,none
4290,william,smith,william smith,william.smith.2000@mail.test,5557170547,1995-03-27,126 oak st,2000,none
4291,charles,jones,charles jones,charles.jones.3656@mail.test,5551655584,1991-03-08,76 oak st,3656,none
4292,daniel,garcia,daniel garcia,daniel.garcia.1357@mail.test,5556281089,1982-07-05,107 birch rd,1357,none
4293,sofia,muellvr,sofia muellvr,sofia.muleler.1226@mail.test,5554628985,1997-04-19,144 pine ct,1226,typo
4294,michael,patel,michael patel,michael.patel.670@mail.test,5551082743,1960-12-08,46 oak st,670,near_collision
4295,katherine,obrien,"obrien, katherine",katherine.obrien.110@mail.test,5558467005,1990-09-25,30 oak st,110,reorder
4296,jennifer,smith,jennifer smith,jennifer.smith.644@mail.test,5553162152,1997-11-23,47 elm way,644,none
4297,charles,obrien,charles obrien,charwes.obrien.1661@mail.test,5551348268,1960-05-07,28 oak st,1661,typo
4298,ann,smih,ann smih,ann.smith.1906@mail.test,5557719630,1973-12-26,24 maple ave,1906,typo
4299,sofia,van dyke,sofia van dyke,sofia.vandyke.2230@mail.test,5558131916,1978-12-11,147 cedar ln,2230,none
4300,robert,nguyen,robert nguyen,robert.nguyen.28@mail.test,5551812702,1959-09-02,83 elm way,28,translit
4301,james,mueller,james mueller,james.mueller.3367@mail.test,5559144921,1973-06-02,178 pine ct,3367,none
4302,robert,patel,robert patel,robert.patel.3076@mail.test,5555234055,1953-02-26,136 maple ave,3076,none
4303,margaret,nguyen,margaret nguyen,margaret.nguyen.3095@mail.test,5556633607,1967-01-12,3 oak st,3095,none
4304,laura,patel,laura patel,laura.patel.1174@mail.test,5552054907,1960-06-27,36 maple ave,1174,none
4305,laura,mueller,laura mueller,laura.johnson.2712@mail.test,5552217106,1970-07-06,31 pine ct,2712,household_nonmatch
4306,d.,mueller,d. mueller,david.mueller.1839@mail.test,5551792525,1966-05-20,121 birch rd,1839,abbrev
4307,william,mueller,william mueller,,5558778025,1961-10-03,146 pine ct,685,missing
4308,j.,kowalski,j. kowalski,james.kowalski.603@mail.test,5559383891,1995-09-13,124 oak st,603,abbrev
4309,thomas,smith,thomas smith,thomas.smith.2822@mail.test,5553862336,1962-08-08,10 pine ct,2822,none
4310, Robert ,johnson, Robert  johnson,ROBERT.JOHNSON.454@MAIL.TEST,5554551330,1980-02-27,76 maple ave,454,case_noise
4311,ann,nguyen,ann nguyen,ann.nguyen.137@mail.test,5559069832,1998-04-22,173 pine ct,137,translit
4312,david,brown,david brown,david.brown.2173@mail.test,5555369696,1969-01-27,150 maple ave,2173,household_nonmatch
4313,p.,van dyke,p. van dyke,patricia.vandyke.2024@mail.test,5556020949,1998-03-23,56 cedar ln,2024,abbrev
4314,michael,orien,michael orien,michael.obrien.639@mail.test,5559588921,1952-02-23,178 cedar ln,639,typo
4315,jennifer,murphy,jennifer murphy,jennifer.murphy.2137@mail.test,5552158445,1992-06-26,46 elm way,2137,none
4316,david,silva,david silva,david.silva.473@mail.test,5554023716,1970-10-23,74 elm way,473,none
4317,elizabeth,kowalski,elizabeth kowalski,,5558842053,1983-05-18,102 elm way,7,missing
4318,elizabeth,jones,elizabeth jones,elizabeth.jones.645@mail.test,5553019503,1986-05-27,164 elm way,645,none
4319,patricia,obrien,patricia obrien,patricia.obrien.1431@mail.test,5554594997,1990-01-20,172 oak st,1431,near_collision
4320, Thomas ,obrien, Thomas  obrien,THOMAS.OBRIEN.14@MAIL.TEST,5555020630,1986-01-01,95 maple ave,14,case_noise
4321,susan,van dyke,susan van dyke,susan.vandyke.36@mail.test,,1986-11-14,26 cedar ln,36,missing
4322,sofia,smith,sofia smith,sofia.brown.3419@mail.test,5557225258,1998-04-06,102 elm way,3419,household_nonmatch
4323,katherine,van dyke,katherine van dyke,katherine.vandyke.1009@mail.test,5554064165,1959-04-20,138 cedar ln,1009,none
4324,hans,mueller,hans mueller,hans.mueller.1511@mail.test,5554104689,1969-09-19,2 birch rd,1511,none
4325,thomas,mueller,thomas mueller,thomas.mueller.916@mail.test,5553766168,1964-06-04,44 birch rd,916,none
4326,jose,johnson,jose johnson,jose.johnson.3074@mail.test,5552547430,1989-11-17,20 cedar ln,3074,near_collision
4327,james,brown,james brown,james.brown.1863@mail.test,5554980780,1985-10-25,133 cedar ln,1863,none
4328,elizaebth,kowalski,elizaebth kowalski,elizabeth.johnson.822@mail.test,5552270505,1952-11-18,166 maple ave,822,typo
4329, .,garcia, . garcia,JOSE.GARCIA.232@MAIL.TEST,5559910405,1979-10-13,135 oak st,232,abbrev
4330,hans,patel,hans patel,hans.murphy.2450@mail.test,5558104778,1966-03-27,5 cedar ln,2450,household_nonmatch
4331,elizabeth,van dyke,elizabeth van dyke,elizabeth.vandyke.2715@mail.test,5553310994,1962-09-09,120 elm way,2715,none
4332,charles,smith,charles smith,charles.smith.49@mail.test,,,144 cedar ln,49,missing
4333,robert,nguyen,robert nguyen,robert.nguyen.215@mail.test,5557357545,1998-10-20,50 pine ct,215,none
4334,elizabeth,patel,elizabeth patel,elizabeth.patel.1389@mail.test,5553185070,1978-01-21,155 oak st,1389,near_collision
4335,robert,smith,robert smith,robert.smith.3494@mail.test,5558948989,1975-08-06,17 cedar ln,3494,none
4336,susan,mueller,susan mueller,susan.mueller.1903@mail.test,5557611054,1966-10-06,95 oak st,1903,none
4337,david,johnson,david johnson,david.johnson.1374@mail.test,5551766647,1993-06-03,68 birch rd,1374,near_collision
4338,jennifer,nguyen,jennifer nguyen,jennifer.nguyen.3411@mail.test,5554941507,1968-05-15,122 oak st,3411,none
4339,robert,jones,robert jones,robert.jones.3122@mail.test,5554945269,1962-04-05,127 pine ct,3122,none
4340,robert,garcia,robert garcia,robert.vandyke.2797@mail.test,5553219179,1967-09-15,183 elm way,2797,household_nonmatch
4341,susan,johnson,susan johnson,susan.nguyen.3235@mail.test,5553235898,1976-07-15,155 maple ave,3235,household_nonmatch
4342,jennifer,van dyke,jennifer van dyke,jennifer.vandyke.1281@mail.test,5554323551,1951-07-08,156 pine ct,1281,none
4343,robert,garcia,robert garcia,robert.garcia.2075@mail.test,5554834439,1963-01-15,69 oak st,2075,none
4344,hans,obrien,hans obrien,hans.obrien.1620@mail.test,5556489648,1958-05-12,51 elm way,1620,none
4345,ann,jones,"jones, ann",ann.jones.2760@mail.test,5554902173,1996-07-11,3 pine ct,2760,reorder
4346,james,jones,james jones,james.kowalski.351@mail.test,5556599612,1973-08-17,158 cedar ln,351,household_nonmatch
4347,robert,mueller,robert mueller,robert.mueller.926@mail.test,5556696407,1987-02-15,81 elm way,926,none
4348,patricia,van dyke,patricia van dyke,patricia.vandyke.1944@mail.test,5553965369,1985-12-20,130 elm way,1944,translit
4349,patricia,nguyen,patricia nguyen,patricia.nguyen.580@mail.test,5553940064,1971-12-14,125 pine ct,580,none
4350,jennifer,nguyen,jennifer nguyen,jennifer.nguyen.868@mail.test,5552476815,1968-08-14,191 maple ave,868,none
4351,sofia,johnson,sofia johnson,sofia.johnson.2847@mail.test,5553519022,1974-10-08,191 elm way,2847,none
4352,jose,mueller,jose mueller,jose.mueller.551@mail.test,,1974-12-14,161 elm way,551,missing
4353,robert,johnson,robert johnson,robert.johnson.2223@mail.test,5554900793,1976-04-24,96 maple ave,2223,none
4354, Michael ,brown, Michael  brown,MICHAEL.BRONW.1151@MAIL.TEST,5555019678,,88 maple ave,1151,typo
4355,thomas,mueller,thomas mueller,thomas.mueller.3629@mail.test,5554104689,1979-11-14,2 birch rd,3629,household_nonmatch
4356,elizabeth,silva,elizabeth silva,elizabeth.silva.3551@mail.test,5554512701,1995-10-24,92 oak st,3551,none
4357,katherine,mueller,katherine mueller,katherine.mueller.1877@mail.test,5558838909,1990-03-07,133 birch rd,1877,none
4358,david,patel,david patel,david.patel.1964@mail.test,5551528700,1984-10-21,70 cedar ln,1964,none
4359,chuck,silva,chuck silva,charles.silva.1039@mail.test,5559851390,1985-05-04,38 elm way,1039,abbrev
4360,hans,brown,hans brown,hans.brown.2028@mail.test,5554393975,1985-06-22,5 birch rd,2028,none
4361,ann,silva,"silva, ann",ann.silva.200@mail.test,5557774867,1956-01-27,157 pine ct,200,reorder
4362,david,obrien,david obrien,david.obrien.1131@mail.test,5558727867,1955-12-12,175 maple ave,1131,none
4363,elizabeth,garcia,elizabeth garcia,elizabeth.garcia.3092@mail.test,5552549486,1959-03-01,195 elm way,3092,near_collision
4364,hans,jones,"jones, hans",hans.jones.618@mail.test,5558877579,1967-05-18,171 elm way,618,reorder
4365,james,nguyen,james nguyen,james.ngyuen.26@mail.test,5553683787,1966-08-11,184 pine ct,26,typo
4366,daniel,mueller,daniel mueller,daniel.mueller.378@mail.test,5556886635,,59 pine ct,378,missing
4367,michael,silva,michael silva,michael.silva.3425@mail.test,5553545603,1972-10-13,34 elm way,3425,none
4368,katherine,jones,"jones, katherine",katherine.jones.52@mail.test,5559229848,1986-03-23,38 birch rd,52,reorder
4369,patricia,van dyke,patricia van dyke,patricia.vandyke.1944@mail.test,5553965369,1985-12-20,130 elm way,1944,none
4370,william,van dyke,william van dyke,william.obrien.3057@mail.test,5559067406,1963-03-02,152 cedar ln,3057,household_nonmatch
4371, William ,murphy, William  murphy,WILLIAM.MURPHY.1660@MAIL.TEST,5556595790,1988-05-03,81 birch rd,1660,case_noise
4372,daniel,mueller,daniel mueller,daniel.mueller.2460@mail.test,5559279075,1967-09-21,107 maple ave,2460,none
4373,thomas,mueller,thomas mueller,thomas.mueller.2317@mail.test,5551503769,1961-09-10,61 maple ave,2317,none
4374,sofia,kim,sofia kim,sofia.kim.1050@mail.test,5557311529,1953-08-09,54 maple ave,1050,none
4375,daniel,kim,daniel kim,daniel.kim.1413@mail.test,5558424256,1977-10-06,16 pine ct,1413,none
4376,patricia,smith,patricia smith,patricia.smith.667@mail.test,5551265014,1995-05-22,158 birch rd,667,none
4377,sofia,nguyen,sofia nguyen,sofia.nguyen.1179@mail.test,5557236513,1990-12-21,198 maple ave,1179,none
4378,charles,mueller,charles mueller,charles.mueller.220@mail.test,5557276902,1979-10-15,149 birch rd,220,none
4379,jose,smith,jose smith,jose.smith.953@mail.test,5552875819,1986-05-23,141 elm way,953,none
4380,jose,murphy,jose murphy,jose.murphy.2570@mail.test,5554751485,1977-03-14,29 maple ave,2570,none
4381,jose,johnson,jose johnson,jose.johnson.1210@mail.test,5553312129,1976-10-20,83 elm way,1210,none
4382,ann,silva,ann silva,ann.kim.600@mail.test,5553959722,1966-07-14,187 pine ct,600,household_nonmatch
4383,charles,nguyen,charles nguyen,charles.nguyen.3311@mail.test,5551276442,1950-07-13,115 birch rd,3311,none
4384,sofia,gacia,sofia gacia,sofia.garcia.927@mail.test,5559720287,1958-06-17,152 elm way,927,typo
4385,michael,johnson,michael johnson,michael.johnsn.894@mail.test,5554361624,1989-07-06,74 cedar ln,894,typo
4386,william,van dyke,william van dyke,william.vandyke.1285@mail.test,5555448594,1971-03-12,4 birch rd,1285,near_collision
4387,sofia,garcia,sofia garcia,sofia.garcia.3379@mail.test,5559328109,1986-05-16,182 oak st,3379,none
4388,james,johnson,james johnson,james.johnson.793@mail.test,5559736162,1997-06-27,184 maple ave,793,none
4389,elizabeth,garcia,"garcia, elizabeth",elizabeth.garcia.1643@mail.test,5557798190,1953-05-09,31 oak st,1643,reorder
4390,dan,jones,dan jones,daniel.jones.407@mail.test,5556468474,1993-04-13,172 pine ct,407,abbrev
4391,greta,mruphy,greta mruphy,greta.murphy.260@mail.test,,1977-09-10,137 cedar ln,260,missing
4392,greta,van dyke,greta van dyke,greta.vandyke.3296@mail.test,5559109492,1993-11-26,190 birch rd,3296,none
4393, .,nguyen, . nguyen,MICHAEL.NGUYEN.47@MAIL.TEST,,,40 maple ave,47,translit
4394,thomas,van dyke,"van dyke, thomas",thomas.vandyke.1866@mail.test,5553391885,1966-01-22,82 oak st,1866,reorder
4395,margaret,kowalski,margaret kowalski,margaret.kowalski.897@mail.test,5559454709,1974-04-22,183 elm way,897,near_collision
4396,greta,van dyke,greta van dyke,greta.vandyke.237@mail.test,5551947358,1955-03-09,145 pine ct,237,none
4397,jose,mueller,jose mueller,jose.mueller.2248@mail.test,5555249434,1996-07-24,8 elm way,2248,none
4398,elizabeth,smith,elizabeth smith,elizabeth.murphy.166@mail.test,5552182966,1992-09-18,100 cedar ln,166,household_nonmatch
4399,jose,johnson,jose johnson,jose.johnson.3431@mail.test,5551175153,1988-06-21,80 maple ave,3431,none
4400,ann,brown,ann brown,ann.brown.1632@mail.test,5551204367,1970-06-14,29 elm way,1632,none
4401,sofia,mueller,sofia mueller,sofia.mueller.2036@mail.test,5554791605,1986-03-09,143 birch rd,2036,near_collision
4402,robert,smith,robert smith,robert.smith.2783@mail.test,5559203815,1991-08-17,78 cedar ln,2783,none
4403, Margaret ,johnson, Margaret  johnson,MARGARET.JOHNSON.211@MAIL.TEST,5556935419,1956-04-25,63 elm way,211,case_noise
4404,hans,johnson,hans johnson,hans.johnson.1141@mail.test,5553445061,1963-07-14,65 oak st,1141,none
4405,margaret,silva,margaret silva,margaret.silva.1397@mail.test,5555539988,1962-04-08,124 pine ct,1397,near_collision
4406,katherine,murphy,katherine murphy,katherine.murphy.3211@mail.test,5554604716,1971-11-16,82 maple ave,3211,translit
4407,thomas,obrien,thomas obrien,ttomas.obrien.2035@mail.test,5557530648,1985-09-25,147 birch rd,2035,typo
4408,jennifer,brown,jennifer brown,jennifer.brown.2183@mail.test,5551642072,1954-07-21,3 elm way,2183,near_collision
4409,greta,johnson,greta johnson,greta.johnson.1909@mail.test,5555236458,1969-05-06,162 elm way,1909,none
4410,elizabeth,smith,elizabeth smith,elizabeth.smith.1340@mail.test,5551932858,1959-10-27,36 elm way,1340,near_collision
4411,laura,murphy,"murphy, laura",laura.murphy.1152@mail.test,5555018350,1968-09-08,154 elm way,1152,reorder
4412,hans,johnson,hans johnson,hans.garcia.1422@mail.test,5553575421,1989-12-02,78 oak st,1422,household_nonmatch
4413, William ,jønes, William  jønes,WLILIAM.JONES.4@MAIL.TEST,5555627058,1963-06-11,126 birch rd,4,case_noise
4414,ann,obien,ann obien,,5555334277,,85 birch rd,921,missing
4415,james,garcia,james garcia,james.garcia.2416@mail.test,5558623770,1996-09-25,19 oak st,2416,near_collision
4416,susan,mueller,susan mueller,susan.obrien.937@mail.test,5551829656,1996-07-23,167 maple ave,937,household_nonmatch
4417,paticia,smith,paticia smith,patricia.smith.296@mail.test,5557749237,1988-08-21,77 maple ave,296,typo
4418,katherine,brown,katherine brown,katherine.brown.2926@mail.test,5559088796,1953-11-27,179 cedar ln,2926,none
4419,s.,jones,s. jones,susan.jones.59@mail.test,5557849627,1990-09-08,165 pine ct,59,abbrev
4420,daniel,patel,daniel patel,daniel.patel.193@mail.test,5557467864,1961-12-12,109 cedar ln,193,near_collision
4421,katherine,van dyke,katherine van dyke,katherine.vandyke.776@mail.test,5552387911,1969-10-07,188 pine ct,776,none
4422,ann,obrien,ann obrien,ann.kowalski.1128@mail.test,5555506980,1986-03-11,96 cedar ln,1128,household_nonmatch
4423,james,obrien,james obrien,james.obrien.744@mail.test,5556941948,1982-11-24,178 cedar ln,744,near_collision
4424,susan,silva,susan silva,susan.kim.2049@mail.test,5553775838,1979-10-14,88 elm way,2049,household_nonmatch
4425,robert,garcia,robert garcia,robert.garcia.1067@mail.test,5554834639,1997-01-05,167 cedar ln,1067,none
4426,c.,patel,c. patel,charles.patel.483@mail.test,5559320981,1958-03-12,179 birch rd,483,typo
4427,elizabeh,kim,"kim, elizabeh",elizabeth.kim.528@mail.test,5556176938,1982-04-06,158 maple ave,528,reorder
4428,g.,brown,g. brown,greta.brown.1079@mail.test,5555781314,1991-09-13,78 cedar ln,1079,abbrev
4429,jennifer,patel,jennifer patel,jennifer.patel.282@mail.test,5553937969,1960-11-26,159 pine ct,282,none
4430,jose,silva,jose silva,,5559930938,1973-11-03,141 maple ave,876,missing
4431,susan,jones,susan jones,susan.jones.2884@mail.test,5553326086,1989-02-11,171 pine ct,2884,none
4432,jennifer,kim,"kim, jennifer",jennifer.kim.942@mail.test,5554489120,1966-02-04,134 birch rd,942,reorder
4433,laura,murphy,laura murphy,laura.murphy.2039@mail.test,5557360995,1962-05-15,77 maple ave,2039,none
4434,greta,silva,greta silva,greta.silva.1031@mail.test,5559478873,1983-03-12,100 maple ave,1031,near_collision
4435,greta,mueller,greta mueller,greta.mueller.2579@mail.test,5557549382,1996-12-12,136 maple ave,2579,none
4436,susan,brown,susan brown,susan.brown.3601@mail.test,5554611923,1959-02-05,130 birch rd,3601,none
4437,susan,patel,susan patel,susan.patel.2604@mail.test,5552958463,1979-05-10,11 cedar ln,2604,none
4438,ann,kim,ann kim,ann.kim.39@mail.test,5552453610,1966-01-14,178 oak st,39,none
4439,jennifer,silva,jennifer silva,jennifer.silva.1363@mail.test,5553002370,1994-03-17,66 birch rd,1363,none
4440,robert,kowalski,robert kowalski,robert.kowalski.2690@mail.test,5559552654,1974-07-19,2 cedar ln,2690,none
4441,patricia,nguyen,patricia nguyen,patricia.nguyen.3072@mail.test,5559058714,1965-11-12,47 elm way,3072,none
4442,david,jonse,david jonse,david.jones.314@mail.test,5552266939,1975-05-27,33 maple ave,314,typo
4443,katherine,johnson,katherine johnson,katherine.johnson.2472@mail.test,5555396276,1983-06-12,114 maple ave,2472,none
4444,eliabeth,kim,eliabeth kim,elizabeth.kim.123@mail.test,5552915524,1968-02-12,82 birch rd,123,typo
4445,dan,kim,dan kim,daniel.kim.2031@mail.test,5557963216,1975-08-14,173 oak st,2031,abbrev
4446,charles,brown,charles brown,charles.brown.1525@mail.test,,,174 oak st,1525,missing
4447,sofia,patel,sofia patel,sofia.patel.2055@mail.test,5552916956,1979-10-27,125 maple ave,2055,near_collision
4448, William ,mueller, William  mueller,WILLIAM.MUELLER.1212@MAIL.TEST,5556446212,1970-08-08,58 maple ave,1212,case_noise
4449,jose,silva,jose silva,jose.silva.3003@mail.test,5551599346,1998-02-02,145 maple ave,3003,none
4450,david,nguyen,david nguyen,david.nguyen.2814@mail.test,5551189165,1977-08-05,185 oak st,2814,none
4451,laura,garcia,laura garcia,laura.garcia.1788@mail.test,5554835175,1974-11-01,47 cedar ln,1788,none
4452,sofia,nguyen,sofia nguyen,sofia.nguyen.1886@mail.test,,,80 pine ct,1886,missing
4453,jose,obrien,jose obrien,jose.obrien.2987@mail.test,5559780466,1989-06-05,22 maple ave,2987,none
4454,david,murphy,david murphy,david.murphy.46@mail.test,5558135440,1991-02-21,127 pine ct,46,none
4455,e.,obrien,e. obrien,elizabeth.obrien.3094@mail.test,5552915770,1991-10-25,96 oak st,3094,abbrev
4456,ann,obrien,ann obrien,ann.obrien.572@mail.test,5556721839,1974-02-08,34 maple ave,572,near_collision
4457,michael,smith,michael smith,michael.smith.3033@mail.test,5557342006,1982-07-23,4 oak st,3033,near_collision
4458,elizabeth,silva,elizabeth silva,elizabeth.jones.1982@mail.test,5554026975,1997-09-16,141 pine ct,1982,household_nonmatch
4459,katherune,patel,katherune patel,katherine.patel.37@mail.test,5556484007,1988-02-13,128 maple ave,37,typo
4460,james,brown,james brown,james.brown.2539@mail.test,5558941348,1978-03-17,39 maple ave,2539,none
4461,william,kowalski,william kowalski,william.nguyen.3586@mail.test,5555402033,1985-09-23,126 birch rd,3586,household_nonmatch
4462,david,van dyke,"van dyke, david",david.vandyke.359@mail.test,5554933621,1955-01-15,15 pine ct,359,reorder
4463,ann,van dyke,ann van dyke,ann.vandyke.2033@mail.test,5558422612,1973-05-14,153 elm way,2033,near_collision
4464,robert,garcia,robert garcia,robert.garcia.3447@mail.test,5558338694,1962-10-12,132 elm way,3447,near_collision
4465,a.,brown,a. brown,ann.brown.25@mail.test,5558078369,1989-09-19,149 maple ave,25,typo
4466,david,murphy,david murphy,david.murphy.532@mail.test,5555036656,1989-12-23,64 cedar ln,532,none
4467,james,nguyen,james nguyen,james.nguyen.3600@mail.test,5552186305,1968-01-12,32 birch rd,3600,none
4468,elizabeth,silva,elizabeth silva,elizabeth.silva.3338@mail.test,5553372793,1957-08-05,15 pine ct,3338,none
4469,hans,van dyke,hans van dyke,hans.vandyke.3553@mail.test,5555326348,1990-07-19,130 pine ct,3553,translit
4470,susan,brown,susan brown,susan.brown.3582@mail.test,5551482679,1981-08-19,130 birch rd,3582,none
4471,greta,patel,greta patel,greta.patel.1258@mail.test,5552636448,1972-07-09,31 cedar ln,1258,none
4472,laura,brown,laura brown,laura.brown.2265@mail.test,5557337824,1973-04-17,24 pine ct,2265,none
4473,susan,smith,susan smith,susan.smith.191@mail.test,5551826694,1974-06-11,9 pine ct,191,none
4474,greta,patel,greta patel,greta.patel.2122@mail.test,5554553052,1986-09-10,7 birch rd,2122,none
4475,greta,kowalski,greta kowalski,greta.kowalski.3499@mail.test,5554361598,1950-11-22,153 cedar ln,3499,none
4476,ann,kowalski,ann kowalski,ann.kowalski.3332@mail.test,5552823329,1956-04-19,129 elm way,3332,near_collision
4477,greta,obrien,greta obrien,greta.obrien.1055@mail.test,5559218450,1996-05-04,111 birch rd,1055,none
4478,katherine,garcia,katherine garcia,katherine.garcia.1969@mail.test,5557827336,1967-12-14,145 birch rd,1969,near_collision
4479,katherine,kim,katherine kim,katherine.kim.3085@mail.test,5557326217,1973-10-01,36 oak st,3085,near_collision
4480,sofia,van dyke,sofia van dyke,sofia.vandyke.1947@mail.test,5551694744,1956-06-04,87 elm way,1947,none
4481,greta,kowalski,greta kowalski,greta.kowalski.2004@mail.test,5554636835,1994-04-13,69 maple ave,2004,none
4482,hans,nguyen,hans nguyen,hans.nguyen.147@mail.test,5558265290,1983-07-14,11 maple ave,147,none
4483,william,patel,william patel,william.patel.163@mail.test,5551664681,1994-06-09,121 birch rd,163,none
4484,hans,smith,hans smith,hans.smith.818@mail.test,5557731193,1979-07-12,76 maple ave,818,none
4485,thomas,patel,thomas patel,thomas.patel.3477@mail.test,5556781475,1965-05-10,145 cedar ln,3477,near_collision
4486,thomas,nguyen,thomas nguyen,thomas.nguyen.2368@mail.test,5552195020,1980-12-26,97 maple ave,2368,none
4487,margaret,jøhnsøn,margaret jøhnsøn,margaret.jones.1619@mail.test,5558799018,1978-04-03,15 maple ave,1619,household_nonmatch
4488,hans,murphy,hans murphy,hans.murphy.1004@mail.test,5558539838,1951-09-07,156 cedar ln,1004,none
4489,susan,obrien,susan obrien,susan.obrien.2227@mail.test,5552219315,1960-05-17,94 oak st,2227,none
4490,elizabeth,silva,elizabeth silva,elizabeth.silva.983@mail.test,5557437424,1974-02-01,111 oak st,983,none
4491,jose,patel,jose patel,jose.patel.1900@mail.test,5553954681,1968-04-03,63 cedar ln,1900,none
4492,hans,obrien,hans obrien,hans.obrien.2048@mail.test,5554755344,1980-09-06,63 elm way,2048,none
4493,daniel,jonse,daniel jonse,daniel.jones.407@mail.test,5556468474,1993-04-13,172 pine ct,407,typo
4494,hans,jones,hans jones,hans.jones.618@mail.test,5558877579,1967-05-18,171 elm way,618,none
4495,william,silva,william silva,william.silva.231@mail.test,5558025021,1983-06-24,52 birch rd,231,none
4496,robert,kim,robert kim,robert.kim.3653@mail.test,5555586719,1962-08-09,69 pine ct,3653,none
4497,laura,brown,laura brown,laura.brown.1346@mail.test,5553578884,1991-01-17,80 maple ave,1346,none
4498,jose,patel,jose patel,jose.patel.2043@mail.test,5553812765,1962-11-12,70 oak st,2043,none
4499,greta,jones,greta jones,greta.jones.3330@mail.test,5555393550,1971-05-07,94 pine ct,3330,near_collision
4500,greta,smith,greta smith,greta.smith.317@mail.test,5557571101,1978-11-19,123 maple ave,317,none
4501,charles,mueller,charles mueller,charles.mueller.81@mail.test,5551408434,1965-10-21,32 oak st,81,none
4502,margaret,patel,margaret patel,margaret.patel.3307@mail.test,5558519269,1960-04-19,76 maple ave,3307,none
4503,charles,van dyke,charles van dyke,charles.vandyke.3521@mail.test,5557835932,1983-01-19,115 oak st,3521,none
4504,mike,obrien,mike obrien,,5553640666,1957-06-01,88 oak st,235,missing
4505,patricia,garcia,patricia garcia,patricia.garcia.746@mail.test,5559424460,1972-09-05,25 oak st,746,none
4506,michael,mueller,michael mueller,michael.mueller.2395@mail.test,5553998253,1980-09-02,82 maple ave,2395,near_collision
4507,michael,smith,michael smith,michael.smith.3032@mail.test,5557759490,1976-02-17,14 cedar ln,3032,near_collision
4508,katherine,smith,katherine smith,katherine.smith.1181@mail.test,5552223828,1954-10-15,2 birch rd,1181,translit
4509,michael,nguyen,michael nguyen,mihael.nguyen.327@mail.test,5558073806,1963-09-16,1 maple ave,327,typo
4510,jennifer,kim,jennifer kim,jennifer.kim.3256@mail.test,5559036311,1969-11-15,175 maple ave,3256,none
4511,katherine,van dyke,katherine van dyke,katherine.vandyke.871@mail.test,5556346200,1962-12-07,31 birch rd,871,none
4512,greta,van dyke,greta van dyke,greta.vandyke.3369@mail.test,5559888696,1975-01-11,40 pine ct,3369,none
4513,robert,smith,robert smith,robert.murphy.3652@mail.test,5552900367,1978-09-25,66 pine ct,3652,household_nonmatch
4514,michael,mueller,michael mueller,michael.mueller.2944@mail.test,5557059824,1976-09-06,83 oak st,2944,near_collision
4515,robert,johnson,robert johnson,robert.johnson.402@mail.test,5557390195,1959-10-24,53 cedar ln,402,none
4516,michael,smith,michael smith,michael.smith.297@mail.test,5555831432,1991-02-11,121 elm way,297,none
4517, Daniel ,smith, Daniel  smith,,5557065396,,95 cedar ln,2115,missing
4518,jennifer,kowalski,jennifer kowalski,,,,85 pine ct,423,missing
4519,thomas,murphy,thomas murphy,thomas.murphy.2113@mail.test,5555841698,1952-03-22,48 oak st,2113,near_collision
4520,margaret,silva,margaret silva,margaret.silva.2393@mail.test,5557061691,1981-05-18,90 pine ct,2393,none
4521, Hans ,silva, Hans  silva,HANS.SILVA.523@MAIL.TEST,5553933895,1971-03-20,88 pine ct,523,case_noise
4522,charles,nguyen,charles nguyen,charles.nguyen.1701@mail.test,5557341102,1992-03-21,136 oak st,1701,near_collision
4523,michael,patel,michael patel,michael.patel.2253@mail.test,5551842403,1955-06-15,170 oak st,2253,none
4524,thomas,smith,thomas smith,thomas.jones.1260@mail.test,5551093897,1984-10-15,21 birch rd,1260,household_nonmatch
4525,elizabeth,kim,elizabeth kim,elizabeth.kim.123@mail.test,,,82 birch rd,123,missing
4526,sofia,nguyen,sofia nguyen,,,,80 pine ct,1886,missing
4527,david,silva,david silva,david.silva.362@mail.test,5551410792,1954-07-21,138 oak st,362,none
4528,william,brown,william brown,william.brown.2637@mail.test,5553732193,1965-08-14,198 elm way,2637,near_collision
4529,elizabeth,nguyen,"nguyen, elizabeth",elizabeth.nguyen.1104@mail.test,5552949626,1955-07-21,96 elm way,1104,reorder
4530,hans,garcia,hans garcia,hans.garcia.582@mail.test,5551972942,1989-07-23,34 oak st,582,none
4531,margaret,brown,margaret brown,margaret.brown.2443@mail.test,5559241928,1976-08-03,135 oak st,2443,near_collision
4532,margaret,mueller,margaret mueller,margaret.mueller.2388@mail.test,5559225600,1996-06-21,74 cedar ln,2388,none
4533,david,smith,david smith,david.smith.2886@mail.test,5559942481,1982-04-07,153 maple ave,2886,near_collision
4534,hans,smith,hans smith,hans.smith.714@mail.test,5557415458,1966-06-20,177 cedar ln,714,near_collision
4535,jennifer,mueller,jennifer mueller,jennifer.mueller.1765@mail.test,5555158025,1950-02-13,148 birch rd,1765,near_collision
4536,charles,brown,charles brown,charles.brown.1394@mail.oest,5551655233,1978-10-02,79 oak st,1394,typo
4537,sofia,brøwn,sofia brøwn,sofia.brown.92@mail.test,5554821363,1994-09-19,3 maple ave,92,translit
4538,h.,garcia,h. garcia,hans.garcia.799@mail.test,5557635363,1964-02-14,114 pine ct,799,abbrev
4539,daniel,jønes,daniel jønes,daniel.jones.723@mail.test,5557995135,1983-11-10,167 elm way,723,translit
4540,margaret,obrien,margaret obrien,margaret.obrien.160@mail.test,5554813771,1989-05-24,144 cedar ln,160,none
4541,jose,brøwn,jose brøwn,jose.vandyke.41@mail.test,5558078369,1960-04-24,149 maple ave,41,translit
4542,ann,kowalski,ann kowalski,ann.kowalski.2313@mail.test,5555095082,1957-06-20,184 pine ct,2313,none
4543,chuck,jones,chuck jones,charles.jones.20@mail.test,5553075901,1961-03-06,18 cedar ln,20,abbrev
4544,sofia,van dyke,sofia van dyke,sofia.vandyke.3457@mail.test,5553274180,1967-08-21,166 cedar ln,3457,none
4545,michael,van dyke,michael van dyke,,5556947041,,152 maple ave,2689,missing
4546,j.,brown,j. brown,james.brown.1312@mail.test,5551263858,1995-07-09,7 oak st,1312,abbrev
4547,jose,johnson,jose johnson,jose.johnson.2225@mail.test,5553813207,1978-11-17,127 elm way,2225,near_collision
4548,katherine,garcia,katherine garcia,katherine.garcia.2273@mail.test,5557949689,1993-12-26,50 birch rd,2273,none
4549,patricia,nguyen,patricia nguyen,patricia.nguyen.2939@mail.test,5555355741,1952-09-09,186 oak st,2939,near_collision
4550,robert,murphy,robert murphy,robert.murphy.1159@mail.test,5554768538,1972-01-16,146 birch rd,1159,none
4551,davd,murphy,davd murphy,david.murphy.46@mail.test,5558135440,1991-02-21,127 pine ct,46,typo
4552,elizabeth,kowalski,elizabeth kowalski,elizabeth.kowalski.2086@mail.test,5554100511,1990-09-05,173 maple ave,2086,none
4553,katherine,van dyke,katherine van dyke,katherine.vandyke.901@mail.test,5557292061,1966-07-09,199 maple ave,901,near_collision
4554,sofia,garcia,sofia garcia,sofia.garcia.1122@mail.test,5556989238,1980-07-11,137 birch rd,1122,none
4555,greta,johnson,"johnson, greta",greta.obrien.2307@mail.test,5559736162,1970-05-18,184 maple ave,2307,reorder
4556,katherine,mueller,katherine mueller,katherine.mueller.3015@mail.test,5553358018,1983-11-20,11 cedar ln,3015,none
4557,greta,patel,"patel, greta",greta.patel.1648@mail.test,5551426794,1966-04-16,75 birch rd,1648,reorder
4558,jose,smith,jose smith,jose.smith.3628@mail.test,5555160769,1972-06-19,13 cedar ln,3628,none
4559,patricia,silva,patricia silva,patricia.silva.602@mail.test,5557236210,1967-10-09,10 oak st,602,none
4560,jen,johnson,jen johnson,jennifer.johnson.1421@mail.test,5559405519,1982-03-19,40 birch rd,1421,abbrev
4561,william,smith,william smith,william.smith.106@mail.test,5556824030,1988-04-17,116 elm way,106,near_collision
4562,robert,johnson,"johnson, robert",robert.johnson.2473@mail.test,5552931491,1989-09-05,32 oak st,2473,reorder
4563,jose,brown,jose brown,jose.brown.170@mail.test,5551808000,1992-06-02,149 cedar ln,170,none
4564,jennfer,silva,jennfer silva,jennifersilva.274@mail.test,5558673748,1990-06-19,194 birch rd,274,typo
4565,davdi,jones,davdi jones,david.jones.315@mail.test,5554829223,1988-05-09,153 elm way,315,typo
4566,katherine,patl,katherine patl,,,1964-11-07,34 oak st,816,typo
4567, Thomas ,murphy, Thomas  murphy,THOMAS.MURPHY.167@MAIL.TEST,5552070937,,17 maple ave,167,case_noise
4568,jennifer,kowalski,jennifer kowalski,jennifer.kowalski.1253@mail.test,5551057389,1993-07-22,185 pine ct,1253,none
4569,james,garcia,james garcia,james.garcia.2314@mail.test,5551549856,1974-09-18,49 pine ct,2314,none
4570,ann,johnson,ann johnson,ann.johnson.1910@mail.test,5552372757,1958-03-14,121 oak st,1910,none
4571,michael,smith,"smith, michael",michael.smith.18@mail.test,5557687984,1989-08-04,115 cedar ln,18,reorder
4572,susan,kim,susan kim,susan.kim.3484@mail.test,5558272135,1975-06-15,56 elm way,3484,none
4573,hans,brown,hans brown,hans.brown.1695@mail.test,5555412203,1957-04-05,145 elm way,1695,none
4574,hans,mueller,hans mueller,hans.mueller.2105@mail.test,,1987-01-17,107 birch rd,2105,missing
4575,james,smith,james smith,james.smith.1176@mail.test,5555953862,1966-08-13,159 oak st,1176,none
4576, Sofia ,brown, Sofia  brown,SOFIA.SMITH.798@MAIL.TEST,5558502858,1951-06-15,116 cedar ln,798,case_noise
4577,jennifer,smith,jennifer smith,jennifer.smith.2094@mail.test,5553791591,1966-03-06,102 birch rd,2094,none
4578,susan,jones,susan jones,susan.jones.1322@mail.test,5553816524,1987-09-08,163 birch rd,1322,near_collision
4579,jose,brown,jose brown,jose.brown.609@mail.test,5559467822,1963-10-03,181 oak st,609,none
4580, Jennifer ,silva, Jennifer  silva,JENNIFER.SILVA.488@MAIL.TEST,5555234790,1979-06-24,89 maple ave,488,case_noise
4581,greta,murphy,greta murphy,greta.murphy.2811@mail.test,5554234766,1955-05-19,177 oak st,2811,near_collision
4582,thomas,kowalski,thomas kowalski,thomas.kowalski.2101@mail.test,5552393257,1963-04-16,170 cedar ln,2101,none
4583,laura,nguyen,laura nguyen,laura.nguyen.2761@mail.test,5553656591,1995-06-18,48 cedar ln,2761,none
4584,daniel,kim,daniel kim,daniel.kim.2118@mail.test,5553871172,1982-03-01,176 elm way,2118,none
4585,michael,brown,michael brown,michael.brown.2493@mail.test,5554888862,1988-07-26,62 elm way,2493,none
4586, David ,jones, David  jones,DAVID.JONES.315@MAIL.TEST,5554829223,1988-05-09,153 elm way,315,case_noise
4587,jennifer,van dyke,jennifer van dyke,jennifer.vandyke.1878@mial.test,5559281796,1989-11-10,53 oak st,1878,typo
4588,sofia,brown,sofia brown,sofia.brown.388@mail.test,5552088186,1987-10-18,157 cedar ln,388,none
4589,magraret,johnson,magraret johnson,margaret.johnson.292@mail.test,5551751758,1974-06-18,43 birch rd,292,typo
4590,william,smith,william smith,william.smith.105@mail.test,5551737026,1953-07-07,31 maple ave,105,near_collision
4591,j.,johnson,j. johnson,jennifer.johnson.1158@mail.test,5559335230,1974-04-27,175 maple ave,1158,abbrev
4592,susan,jones,susan jones,susan.jones.2285@mail.test,5559410633,1950-04-26,45 oak st,2285,none
4593,william,mueller,william mueller,william.mueller.2128@mail.test,5552337289,1958-02-03,50 oak st,2128,near_collision
4594,patricia,obrien,patricia obrien,patricia.obrien.947@mail.test,5557300207,1983-12-26,139 cedar ln,947,none
4595,sofia,murphy,sofia murphy,sofia.murphy.75mmail.test,5553530108,1993-11-11,154 pine ct,75,typo
4596,jennifer,van dyke,jennifer van dyke,jennifer.vandyke.2991@mail.test,5554864184,1972-07-18,112 maple ave,2991,none
4597,william,silva,william silva,william.silva.2424@mail.test,5551052524,1954-02-16,110 oak st,2424,none
4598,jennifer,brown,jennifer brown,jennifer.brown.2895@mail.test,5554938352,1983-01-03,121 birch rd,2895,none
4599,elizabeth,jones,elizabeth jones,elizabeth.jones.1301@mail.test,5555153906,1981-11-26,147 cedar ln,1301,none
4600,james,murphy,james murphy,james.murphy.56@mail.test,5553076004,1983-12-23,188 maple ave,56,none
4601,patriia,mueller,patriia mueller,patricia.mueller.1102@mail.test,5555083709,1998-04-17,196 pine ct,1102,typo
4602,susan,van dyke,susan van dyke,susan.vandyke.1406@mail.test,5553587864,1996-07-22,142 oak st,1406,none
4603,jose,nguyen,jose nguyen,jose.nguyen.1442@mail.test,5553314976,1983-02-06,28 elm way,1442,none
4604,laura,nguyen,laura nguyen,laura.nguyen.2574@mail.test,5552057962,1984-11-22,108 elm way,2574,near_collision
4605,james,garcia,james garcia,james.garcia.1148@mail.test,5555390293,1996-12-06,115 birch rd,1148,none
4606,james,van dyke,james van dyke,james.vandyke.2150@mail.test,5555147595,1952-02-01,165 oak st,2150,none
4607,ann,brown,ann brown,ann.brown.1974@mail.test,5558574276,1987-03-24,46 pine ct,1974,near_collision
4608,daniel,murphy,daniel murphy,daniel.murphy.2481@mail.test,5556836522,1989-05-07,17 oak st,2481,none
4609,hans,nguyen,hans nguyen,hans.nguyen.1493@mail.test,5552738769,1979-12-14,8 elm way,1493,near_collision
4610,elizabeth,van dyke,elizabeth van dyke,elizabeth.vandyke.1276@mail.test,5559218451,1990-08-20,27 oak st,1276,none
4611,margaret,silva,margaret silva,margaret.silva.1089@mail.test,5559131348,1980-05-21,81 maple ave,1089,none
4612,m.,patel,m. patel,margaret.patel.1424@mail.test,5558775775,1989-02-17,19 cedar ln,1424,abbrev
4613,daniel,kowalski,daniel kowalski,daniel.kowalski.852@mail.test,5555723659,1969-10-07,160 cedar ln,852,none
4614,dave,silva,dave silva,david.silva.1203@mail.test,5554450389,1958-07-16,108 pine ct,1203,abbrev
4615, Jennifer ,mueller, Jennifer  mueller,JENNIFER.MUELLER.1323@MAIL.TEST,5558638514,1975-09-26,3 maple ave,1323,case_noise
4616,susan,van dyke,"van dyke, susan",susan.vandyke.1406@mail.test,5553587864,1996-07-22,142 oak st,1406,reorder
4617,robert,obrien,robert obrien,robert.obrien.3400@mail.test,5556617648,1956-05-21,194 oak st,3400,none
4618,jennifer,garcia,jennifer garcia,jennifer.garcia.450@mail.test,5552729279,1961-02-03,79 maple ave,450,near_collision
4619,daniel,patel,"patel, daniel",daniel.patel.1402@mail.test,5552558625,1952-01-08,13 maple ave,1402,reorder
4620,greta,kim,greta kim,greta.kim.2514@mail.test,5553224110,1951-09-25,128 elm way,2514,near_collision
4621,katherine,garcia,katherine garcia,katherine.garcia.735@mail.test,5552699755,1954-07-17,88 elm way,735,none
4622,robert,smith,robert smith,robert.smith.2212@mail.test,5551103801,1956-03-11,115 birch rd,2212,none
4623,katherine,johnson,katherine johnson,katherine.johnson.3513@mail.test,5556854035,1998-03-26,159 maple ave,3513,none
4624, Elizabeth ,km, Elizabeth  km,ELIZABETH.MURPHY.1820@MAIL.TEST,5559316737,1952-08-01,132 birch rd,1820,case_noise
4625,mcihael,nguyen,mcihael nguyen,,,1987-08-21,40 maple ave,47,typo
4626,elizabeth,johnson,elizabeth johnson,elizabeth.johnson.2492@mail.test,5557903769,1970-03-19,137 elm way,2492,none
4627, James ,jones, James  jones,JAMES.KOWALSKI.351@MAIL.TEST,5556599612,1973-08-17,158 cedar ln,351,case_noise
4628,katherine,kowalski,katherine kowalski,katherine.kowalski.878@mail.test,5554230431,1951-02-09,102 oak st,878,none
4629,patricia,patel,patricia patel,patricia.patel.466@mail.test,5559061743,1954-02-23,81 cedar ln,466,near_collision
4630,william,mueller,william mueller,,5558778025,1961-10-03,146 pine ct,685,typo
4631,ann,kowalski,ann kowalski,ann.kowalski.1696@mail.test,5557393423,1951-10-15,44 birch rd,1696,none
4632,thomas,brown,thomas brown,thomas.brown.584@mail.test,5552428103,1973-01-05,199 cedar ln,584,none
4633,sofia,patel,sofia patel,sofia.patel.3103@mail.test,5553148240,1977-05-16,138 maple ave,3103,none
4634,ann,van dyke,ann van dyke,ann.vandyke.2032@mail.test,5554175557,1978-07-04,106 pine ct,2032,near_collision
4635,ann,jones,ann jones,ann.jones.3160@mail.test,5558478463,1970-06-13,136 oak st,3160,none
4636,susan,mruphy,susan mruphy,susan.murphy.459@mail.test,5552794281,1986-03-24,122 cedar ln,459,typo
4637,j.,smith,j. smith,jennifer.smith.601@mail.test,5559225127,1971-12-25,107 pine ct,601,abbrev
4638,ann,kowalski,ann kowalski,ann.kowalski.1167@mail.test,5555402033,1980-06-02,126 birch rd,1167,none
4639,greta,johnson,greta johnson,greta.johnson.97@mail.test,5559666218,1977-09-07,6 maple ave,97,near_collision
4640,patricia,kim,patricia kim,patricia.kim.3082@mail.test,5555988942,1963-09-20,147 cedar ln,3082,none
4641,charles,murphy,charles murphy,charles.murphy.60@mail.test,5553714800,1966-03-03,147 birch rd,60,translit
4642,michael,jones,michael jones,michael.jones.503@mail.test,5555537907,1952-11-01,159 birch rd,503,none
4643,laura,brown,laura brown,laura.brown.3212@mail.test,5554739958,1968-12-18,5 cedar ln,3212,none
4644,greta,garcia,greta garcia,greta.agrcia.1774@mail.test,5553019838,1954-12-26,187 cedar ln,1774,typo
4645,jose,kowalski,jose kowalski,jose.kowalski.64@mail.test,5557626141,1985-10-01,26 oak st,64,none
4646,william,smith,"smith, william",william.smith.330@mail.test,5552900367,1998-05-10,66 pine ct,330,reorder
4647,magraret,smith,magraret smith,margaret.smith.2972@mail.test,5557806104,1994-01-23,195 pine ct,2972,typo
4648,greta,patel,greta patel,greta.patel.1015@mail.test,5558762845,1982-06-15,118 oak st,1015,none
4649, Daniel ,garcia, Daniel  garcia,DANIEL.GARCIA.541@MAIL.TEST,5556643965,1966-08-18,50 cedar ln,541,case_noise
4650,elizabeth,mueller,elizabeth mueller,elizabeth.mueller.1656@mail.test,5557593883,1956-10-04,139 oak st,1656,near_collision
4651,david,brown,david brown,david.brown.1095@mail.test,5552019359,1995-02-03,192 maple ave,1095,near_collision
4652,thomas,garcia,"garcia, thomas",thomas.murphy.934@mail.test,5552217371,1976-09-17,49 oak st,934,reorder
4653,jennifer,van dyke,jennifer van dyke,jennifer.vandyke.1069@mail.test,5551819224,1965-08-11,165 pine ct,1069,none
4654,jose,jones,jose jones,jose.jones.2858@mail.test,5554237243,1986-06-14,134 cedar ln,2858,near_collision
4655,william,nguyen,william nguyen,william.nguyen.2354@mail.test,5557456870,1951-09-23,41 oak st,2354,none
4656,daniel,brown,daniel brown,daniel.brown.722@mail.test,5559376340,1992-05-09,123 cedar ln,722,none
4657,hans,brown,hans brown,hans.brown.628@mail.test,5555650726,1991-12-18,63 oak st,628,none
4658,david,nguyen,david nguyen,david.nguyen.2820@mail.test,5559425477,1978-09-16,174 oak st,2820,none
4659,ann,johnson,ann johnson,ann.johnson.826@mail.test,5553149978,1972-03-18,106 elm way,826,none
4660,elizabeth,garcia,elizabeth garcia,elizabeth.garcia.1643@mail.test,5557798190,1953-05-09,31 oak st,1643,none
4661,hans,mueller,hans mueller,hans.mueller.3279@mail.test,5557764341,1960-05-11,31 elm way,3279,none
4662,daniel,nguyen,daniel nguyen,daniel.nguyen.801@mail.test,5555143103,1996-11-25,195 cedar ln,801,none
4663,michael,murphy,michael murphy,michael.murphy.58@mail.test,5553128954,1994-06-24,14 elm way,58,none
4664,katherine,nguyen,katherine nguyen,katherine.nguyen.1600@mail.test,5558621518,1965-09-27,185 elm way,1600,none
4665,jose,mueller,jose mueller,jose.mueller.3059@mail.test,5557136510,1989-09-05,136 pine ct,3059,none
4666,greta,brown,greta brown,greta.brown.3422@mail.test,5559652355,1987-01-01,199 pine ct,3422,none
4667,jennifer,obrien,jennifer obrien,jennifer.murphy.2505@mail.test,5553816757,1969-10-06,14 birch rd,2505,household_nonmatch
4668,hans,obrien,hans obrien,hans.obrien.1145@mail.test,5552906885,1982-04-12,130 birch rd,1145,none
4669,thomas,patel,thomas patel,thomas.patel.1207@mail.test,5556452456,1958-01-21,171 elm way,1207,none
4670,laura,silva,laura silva,laura.silva.1135@mail.test,5559508881,1998-08-17,116 elm way,1135,none
4671,robert,jones,robert jones,robert.jones.2740@mail.test,5559692944,1992-03-26,154 cedar ln,2740,none
4672,james,nguyen,james nguyen,,5553683787,1966-08-11,184 pine ct,26,missing
4673,william,murphy,william murphy,william.murphy.1361@mail.test,5551104084,1970-08-14,69 cedar ln,1361,none
4674,robert,johnson,robert johnson,robert.johnson.2281@mail.test,5551806506,1950-07-27,185 cedar ln,2281,none
4675,william,mueller,william mueller,william.mueller.1283@mail.tets,5557203730,1966-07-26,80 cedar ln,1283,typo
4676, Michael ,nguyen, Michael  nguyen,,,,40 maple ave,47,missing
4677,jennifer,kowalski,jennifer kowalski,jennifer.kowalski.3149@mail.test,5555372866,1974-07-19,115 oak st,3149,none
4678,david,silva,david silva,david.silva.2613@mail.test,5556315102,1989-07-10,93 elm way,2613,none
4679,william,patel,"patel, william",william.patel.281@mail.test,5559099451,1966-09-05,16 maple ave,281,reorder
4680,michael,brown,"brown, michael",michael.brown.911@mail.test,5552038298,1983-08-26,14 elm way,911,reorder
4681,katherine,johnson,katherine johnson,katherine.johnson.2085@mail.test,5552496223,1975-07-27,166 maple ave,2085,none
4682,e.,kowalski,e. kowalski,elizabeth.smith.895@mail.test,5558842053,1955-02-24,102 elm way,895,abbrev
4683,jennifer,garcia,jennifer garcia,jennifer.garcia.1320@mail.test,5559323349,1958-12-06,108 elm way,1320,none
4684,charles,kowalski,"kowalski, charles",charles.kowalski.1700@mail.test,5553680504,1983-05-26,42 oak st,1700,reorder
4685, Greta ,smith, Greta  smith,GRETA.SMITH.933@MAIL.TEST,5553764851,1986-10-05,49 cedar ln,933,case_noise
4686,greta,kowalski,greta kowalski,greta.kowalski.1111@mail.test,5558600734,1990-04-14,21 cedar ln,1111,near_collision
4687,david,mueller,david mueller,david.mueller.1140@mail.test,5557069943,1978-10-08,166 cedar ln,1140,none
4688,hans,brown,hans brown,hans.brown.247@mail.test,5557825374,1991-01-13,161 birch rd,247,none
4689,william,silva,william silva,william.silva.1846@mail.test,5551094292,1990-09-09,14 birch rd,1846,none
4690,katherine,murphy,katherine murphy,katherine.murphy.2464@mail.test,5557218819,1961-01-15,135 birch rd,2464,none
4691,william,patel,william patel,william.patel.1747@mail.test,5554899015,1973-10-18,153 oak st,1747,none
4692,charles,murphy,"murphy, charles",charles.murphy.767@mail.test,5559700624,1983-03-25,75 cedar ln,767,reorder
4693,margaret,garcia,margaret garcia,margaret.garcia.808@mail.test,5552847483,1969-04-10,51 pine ct,808,none
4694,daniel,johnson,daniel johnson,daniel.johnson.2507@mail.test,5556750553,1994-05-01,16 elm way,2507,none
4695,robert,van dyke,robert van dyke,robert.vandyke.158@mail.test,5556681440,1995-12-12,70 pine ct,1518,typo
4696,laura,nguyen,laura nguyen,laura.nguyen.985@mail.test,5556952046,1961-03-26,143 pine ct,985,none
4697,elizabeth,van dyke,elizabeth van dyke,elizabeth.vandyke.1526@mail.test,5558023419,1992-03-23,21 pine ct,1526,none
4698,william,kim,william kim,wililam.kim.169@mail.test,5557971350,1954-04-24,8 cedar ln,169,typo
4699,michael,patel,michael patel,michael.patel.2045@mail.test,5559518225,1952-07-04,63 birch rd,2045,none
4700,sofia,brown,sofia brown,sofia.brown.308@mail.test,5556911115,1962-04-21,62 pine ct,308,none
4701,robert,brown,robert brown,robert.brown.206@mail.test,5551042513,1952-01-21,130 pine ct,206,none
4702, Jose ,kowalski, Jose  kowalski,JOSE.KOWALSKI.720@MAIL.TEST,5553046759,1950-11-17,135 cedar ln,720,case_noise
4703,james,obrien,james obrien,james.jones.1720@mail.test,5559915676,1968-12-27,107 elm way,1720,household_nonmatch
4704,margaret,garcia,margaret garcia,margaret.garcia.1540@mail.test,5554722834,1997-07-06,12 oak st,1540,near_collision
4705,sofia,kowalski,"kowalski, sofia",sofia.kowalski.1217@mail.test,5552062976,1954-04-16,32 elm way,1217,reorder
4706,jennifer,garcia,jennifer garcia,jennifer.garcia.451@mai.ltest,5556952765,1984-06-18,16 birch rd,451,typo
4707,jennifer,brown,jennifer brown,jennifer.brown.2752@mail.test,5558087038,1971-04-18,28 cedar ln,2752,none
4708,robert,patel,robert patel,robert.patel.2880@mail.test,5552725695,1965-01-06,138 birch rd,2880,none
4709,margaret,johnson,margaret johnson,margaret.johnson.2900@mail.test,5556556466,1973-11-16,167 elm way,2900,none
4710,jennifer,patel,jennifer patel,jennifer.patel.175@mail.test,5559561987,1975-05-12,117 oak st,175,none
4711,patricia,silva,patricia silva,patricia.silva.3537@mail.test,5551137979,1987-03-24,2 oak st,3537,none
4712,sofia,smith,sofia smith,sofia.smith.1080@mail.test,5557389932,1994-10-11,127 oak st,1080,none
4713,e.,murphy,e. murphy,elizabeth.murphy.149@mail.test,5552227260,1993-08-22,88 pine ct,149,abbrev
4714, Greta ,silva, Greta  silva,GRETA.KOWALSKI.1954@MAIL.TEST,5555234790,1953-08-25,89 maple ave,1954,case_noise
4715,patricia,brown,patricia brown,patricia.brown.2370@mail.test,5557760446,1953-04-20,16 elm way,2370,none
4716,james,kim,james kim,james.kim.2097@mail.test,5552786413,1985-10-21,18 oak st,2097,none
4717,katherine,van dyke,katherine van dyke,katherine.obrien.700@mail.test,5551577907,1958-11-13,74 cedar ln,700,household_nonmatch
4718,elizabeth,kowalski,elizabeth kowalski,elizabeth.kowalski.360@mail.test,5558652441,1961-01-13,39 elm way,360,near_collision
4719,jennifer,mueller,jennifer mueller,jennifer.mueller.1323@mail.test,5558638514,1975-09-26,3 maple ave,1323,none
4720,daniel,johnson,"johnson, daniel",daniel.johnson.1506@mail.test,5553522292,1951-12-17,40 birch rd,1506,reorder
4721,patricia,silva,patricia silva,patricia.silva.243@mail.test,5551726238,1997-03-18,107 maple ave,243,none
4722,liz,obrien,liz obrien,elizabeth.obrien.2985@mail.test,5552478161,1986-03-15,83 cedar ln,2985,abbrev
4723,william,kim,william kim,william.kim.831@mail.test,5556237302,1976-01-16,34 cedar ln,831,none
4724,ann,obrien,ann obrien,ann.obrien.1622@mail.test,5551339919,1985-08-06,151 birch rd,1622,none
4725, Jose ,murphy, Jose  murphy,JOSE.MURPHY.2167@MAIL.TEST,5557644900,1991-07-16,75 maple ave,2167,case_noise
4726,michael,nguyen,michael nguyen,michael.jones.841@mail.test,5558890365,1955-04-07,68 elm way,841,translit
4727,elizabeth,patel,elizabeth patel,elizabeth.patel.1555@mail.test,5559682763,1993-06-22,68 oak st,1555,none
4728,charles,silva,charles silva,charles.silva.1459@mail.test,5557432798,1952-06-13,22 cedar ln,1459,none
4729,jose,jones,jose jones,jose.jones.1807@mail.test,5558959607,1976-03-06,13 cedar ln,1807,none
4730,greta,obrien,greta obrien,greta.obrien.3602@mail.test,5553027809,1962-12-19,82 birch rd,3602,none
4731,daniel,silva,daniel silva,daniel.silva.1311@mail.test,5551333409,1982-10-04,187 birch rd,1311,none
4732,daniel,brown,daniel brown,daniel.brown.1447@mail.test,5555725581,1990-04-22,196 oak st,1447,none
4733,mgrgaret,kim,mgrgaret kim,margaret.kim.1860@mail.test,5555591431,1959-10-04,109 oak st,1860,typo
4734,robert,obrien,robert obrien,robert.obrien.2041@mail.test,5552585711,1982-06-05,193 pine ct,2041,none
4735,roert,kim,roert kim,robert.kim.1882@mail.test,5559281447,1957-02-26,180 elm way,1882,typo
4736,james,mueller,james mueller,james.mueller.1644@mail.test,5552869804,1990-07-05,122 maple ave,1644,none
4737,david,jones,david jones,david.jones.314@mail.test,5552266939,1975-05-27,33 maple ave,314,near_collision
4738,robert,patel,robert patel,robert.patel.3283@mail.test,5558535634,1959-06-15,9 elm way,3283,near_collision
4739,robert,jones,robert jones,robert.jones.2040@mail.test,5554156241,1958-10-02,73 maple ave,2040,none
4740,daniel,mueller,daniel mueller,daniel.mueller.2733@mail.test,5554913336,1997-08-23,25 birch rd,2733,none
4741,laura,smith,laura smith,laura.smith.1817@mail.test,5553095455,1967-08-05,162 oak st,1817,none
4742,patricia,silva,patricia silva,patricia.silva.2332@mail.test,5559556837,1984-04-07,14 pine ct,2332,none
4743,jose,kowalski,jose kowalski,jose.nguyen.3393@mail.test,5555765459,1965-10-06,118 cedar ln,3393,household_nonmatch
4744,william,patel,william patel,william.patel.3133@mail.test,5556527564,1996-01-15,154 pine ct,3133,none
4745,hans,johnson,hans johnson,hans.johnson.2577@mail.test,5556022095,1957-12-07,34 elm way,2577,none
4746,charles,mueller,charles mueller,charles.mueller.2372@mail.test,5559295157,1954-08-11,134 cedar ln,2372,near_collision
4747,ann,nguyen,ann nguyen,ann.nguyen.1404@mail.test,5555805848,1961-07-24,167 pine ct,1404,none
4748,elizabeth,silva,elizabeth silva,elizabeth.silva.1366@mail.test,5552299127,1955-11-26,198 oak st,1366,none
4749,david,silqa,david silqa,david.silva.2613@mail.test,5556315102,1989-07-10,93 elm way,2613,typo
4750,elizabeth,smith,elizabeth smith,elizabeth.smith.915@mail.test,5556196752,1985-09-06,36 birch rd,915,none
4751, J. ,van dyke, J.  van dyke,JOSE.VANDYKE.952@MAIL.TEST,5552937584,1950-03-13,28 pine ct,952,case_noise
4752,daniel,van dyke,daniel van dyke,daniel.silva.642@mail.test,,,44 maple ave,642,missing
4753,charles,kowalski,charles kowalski,charles.kowalski.1022@mail.test,5559778269,1996-10-02,72 maple ave,1022,none
4754,daniel,silva,daniel silva,daniel.silva.880@mail.test,5559286242,1972-08-06,182 elm way,880,none
4755,thomas,brown,thomas brown,thomas.brown.697@mail.test,5551405944,1964-10-04,77 cedar ln,697,none
4756,jose,silva,jose silva,jose.silva.890@mail.test,5559746699,1955-02-21,159 oak st,890,none
4757,daniel,obrien,daniel obrien,daniel.obrien.443@mail.test,5559510308,1983-08-14,181 birch rd,443,none
4758,william,brown,william brown,william.brown.72@mail.test,5556215853,1974-07-23,172 maple ave,72,near_collision
4759,susan,obrien,susan obrien,susan.obrien.475@mail.test,5554023057,1986-01-27,59 cedar ln,475,none
4760,ann,obrien,ann obrien,ann.obrien.3351@mail.test,5555447715,1992-03-22,189 maple ave,3351,none
4761,patricia,mueller,patricia mueller,patricia.mueller.2238@mail.test,5554571750,1958-12-03,143 elm way,2238,near_collision
4762,hans,kowalski,hans kowalski,hans.kowalski.740@mail.test,5554004683,1964-12-04,135 cedar ln,740,none
4763,charles,silva,charles silva,charles.silva.62@mail.test,5552965130,1971-03-12,164 pine ct,62,none
4764,james,patel,james patel,james.patel.2073@mail.test,5553330966,1957-08-19,157 pine ct,2073,none
4765,roebrt,patel,roebrt patel,robert.patel.318@mail.test,,1991-06-04,47 maple ave,318,typo
4766,david,brown,david brown,david.brown.1554@mail.test,5558936540,1975-03-20,157 maple ave,1554,none
4767,greta,garcia,greta garcia,greta.brown.162@mail.test,5558728552,1994-12-03,133 birch rd,162,household_nonmatch
4768,katherine,nguyen,katherine nguyen,katherine.nguyen.2277@mail.test,5555214656,1998-02-22,96 birch rd,2277,near_collision
4769,robert,jønes,robert jønes,robert.jones.63@mail.test,5555084950,1982-06-06,144 birch rd,63,translit
4770,susan,silva,susan silva,susan.silva.919@mail.test,5551740814,1966-04-11,132 elm way,919,none
4771,margaret,brown,margaret brown,margaret.brown.680@mail.test,5557136355,1978-11-27,74 oak st,680,near_collision
4772,robert,van dyke,robert van dyke,robert.vandyke.2343@mail.test,5553581203,1971-11-21,116 elm way,2343,none
4773,c.,jones,c. jones,charles.jones.1266@mail.test,5554583925,1970-05-07,196 birch rd,1266,abbrev
4774,james,van dyke,james van dyke,james.vandyke.1344@mail.test,5559172006,1992-05-13,93 elm way,1344,near_collision
4775,thomas,patel,thomas patel,thomas.brown.1215@mail.test,5558649087,1953-04-25,27 maple ave,1215,household_nonmatch
4776,peggy,brown,peggy brown,margaret.kowalski.2@mail.test,5558502858,1973-07-16,116 cedar ln,2,abbrev
4777,daniel,van dyke,daniel van dyke,daniel.vandyke.3162@mail.test,5559240965,1960-08-15,108 pine ct,3162,none
4778,ann,jøhnsøn,ann jøhnsøn,ann.johnson.1910@mail.test,5552372757,1958-03-14,121 oak st,1910,translit
4779, Patricia ,van dyke, Patricia  van dyke,PATRICIA.VANDYKE.1944@MAIL.TEST,5553965369,1985-12-20,130 elm way,1944,case_noise
4780,daniel,smith,daniel smith,daniel.smith.12@mail.test,5558956511,1997-08-16,36 birch rd,12,none
4781,sofia,smith,sofia smith,sofia.smith.1427@mail.test,5551780587,1989-08-06,116 maple ave,1427,none
4782,margaret,johnson,margaret johnson,margaret.johnson.1963@mail.test,5551225070,1998-05-19,50 maple ave,1963,none
4783,daniel,smith,daniel smith,daniel.silva.1613@mail.test,5554154490,1954-01-08,78 pine ct,1613,household_nonmatch
4784,thomas,brown,thomas brown,thomas.vandyke.597@mail.test,5557898031,1990-03-14,113 maple ave,597,household_nonmatch
4785,sfia,kim,sfia kim,sofia.kim.677@mail.test,5557770693,1993-10-04,10 birch rd,677,typo
4786,j.,patel,j. patel,james.patel.3554@mail.test,5551497367,1967-10-23,77 elm way,3554,abbrev
4787,patricia,johnson,patricia johnson,patricia.johnson.180@mail.test,5557891477,1962-11-12,98 birch rd,180,none
4788,elizabeth,johnson,elizabeth johnson,elizabeth.johnson.1305@mail.test,5555875656,1980-06-13,48 maple ave,1305,near_collision
4789,laura,silva,"silva, laura",laura.silva.1135@mail.test,5559508881,1998-08-17,116 elm way,1135,reorder
4790,sofai,smith,sofai smith,sofia.jones.2969@mail.test,5551102245,1976-09-07,45 elm way,2969,typo
4791,susan,van dyke,susan van dyke,susan.patel.1778@mail.test,5554801563,1965-10-04,82 birch rd,1778,household_nonmatch
4792,daniel,kim,"kim, daniel",daniel.kim.119@mail.test,5554893261,1986-11-19,167 elm way,119,reorder
4793,margaret,johnsn,margaret johnsn,margaret.johnson.292@mail.test,5551751758,1974-06-18,43 birch rd,292,typo
4794,susan,van dyke,susan van dyke,susan.vanydke.534@mail.test,5551829592,1953-06-16,44 maple ave,534,typo
4795,margaret,mueller,margaret mueller,margaret.mueller.374@mail.test,5552225816,1980-04-27,90 elm way,374,none
4796,elizabeth,obrien,elizabeth obrien,elizabeth.obrien.2864@mail.test,5557259274,1978-09-19,82 maple ave,2864,none
4797,daniel,silva,daniel silva,daniel.kowalski.2538@mail.test,5553962792,1988-10-14,88 maple ave,2538,household_nonmatch
4798,robert,kowalski,robert kowalski,robert.kim.1205@mail.test,5556348979,1984-09-11,97 pine ct,1205,household_nonmatch
4799,katherine,patel,katherine patel,katherine.garcia.2529@mail.test,5558056241,1950-09-23,30 oak st,2529,household_nonmatch
4800,susan,patel,susan patel,susan.patel.1794@mail.test,5553920660,1959-09-18,22 cedar ln,1794,none
4801,jsoe,smith,jsoe smith,jose.smith.1107@amil.test,5558762489,1998-02-05,117 birch rd,1107,typo
4802,margaret,pael,margaret pael,margaret.patel.238@mail.test,5554139402,1992-05-27,119 birch rd,238,typo
4803,hans,garcia,hans garcia,hans.garcia.2651@mail.test,5551608833,1976-05-14,84 cedar ln,2651,near_collision
4804,sofia,obien,sofia obien,sofia.obrien.178@mail.test,5553562513,1988-04-02,167 oak st,178,typo
4805,charles,smith,charles smith,charles.smith.3444@mail.test,5559096245,1967-12-25,74 birch rd,3444,none
4806,greta,mueller,greta mueller,greta.kowalski.3145@mail.test,5558778025,1952-01-15,146 pine ct,3145,household_nonmatch
4807,jennifer,brown,jennifer brown,jennifer.vandyke.3227@mail.test,5558231613,1986-11-20,164 cedar ln,3227,household_nonmatch
4808,patricia,kim,patricia kim,patricia.kim.791@mail.test,5552922967,1962-05-21,51 birch rd,791,none
4809,margaret,kim,margaret kim,margaret.kim.2626@mail.test,5554685571,1991-06-24,189 elm way,2626,near_collision
4810,hans,garcia,hans garcia,hans.garcia.799@mail.test,5557635363,1964-02-14,114 pine ct,799,none
4811,david,patel,david patel,david.patel.3323@mail.test,5554737166,1969-04-17,191 oak st,3323,none
4812, Margaret ,kim, Margaret  kim,MARGARET.KIM.352@MAIL.TEST,5552527282,1961-10-12,170 pine ct,352,case_noise
4813,daniel,jones,daniel jones,daniel.jones.407@mail.test,5556468474,1993-04-13,172 pine ct,407,none
4814,jose,smith,jose smith,jose.smith.1107@mail.test,5558762489,1998-02-05,117 birch rd,1107,none
4815, .,silva, . silva,PATRICIA.SILVA.339@MAIL.TEST,5556686531,1989-05-05,102 maple ave,339,abbrev
4816,katherine,smith,katherine smith,katherine.smith.1801@mail.test,5555696315,1969-09-18,30 oak st,1801,none
4817,margaret,silva,margaret silva,margaret.silva.265@mail.test,5551480660,1993-11-08,72 birch rd,265,none
4818,katherine,kim,katherine kim,katherine.kim.2838@mail.test,5552060458,1984-11-06,32 maple ave,2838,none
4819,daniel,brown,daniel brown,daniel.brown.1411@mail.test,5555819000,1959-01-27,16 cedar ln,1411,none
4820,laura,patel,laura patel,laura.patel.3027@mail.test,5559431215,1986-01-11,38 birch rd,3027,near_collision
4821,elizabeth,smith,elizabeth smith,elizabeth.nguyen.843@mail.test,5551473699,1963-09-05,185 pine ct,843,translit
4822,ann,patel,ann patel,ann.patel.596@mail.test,5554518740,1974-12-21,60 oak st,596,near_collision
4823,jennifer,kim,jennifer kim,jennifer.kim.2346@mail.test,5552094594,1971-03-17,67 oak st,2346,near_collision
4824,susan,nguyen,susan nguyen,susan.nguyen.2870@mail.test,5554718779,1974-11-13,158 elm way,2870,near_collision
4825,william,jones,"jones, william",william.jones.4@mail.test,5555627058,1963-06-11,126 birch rd,4,reorder
4826,michael,garcia,michael garcia,michael.garcia.1471@mail.test,5552732627,1982-02-09,110 pine ct,1471,near_collision
4827,james,mueller,james mueller,james.mueller.117@mail.test,5552159727,1957-11-27,139 maple ave,117,none
4828,patricia,obrien,patricia obrien,patricia.obrien.1804@mail.test,5558057761,1997-08-17,25 oak st,1804,none
4829,michael,smith,michael smith,michael.smith.2827@mail.test,5555332876,1994-05-11,115 maple ave,2827,none
4830,d.,garcia,d. garcia,daniel.garcia.768@mail.test,,1964-08-22,169 maple ave,768,abbrev
4831,elizabeth,murphy,elizabeth murphy,elizabeth.mueller.2562@mail.test,5559094106,1953-08-07,110 cedar ln,2562,household_nonmatch
4832,jennifer,kim,jennifer kim,jennifer.kim.2346@mail.test,5552094594,1971-03-17,67 oak st,2346,typo
4833,ann,brown,ann brown,ann.brown.2382@mail.test,5554623473,1965-01-22,151 cedar ln,2382,none
4834,margaret,silva,"silva, margaret",margaret.silva.262@mail.test,5555659926,1968-03-06,104 maple ave,262,reorder
4835,katherine,kowalski,katherine kowalski,katherine.kowalski.1586@mail.test,5554246049,1983-11-13,196 pine ct,1586,none
4836, Katherine ,mueller, Katherine  mueller,KATHERINE.JOHNSON.31@MAIL.TEST,5554330882,1983-02-15,183 cedar ln,131,case_noise
4837,daniel,smith,daniel smith,daniel.smith.2452@mail.test,5551293552,1957-10-20,140 birch rd,2452,near_collision
4838,thomas,murphy,thomas murphy,thomas.murphy.1920@mail.test,5552838711,1961-01-25,66 elm way,1920,none
4839,james,johnson,james johnson,james.johnson.3090@mail.test,5553008415,1978-12-16,119 oak st,3090,none
4840,laura,kowalski,laura kowalski,laura.kowalski.2607@mail.test,5559831891,1991-05-16,96 maple ave,2607,none
4841,jose,johnson,jose johnson,jose.kim.1483@mail.test,5551766647,1963-12-12,68 birch rd,1483,household_nonmatch
4842,susan,kowalski,susan kowalski,susan.kowalski.1897@mail.test,5556060586,1983-04-27,29 elm way,1897,near_collision
4843,laura,silva,laura silva,laura.silva.2484@mail.test,5552479603,1984-03-10,90 maple ave,2484,none
4844,susan,garcia,susan garcia,susan.garcia.859@mail.test,5559580280,1956-04-17,65 oak st,859,none
4845,patricia,obrien,patricia obrien,patricia.obrien.729@mail.test,5556262588,1990-12-16,171 cedar ln,729,none
4846,susan,nguyen,susan nguyen,susan.nguyen.2601@mail.test,5559893991,1984-10-04,61 maple ave,2601,none
4847,james,garcia,james garcia,james.garcia.2720@mail.test,5553397662,1956-08-05,163 cedar ln,2720,none
4848,sue,jøhnsøn,sue jøhnsøn,susan.johnson.76@mail.test,5558799018,,15 maple ave,76,missing
4849,elizabeth,ngyuen,elizabeth ngyuen,elizabeth.johnson.742@mail.test,5553683787,1971-06-23,184 pine ct,742,typo
4850,ann,garcia,ann garcia,ann.garcia.2914@mail.test,5554519113,1976-03-11,47 cedar ln,2914,none
4851,elizabeth,nguyen,elizabeth nguyen,elizabeth.nguyen.188@mail.test,5554457788,1988-12-06,28 cedar ln,188,none
4852,jennifer,smith,jennifer smith,jennifer.smith.675@mil.test,5557893964,1993-02-02,188 birch rd,675,typo
4853, Charles ,kim, Charles  kim,CHARLES.SMITH.148@MAIL.TEST,5559234602,1980-01-03,99 elm way,148,case_noise
4854,michael,mueller,michael mueller,michael.mueller.662@mail.test,5557493279,1960-11-14,138 elm way,662,none
4855,michael,garcia,michael garcia,michael.garcia.1646@mail.test,5556441040,1961-02-11,45 maple ave,1646,none
4856,james,obrien,james obrien,james.obrien.1612@mail.test,5555882900,1980-04-04,32 birch rd,1612,none
4857,katherine,nguyen,katherine nguyen,katherine.nguyen.204@mail.test,5555312507,1961-10-20,45 birch rd,204,none
4858,david,van dyke,david van dyke,david.vandyke.2100@mail.test,5556882551,1978-06-14,44 oak st,2100,none
4859,william,mueller,william mueller,william.mueller.1516@mail.test,5556989736,1996-07-23,154 cedar ln,1516,none
4860,susan,smith,susan smith,susan.smith.3336@mail.test,5554751241,1973-07-03,51 oak st,3336,none
4861,david,johnson,david johnson,david.johnson.1201@mail.test,5557545289,1955-03-15,89 pine ct,1201,none
4862,william,van dyke,william van dyke,william.vandyke.3010@mail.test,5551232854,1988-06-22,113 maple ave,3010,none
4863,david,murphy,"murphy, david",david.murphy.2121@mail.test,5555549538,1972-12-08,118 maple ave,2121,reorder
4864,william,silva,william silva,william.silva.2196@mail.test,5555517547,1958-02-25,8 oak st,2196,none
4865,thomas,smith,thomas smith,thomas.smith.1934@mail.test,5554555943,1952-02-19,159 cedar ln,1934,none
4866, Daniel ,smith, Daniel  smith,DANIEL.SMITH.1@MIAL.TEST,5552182966,,100 cedar ln,1,missing
4867,laura,jones,laura jones,laura.jones.2252@mail.test,5551508460,1991-09-20,135 pine ct,2252,none
4868,laura,brown,laura brown,laura.brown.3644@mail.test,5554116349,1965-03-16,91 cedar ln,3644,none
4869,margaret,jqhnson,margaret jqhnson,margaret.johnson.211@mail.test,5556935419,1956-04-25,63 elm way,211,typo
4870,margaret,jones,margaret jones,margaret.jones.625@mail.test,5553330559,1950-04-23,66 oak st,625,none
4871,charles,van dyke,charles van dyke,charles.vandyke.2825@mail.test,5551312057,1964-08-15,34 elm way,2825,none
4872,james,patel,james patel,james.patel.1250@mail.test,5558350176,1968-02-13,146 pine ct,1250,none
4873,s.,brown,s. brown,sofia.murphy.290@mail.test,,1978-10-26,149 maple ave,290,missing
4874,sofia,brown,sofia brown,sofia.smith.798@mail.test,5558502858,1951-06-15,116 cedar ln,798,household_nonmatch
4875,thomas,patel,thomas patel,thomas.patel.874@mail.test,5559820707,1978-06-13,38 elm way,874,none
4876,david,obrien,david obrien,david.obrien.1333@mail.test,5558895938,1977-02-05,135 maple ave,1333,near_collision
4877,patricia,padel,"padel, patricia",patricia.patel.743@mail.test,5554961038,1963-09-19,20 oak st,743,reorder
4878,laura,kim,laura kim,laura.kim.1833@mail.test,5558167274,1960-05-18,26 pine ct,1833,none
4879,michael,garcia,michael garcia,michael.garcia.2871@mail.test,5558495618,1992-04-18,63 elm way,2871,none
4880,laura,van dyke,laura van dyke,laura.vandyke.1230@mail.test,5558138218,1970-12-25,8 oak st,1230,near_collision
4881,margaret,patel,margaret patel,margaret.patel.3040@mail.test,5556021760,1977-04-01,192 oak st,3040,none
4882,greta,jones,greta jones,greta.jones.3331@mail.test,5551389976,1970-01-25,167 elm way,3331,near_collision
4883,david,silva,david silva,david.silva.2877@mail.test,5556518489,1995-01-06,170 oak st,2877,none
4884,hans,brown,hans brown,hans.brown.158@mail.test,5554510408,1989-07-20,172 birch rd,158,near_collision
4885,sofia,patel,sofia patel,sofia.patel.2426@mail.test,5552140521,1984-05-04,48 cedar ln,2426,none
4886,laura,brown,laura brown,laura.brown.1908@mail.test,5551272518,1972-10-18,112 cedar ln,1908,none
4887,sofia,kim,sofia kim,sofia.kim.2936@mail.test,5551015187,1964-10-03,136 pine ct,2936,none
4888,james,obrien,james obrien,james.obrien.1243@mail.test,5551942913,1994-08-03,118 birch rd,1243,none
4889,greta,patel,greta patel,greta.patel.122@mail.test,5556922409,1969-09-11,80 pine ct,122,none
4890,katherine,murphy,katherine murphy,katherine.murphy.1063@mail.test,5554760445,1964-01-19,16 elm way,1063,near_collision
4891,greta,brown,greta brown,greta.brown.38@mail.test,5558231613,1967-04-03,164 cedar ln,38,none
4892,thomas,murphy,thomas murphy,thomas.hurphy.2569@mail.test,5558443121,1990-10-21,128 maple ave,2569,typo
4893,greta,obrien,greta obrien,greta.obrien.3345@mail.test,5557357097,1986-02-03,47 oak st,3345,none
4894,laura,kowalski,"kowalski, laura",laura.patel.13@mail.test,5558842053,1951-12-24,102 elm way,13,reorder
4895,jennifer,garcia,jennifer garcia,jennifer.garcia.322@mail.test,5555925814,1955-10-05,119 birch rd,322,none
4896,william,van dyke,william van dyke,william.vandyke.1415@mail.test,5559572033,1980-08-26,53 pine ct,1415,none
4897,margaret,patel,margaret patel,margaret.patel.2925@mail.test,,1980-05-08,122 maple ave,2925,missing
4898,susan,van dyke,susan van dyke,susan.vandyke.534@mail.test,5551829592,1953-06-16,44 maple ave,534,none
4899,william,jones,william jones,william.jones.1618@mail.test,5557193309,1954-09-19,163 elm way,1618,none
4900,greta,nguyen,greta nguyen,greta.nguyen.1688@mail.test,5557240798,1978-05-22,45 elm way,1688,none
4901,susan,obrien,susan obrien,susan.obrien.3001@mail.test,5554036960,1989-12-09,4 elm way,3001,none
4902,ssuan,jones,ssuan jones,susan.jones.59@mail.test,5557849627,1990-09-08,165 pine ct,59,typo
4903,daniel,jones,daniel jones,daniel.jones.724@mail.test,5551493493,1968-06-14,23 cedar ln,724,near_collision
4904,sofia,jones,sofia jones,sofia.johnson.2359@mail.test,5554777426,1972-10-26,49 pine ct,2359,household_nonmatch
4905,sofia,øbrien,sofia øbrien,sofia.obrien.412@mail.test,5554736345,1952-10-03,162 birch rd,412,translit
4906,susan,brown,susan brown,susan.brown.130@mail.test,5553862457,1970-01-23,19 pine ct,130,none
4907,william,mueller,william mueller,william.mueller.3352@mail.test,5557706327,1962-01-21,24 elm way,3352,none
4908,robert,obrien,robert obrien,robert.obrien1841@mail.test,5557896565,1986-08-17,85 birch rd,1841,typo
4909,sofia,smith,sofia smith,sofia.patel.476@mail.test,5551473699,1975-12-02,185 pine ct,476,household_nonmatch
4910, .,garcia, . garcia,,5559910405,1979-10-13,135 oak st,232,missing
4911,katherine,silva,katherine silva,katherine.silva.3009@mail.test,5551935451,1959-04-20,64 maple ave,3009,none
4912,katherine,nguyen,katherine nguyen,katherine.nguyen.2717@mail.test,5559459328,1977-08-08,157 pine ct,2717,none
4913,chuck,murphy,chuck murphy,charles.vandyke.1608@mail.test,5556757453,1953-10-27,169 cedar ln,1608,abbrev
4914,william,silva,william silva,william.silva.270@mail.test,5555310009,1993-07-06,162 oak st,270,near_collision
4915,daniel,silva,daniel silva,daniel.silva.3497@mail.test,5554679255,1989-07-22,97 birch rd,3497,none
4916,susan,murphy,susan murphy,susan.murphy.413@mail.test,5559094106,1991-06-25,110 cedar ln,413,none
4917,peggy,silva,peggy silva,margaret.silva.262@mail.test,5555659926,1968-03-06,104 maple ave,262,abbrev
4918,susan,nguyen,susan nguyen,susan.nguyen.2089@mail.test,5557639272,1955-04-25,79 oak st,2089,none
4919,jose,brown,"brown, jose",jose.brown.1223@mail.test,5551042513,1997-04-06,130 pine ct,1223,reorder
4920,katherine,smith,katherine smith,katherine.smith.2541@mail.test,5551157053,1973-05-18,165 cedar ln,2541,none
4921,elizabeth,garcia,elizabeth garcia,elizabeth.garcia.835@mail.test,5558627809,1952-03-17,62 birch rd,835,none
4922,ann,nguyen,ann nguyen,ann.nguyen.3007@mail.test,5558024517,1989-05-01,114 elm way,3007,none
4923,hans,brown,hans brown,hans.brown.703@mail.test,5553423144,1950-09-11,160 oak st,703,none
4924,ann,patel,ann patel,ann.patel.2385@mail.test,5553923760,1990-06-20,79 cedar ln,2385,none
4925,jose,jones,jose jones,jose.jones.2639@mail.test,5555908153,1952-11-15,65 cedar ln,2639,none
4926,jose,nguyen,jose nguyen,jose.nguyen.2645@mail.test,5554865641,1966-05-16,108 birch rd,2645,none
4927,thomas,mueller,thomas mueller,thomas.mueller.1328@mail.test,5552358933,1960-10-22,101 birch rd,1328,none
4928,susan,smith,susan smith,susan.smith.1670@mail.test,5553540840,1987-04-03,72 birch rd,1670,none
4929,ann,brown,ann brown,ann.brown.1331@mail.test,5558599487,1993-07-02,136 pine ct,1331,none
4930,jennifer,smith,jennifer smith,jennifer.smith.3611@mail.test,5559074595,1985-05-12,18 maple ave,3611,none
4931,margaret,garcia,margaret garcia,margaret.garcia.1481@mail.test,5552053144,1969-07-19,182 oak st,1481,none
4932,katherine,murphy,katherine murphy,katherine.murphy.3211@mail.test,5554604716,1971-11-16,82 maple ave,3211,none
4933,patricia,van dyke,patricia van dyke,patricia.vandyke.3183@mail.test,5556880532,1969-04-12,105 pine ct,3183,none
4934,hans,patel,hans patel,hans.kowalski.3464@mail.test,5556369992,1980-05-08,164 oak st,3464,household_nonmatch
4935,william,kim,william kim,william.kim.3479@mail.test,5559151970,1953-08-08,117 maple ave,3479,none
4936,katherine,nguyen,katherine nguyen,katherine.nguyen.3454@mail.test,5555362793,1951-03-25,158 cedar ln,3454,none
4937,sofia,silva,sofia silva,sofia.silva.621@mail.test,5556891128,1985-04-26,72 cedar ln,621,none
4938,james,jones,james jones,james.jones.3274@mail.test,5554375544,1984-05-03,67 birch rd,3274,none
4939,datid,van dyke,"van dyke, datid",david.vandyke.365@mail.test,5554939285,1968-12-26,30 pine ct,365,reorder
4940,william,smith,william smith,william.smith.251@mail.test,5551795749,1993-02-24,56 maple ave,251,none
4941,katherine,bron,katherine bron,katherine.patel.21@mil.test,5558502858,1992-07-27,116 cedar ln,21,typo
4942,susan,van dyke,susan van dyke,susan.vandyke.36@mail.test,5557901731,1986-11-14,26 cedar ln,36,none
4943,katherine,silva,katherine silva,katherine.silva.2655@mail.test,5558701763,1970-05-20,53 elm way,2655,none
4944,james,nguyen,james nguyen,james.garcia.3280@mail.test,5557240798,1958-12-21,45 elm way,3280,household_nonmatch
4945,sofia,jones,sofia jones,sofia.jones.2918@mail.test,5553869388,1980-07-25,23 cedar ln,2918,near_collision
4946,daniel,brown,daniel brown,daniel.brown.1044@mail.test,5551966220,1953-05-21,152 pine ct,1044,none
4947, Robert ,jones, Robert  jones,ROBERT.JONES.617@MAIL.TEST,5559479970,1960-04-10,4 cedar ln,617,case_noise
4948, .,brown, . brown,KATHERINE.SILVA.285@MAIL.TEST,5558502858,1966-12-06,116 cedar ln,285,abbrev
4949,james,nguyen,james nguyen,james.nguyen.26@mail.test,5553683787,1966-08-11,184 pine ct,26,none
4950,thomas,garfia,"garfia, thomas",thomas.garcia.114@mail.test,5554847356,1986-11-11,43 birch rd,114,reorder
4951,dvid,silva,dvid silva,david.smith.3329@mail.test,5558273881,1991-04-06,24 birch rd,3329,typo
4952,hans,smith,hans smith,hans.smith.1898@mail.test,5555184102,1970-02-07,31 oak st,1898,none
4953,jennifer,smith,jennifer smith,jennifer.smith.675@mail.test,5557893964,1993-02-02,188 birch rd,675,near_collision
4954,katherine,brown,katherine brown,katherine.brown.1740@mail.test,5559343852,1991-08-21,146 cedar ln,1740,none
4955,greta,køwalski,greta køwalski,greta.kowalski.320@mail.test,5551834570,1979-03-10,67 maple ave,320,translit
4956,greta,jones,greta jones,greta.jones.904@mail.test,5551643131,1977-02-22,154 cedar ln,904,none
4957,charles,kim,charles kim,charles.smith.14k@mail.test,5559234602,1980-01-03,99 elm way,148,typo
4958,robert,jones,robert jones,robert.jones.63@mail.test,5555084950,1982-06-06,144 birch rd,63,none
4959,patricia,patel,patricia patel,patricia.patel.2057@mail.test,5559255093,1967-01-18,149 birch rd,2057,none
4960,hans,mueller,hans mueller,hans.mueller.2018@mail.test,5556002218,1964-07-01,77 oak st,2018,none
4961,katherine,patel,"patel, katherine",katherine.patel.37@mail.test,5556484007,1988-02-13,128 maple ave,37,reorder
4962,hans,van dyke,hans van dyke,hans.vandyke.2160@mail.test,5557033248,1982-06-04,54 cedar ln,2160,near_collision
4963,jose,silva,jose silva,jose.silva.1775@mail.test,5554332326,1987-05-22,124 maple ave,1775,none
4964,susan,øbrien,susan øbrien,susan.obrien.856@mail.test,5554896927,1990-11-26,75 cedar ln,856,translit
4965,patricia,patel,patricia patel,patricia.patel.143@mail.test,5551512539,1969-06-05,108 maple ave,143,translit
4966,jose,jones,jose jones,jose.jones.883@mail.test,5556124349,1955-07-08,173 oak st,883,none
4967,greta,nguyen,greta nguyen,greta.nguyen.840@mail.test,5554430882,1995-08-03,167 maple ave,840,none
4968,katherine,obrien,katherine obrien,katherine.obrien.569@mail.test,5557134426,1978-08-24,6 maple ave,569,near_collision
4969,katherine,jones,katherine jones,katherine.jones.222@mail.test,5554793646,1972-11-13,74 pine ct,222,none
4970,jose,kowalski,jose kowalski,jose.kowalski.3196@mail.test,5559091229,1951-09-09,61 oak st,3196,none
4971, Ann ,garcia, Ann  garcia,ANN.GARCIA.2583@MAIL.TEST,5551115104,1958-12-06,99 cedar ln,2583,case_noise
4972,robert,brown,robert brown,robert.brown.3567@mail.test,5554907030,1952-01-22,162 birch rd,3567,none
4973, Robert ,garcia, Robert  garcia,ROBERT.GARCIA.2075@MAIL.TEST,5554834439,1963-01-15,69 oak st,2075,case_noise
4974,david,garcia,david garcia,david.garcia.3109@mail.test,5557522216,1957-12-18,143 elm way,3109,none
4975,charles,patel,charles patel,charles.murphy.853@mail.test,5554984429,1956-11-23,2 cedar ln,853,household_nonmatch
4976,ann,nguyen,ann nguyen,ann.mueller.2834@mail.test,5553683787,1970-05-21,184 pine ct,2834,household_nonmatch
4977,ann,patel,ann patel,ann.patel.976@mail.test,5552496006,1971-03-07,35 cedar ln,976,near_collision
4978,elizabeth,garcia,elizabeth garcia,elizabeth.garcia.2748@mail.test,5559043353,1955-05-23,8 birch rd,2748,none
4979,sofia,silva,sofia silva,sofia.silva.2260@mail.test,5559194377,1966-02-19,143 pine ct,2260,none
4980,david,køwalski,david køwalski,david.kowalski.422@mail.test,5551295774,1958-04-16,95 elm way,422,translit
4981,charles,brown,charles brown,charles.brown.1662@mail.test,5553025250,1980-11-20,152 birch rd,1662,none
4982,grena,silva,grena silva,greta.silva.358@mail.test,,1996-04-18,88 maple ave,358,missing
4983,susan,garcia,susan garcia,susan.garcia.284@mail.test,5557315309,1965-02-25,139 elm way,284,none
4984,elizabeth,smith,elizabeth smith,elizabeth.smith.1058@mail.test,5558009330,1997-11-07,17 maple ave,1058,none
4985,michael,smith,michael smith,michael.smith.792@mail.test,5558870155,1998-10-02,59 elm way,792,none
4986,sofia,mueller,sofia mueller,sofia.mueller.2351@mail.test,5552847074,1965-08-02,182 pine ct,2351,none
4987,margaret,jøhnsn,margaret jøhnsn,margaret.johnson.292@mail.test,5551751758,1974-06-18,43 birch rd,292,translit
4988,susan,johnson,susan johnson,susan.johnson.3252@mail.test,5555161607,1959-08-09,87 elm way,3252,none
4989,jennifer,patel,jennifer patel,jennifer.patel.3237@mail.test,5558785688,1995-05-18,10 elm way,3237,none
4990,laura,smith,laura smith,laura.smith.2659@mail.test,5551514815,1979-02-09,11 birch rd,2659,none
4991,david,kim,david kim,david.kim.1870@mail.test,5558867213,1983-12-25,157 cedar ln,1870,none
4992,charles,brown,charles brown,charles.brown.2363@mail.test,5553036104,1967-10-17,188 pine ct,2363,none
4993,jose,kowalski,jose kowalski,jose.vandyke.996@mail.test,5552676556,1960-05-17,23 maple ave,996,household_nonmatch
4994,william,mueller,william mueller,william.mueller.664@mail.test,5558348485,1992-08-09,23 birch rd,664,none
4995,jose,nguyen,jose nguyen,jose.nguyen.3132@mail.test,5559837109,1976-02-25,113 cedar ln,3132,none
4996,david,jones,david jones,david.jones.1851@mail.test,5553151162,1985-08-18,70 maple ave,1851,none
4997,thomas,garcia,thomas garcia,thomas.garcia.390@mail.test,5558494530,1955-07-26,44 pine ct,390,none
4998,susan,murphy,susan murphy,susan.murphy.458@mail.test,,1995-01-06,160 birch rd,458,missing
4999,james,mueller,james mueller,,5551922428,,160 cedar ln,804,missing
